Namespace,Class Name,Command Name,ignored,portal.acceptance,portal.fixpack.release,portal.release,portal.smoke,portal.upstream,testray.component.names,testray.main.component.name
LocalFile,CPRolesDockbar,PreviewDeviceRegRole,,,,true,,true,"Mobile Web,User Interface",Roles
LocalFile,GroovyScript,ExecuteScriptWithEmbeddedHTML,,,,true,,true,,Server Administration
LocalFile,GroovyScript,ExecuteScriptWithLiferayClasses,,true,,true,,true,,Server Administration
LocalFile,GroovyScript,ExecuteScriptWithPredefinedVariables,,,,true,,true,,Server Administration
LocalFile,GroovyScript,ExecuteSimpleScript,,true,,true,,true,,Server Administration
LocalFile,Serveradministration,ViewGlobalLibDirectory,,,,true,,true,,Server Administration
LocalFile,Serveradministration,ViewSystemAndPortalProperties,,,,true,,true,,Server Administration
LocalFile,CPRolesCPUsergroups,AddUserGroupRegRole,,,,true,,true,,Roles
LocalFile,CPRolesCPUsersandorganizations,AddOrganizationRegRole,,,,true,,true,,Roles
LocalFile,CPRolesCPUsersandorganizations,AddUserRegRole,,,,true,,true,,Roles
LocalFile,CPRolesCPRoles,AddOrganizationRoleRegRole,,,,true,,true,Roles,Roles
LocalFile,CPRolesCPRoles,AddRegularRoleRegRole,,,,true,,true,Roles,Roles
LocalFile,CPRolesCPRoles,AddSiteRoleRegRole,,,,true,,true,Roles,Roles
LocalFile,CPRoles,AssertRoleTitleNotRequired,,,,true,,true,,Roles
LocalFile,CPRoles,AssignExistingSegmentToRegularRole,,,,true,,true,,Roles
LocalFile,CPRoles,AssignNewSegmentToRegularRole,,,,true,,true,,Roles
LocalFile,CPRoles,AssignUserToRegularRole,,true,,true,,true,,Roles
LocalFile,CPRoles,DeleteOrganizationRole,,true,,true,,true,Training,Roles
LocalFile,CPRoles,DeleteRegularRole,,true,,true,,true,,Roles
LocalFile,CPRoles,DeleteSiteRole,,true,,true,,true,,Roles
LocalFile,CPRoles,RemoveSegmentFromRegularRole,,,,true,,true,,Roles
LocalFile,BundleBlacklist,BlacklistComponent,,,,true,,true,,Bundle Blacklist
LocalFile,BundleBlacklist,BlacklistModuleBundleSymbolicName,,true,,true,,true,,Bundle Blacklist
LocalFile,BundleBlacklist,BlacklistModuleLPKG,,true,,true,,true,,Bundle Blacklist
LocalFile,BundleBlacklist,BlacklistModuleWar,,,,true,,true,,Bundle Blacklist
LocalFile,BundleBlacklist,ExportBundleBlacklistConfig,,,,true,,true,,Bundle Blacklist
LocalFile,FriendlyURL,VerifyFriendlyURLsOnlyDisplayLocaleOnce,,,,true,,true,,Friendly URL
LocalFile,FriendlyURL,ViewCanonicalURLWithLocalizedFriendlyURL,,quarantine,,true,,quarantine,,Friendly URL
LocalFile,FriendlyURL,ViewFriendlyURLWithSharedLocalesButDifferentLanguages,,,,true,,true,,Friendly URL
LocalFile,FriendlyURL,ViewFriendlyURLWithUnicodeChars,,,,true,,true,,Friendly URL
LocalFile,PortalContextPath,Smoke,,true,,,,,,Deployment
LocalFile,ContactsCenter,Smoke,,,,true,,true,,Contacts Center
LocalFile,VirtualInstances,AddPortalInstance,,,,true,,true,,Virtual Instances
LocalFile,VirtualInstances,DeletePortalInstance,,,,true,,true,,Virtual Instances
LocalFile,VirtualInstances,PermissionCheckPortalInstances,,,,true,,true,,Virtual Instances
LocalFile,VirtualInstances,ViewDeactivatedPortalInstance,,,,true,,helloworld,,Virtual Instances
LocalFile,VirtualInstances,ViewVirtualHostPrivateSitePage,true,,,true,,true,,Virtual Instances
LocalFile,VirtualInstances,ViewVirtualInstanceInheritsSystemSettings,,,,true,,true,,Virtual Instances
LocalFile,MobileDeviceFamiliesSmoke,Smoke,,,,true,,true,,Mobile Device Rules
LocalFile,CPUsergroups,AddMember,,,,true,,true,,User Groups
LocalFile,CPUsergroups,AddUserGroupNameDuplicate,,,,true,,true,,User Groups
LocalFile,CPUsergroups,AddUserGroupNameWithInvalidCharacters,,,,true,,true,,User Groups
LocalFile,CPUsergroups,AddUserGroups,,true,,true,,true,,User Groups
LocalFile,CPUsergroups,DeleteUserGroup,,true,,true,,true,,User Groups
LocalFile,CPUsergroups,DeleteUserGroupWithMemberAssigned,,,,true,,true,,User Groups
LocalFile,CPUsergroups,EditUserGroup,,true,,true,,true,,User Groups
LocalFile,CPUsergroups,RemoveMember,,true,,true,,true,,User Groups
LocalFile,CPUsergroups,SearchCurrentMembersAssignedToUserGroup,,true,,true,,true,,User Groups
LocalFile,CPUsergroups,Smoke,,true,,true,,true,,User Groups
LocalFile,SetupWizardHSQL,HSQLtoHSQLLportal1SampleDataDisabled,,,,true,,true,Training,Setup Wizard
LocalFile,SetupWizardHSQL,HSQLtoHSQLLportal1SampleDataEnabled,,,,true,,true,Training,Setup Wizard
LocalFile,SetupWizardHSQL,HSQLtoMariaDB,,,,true,,true,Training,Setup Wizard
LocalFile,SetupWizardHSQL,HSQLtoMariaDBSampleDataEnabled,,,,true,,true,Training,Setup Wizard
LocalFile,SetupWizardHSQL,HSQLtoMySQLSampleDataEnabled,,,,true,,true,Training,Setup Wizard
LocalFile,SetupWizardHSQL,HSQLtoPostgreSQL,,,,true,,true,Training,Setup Wizard
LocalFile,SetupWizardHSQL,HSQLtoPostgreSQLSampleDataEnabled,,,,true,,true,Training,Setup Wizard
LocalFile,SetupWizard,BasicConfigurationVisualLook,,,,true,,true,,Setup Wizard
LocalFile,SetupWizard,HypersonicToMySQL,,,,true,,helloworld,,Setup Wizard
LocalFile,SetupWizard,HypersonicWithSpecialContent,,,,true,,helloworld,,Setup Wizard
LocalFile,SetupWizard,ViewConfiguredSetupWizardValue,,,,true,,true,,Setup Wizard
LocalFile,IPAddress,RunPortalOnIPV6,true,false,,true,,true,,IP Address
LocalFile,DatabasePartitioning,AddMultipleCompanies,,,,true,,true,,Database Partitioning
LocalFile,DatabasePartitioning,AddNewCompany,,true,,true,,true,,Database Partitioning
LocalFile,DatabasePartitioning,AddNewCompanyWithCluster,,,,true,,true,,Database Partitioning
LocalFile,SetupWizardMySQL,MySQLtoMySQLEditedAdministratorUser,,,,true,,true,,Setup Wizard
LocalFile,GogoShell,AccessGogoShellCommandViaPortlet,,true,,true,,true,,Gogo Shell
LocalFile,GogoShell,GogoShellCommandDisconnectNotSupported,,,,true,,true,,Gogo Shell
LocalFile,GogoShell,GogoShellPortletOnlyOnMainInstance,,,,true,,true,,Gogo Shell
LocalFile,GogoShell,OmniAdminCanAccessGogoShellCommandViaPortlet,,,,true,,true,,Gogo Shell
LocalFile,GogoShell,SiteAdminCannotAccessGogoShellPortlet,,,,true,,true,,Gogo Shell
LocalFile,AppManagement,ActivateAppAfterUninstall,true,,,true,,true,,App Management
LocalFile,AppManagement,DeactivateAndActivateAdaptiveMedia,,,,true,,true,,Adaptive Media
LocalFile,AppManagement,DeactivateAndActivateAssetLibraries,,,,true,,true,,Depot
LocalFile,AppManagement,DeactivateAndActivateBlogs,,,,true,,true,,Blogs
LocalFile,AppManagement,DeactivateAndActivateComment,,,,true,,true,,Content Page Review
LocalFile,AppManagement,DeactivateAndActivateDocumentLibraryOpener,,,,true,,true,,Documents Management
LocalFile,AppManagement,DeactivateAndActivateKnowledgeBase,,,,true,,true,,Knowledge Base
LocalFile,AppManagement,DeactivateAndActivateMessageBoards,,,,true,,true,,Message Boards
LocalFile,AppManagement,DeactivateAndActivateNotifications,,,,true,,true,,Notifications
LocalFile,AppManagement,DeactivateAndActivateQuestions,,,,true,,true,,Questions
LocalFile,AppManagement,DeactivateAndActivateRatings,,,,true,,true,,Ratings
LocalFile,AppManagement,DeactivateAndActivateSharing,,,,true,,true,,Asset Sharing
LocalFile,AppManagement,DeactivateAndActivateTranslation,,,,true,,true,,Translations Management
LocalFile,AppManagement,DeactivateAndActivateWiki,,,,true,,true,,Wiki
LocalFile,AppManagement,InstallViaUpload,,,,true,,true,,App Management
LocalFile,AppManagement,UninstallApp,,,,true,,true,,App Management
LocalFile,AppManagement,ViewBreadcrumbForNestedFolders,,,,true,,true,,App Management
LocalFile,AppManagement,ViewLicenseManager,,,,true,,true,,App Management
LocalFile,AppManagement,ViewNotInNonDefaultInstance,,,,true,,true,,App Management
LocalFile,SetupWizardHSQLEE,HSQLtoDB2,,,,true,,true,Training,Setup Wizard
LocalFile,SetupWizardHSQLEE,HSQLtoDB2SampleDataEnabled,,,,true,,true,Training,Setup Wizard
LocalFile,SetupWizardHSQLEE,HSQLtoOracle,,true,,true,,true,Training,Setup Wizard
LocalFile,SetupWizardHSQLEE,HSQLtoOracleSampleDataEnabled,,,,true,,true,Training,Setup Wizard
LocalFile,SetupWizardHSQLEE,HSQLtoSQLServer,,true,,true,,true,Training,Setup Wizard
LocalFile,SetupWizardHSQLEE,HSQLtoSQLServerSampleDataEnabled,,,,true,,true,Training,Setup Wizard
LocalFile,SetupWizardHSQLEE,HSQLtoSybase,,,,true,,true,Training,Setup Wizard
LocalFile,SetupWizardHSQLEE,HSQLtoSybaseSampleDataEnabled,,,,true,,true,Training,Setup Wizard
LocalFile,CPCustomfields,AddCustomFieldsSmoke,,,,false,,true,,Custom Fields
LocalFile,CPCustomfields,AddCustomFieldUserTextField,,,,true,,true,,Custom Fields
LocalFile,CPCustomfields,EditCustomFieldUserTextField,,true,,true,,true,,Custom Fields
LocalFile,CPCustomfields,EditRevertCustomFieldWikiPage,,,,true,,true,,Custom Fields
LocalFile,CPCustomfields,UpdateDocumentWithCustomField,,,,true,,true,,Custom Fields
LocalFile,GDPR,AnonymizeAllEntries,,,,true,,true,,Personal Data
LocalFile,GDPR,AnonymizeEntryFromApplication,,,,true,,true,,Personal Data
LocalFile,GDPR,DeleteEntryFromApplication,,,,true,,true,,Personal Data
LocalFile,GDPR,DeleteEntryFromInstanceScope,,,,true,,true,,Personal Data
LocalFile,GDPR,DeleteEntryFromPersonalSiteScope,,,,true,,true,,Personal Data
LocalFile,GDPR,DeleteEntryFromRegularSitesScope,,,,true,,true,,Personal Data
LocalFile,GDPR,EditEntryFromApplication,,,,true,,true,,Personal Data
LocalFile,GDPR,ExportAllEntries,,,,true,,true,,Personal Data
LocalFile,AlloyShowcase,ButtonSmoke,,,,true,,true,,Liferay Faces
LocalFile,AlloyShowcase,DataListSmoke,,,,true,,true,,Liferay Faces
LocalFile,AlloyShowcase,DataTableSmoke,,,,true,,true,,Liferay Faces
LocalFile,AlloyShowcase,InputFileSmoke,,,,true,,true,,Liferay Faces
LocalFile,AlloyShowcase,LinkSmoke,,,,true,,true,,Liferay Faces
LocalFile,OSGiLocalizationjahook,LocalizationJAHookSmoke,,,,false,,true,,Localization Hooks
LocalFile,OSGiLocalizationzhhook,LocalizationZHHookSmoke,,,,false,,true,,Localization Hooks
LocalFile,PortalLogging,Smoke,,true,,true,false,true,,Smoke
LocalFile,Personalmenu,ConfigureLookAndFeelCurrentSiteAndMyDashboard,,,,true,,true,,Users and Organizations
LocalFile,Personalmenu,ConfigureShowInControlMenu,,,,true,,true,,Users and Organizations
LocalFile,Personalmenu,EnableStaging,,,,true,,true,,Users and Organizations
LocalFile,Personalmenu,NavigateToMySites,,,,true,,true,,Users and Organizations
LocalFile,Personalmenu,RenderAppsWithCurrentTheme,,,,true,,true,,Users and Organizations
LocalFile,Personalmenu,UpdateAddressFromUserProfile,,,,true,,true,,Users and Organizations
LocalFile,Personalmenu,UpdateUserInformation,,,,true,,true,,Users and Organizations
LocalFile,Personalmenu,UpdateUserPortrait,,,,true,,true,,Users and Organizations
LocalFile,Personalmenu,ViewMyAccountUser,,,,true,,true,,Users and Organizations
LocalFile,Personalmenu,ViewMyAccountUserViaURL,,,,true,,true,,Users and Organizations
LocalFile,Personalmenu,ViewMyAccountViaSignInPortlet,,,,true,,true,,Users and Organizations
LocalFile,Personalmenu,ViewMyOrganizations,,,,true,,true,,Users and Organizations
LocalFile,Personalmenu,ViewNoMyDashboardMyProfileLink,,,,true,,true,,Users and Organizations
LocalFile,DXPLicense,LiferayDXPLicenseExpire,,,,true,,false,,License
LocalFile,FileInstall,CustomizeFileFilter,,,,true,,true,,File Install
LocalFile,FileInstall,CustomizeNewWatchedDirectory,,,,true,,true,,File Install
LocalFile,FileInstall,CustomizeRecursiveSubdirectoryMode,,,,true,,true,,File Install
LocalFile,FileInstall,CustomizeSkipSubdirectoryMode,,,,true,,true,,File Install
LocalFile,FileInstall,InstallOSGiConfigWithHiddenFile,,,,true,,true,,File Install
LocalFile,FileInstall,UninstallJarOffline,,,,true,,true,,File Install
LocalFile,FileInstall,UninstallWarOffline,,,,true,,true,,File Install
LocalFile,InstanceSettings,AssertEmailVerificationIsRequiredByDefault,,,,true,,true,,Instance Settings
LocalFile,InstanceSettings,EditDefaultUserAssociationsOrganizationSites,,,,true,,true,,Instance Settings
LocalFile,InstanceSettings,EditDefaultUserAssociationsRoles,,,,true,,true,,Instance Settings
LocalFile,InstanceSettings,EditDefaultUserAssociationsSites,,,,true,,true,,Instance Settings
LocalFile,InstanceSettings,EditDefaultUserAssociationsUserGroups,,,,true,,true,,Instance Settings
LocalFile,InstanceSettings,EnterReservedEmailAddress,,true,,true,,true,,Instance Settings
LocalFile,InstanceSettings,EnterReservedScreenName,,true,,true,,true,,Instance Settings
LocalFile,InstanceSettings,ViewContentSharingDisabledAcrossSitesViaAP,,,,true,,true,,Instance Settings
LocalFile,InstanceSettings,ViewContentSharingEnabledAcrossSitesViaAP,,,,true,,true,,Instance Settings
LocalFile,InstanceSettings,ViewDefaultUserAssociations,,,,true,,true,,Instance Settings
LocalFile,InstanceSettings,ViewEmailNotificationsAccountCreatedNotification,,,,true,,true,,Instance Settings
LocalFile,InstanceSettings,ViewEmailNotificationsPasswordChangedNotification,,,,true,,true,,Instance Settings
LocalFile,InstanceSettings,ViewEmailNotificationsSender,,,,true,,true,,Instance Settings
LocalFile,InstanceSettings,ViewSystemSettingsSavedByKeyboard,,,,true,,true,,Instance Settings
LocalFile,PortalShowcase,InputRichTextSmoke,,,,true,,true,,Liferay Faces
LocalFile,SearchUpgrade,ViewClassicSearchPortletConfigurationArchive704,,,,true,,quarantine,,Upgrades Search
LocalFile,SearchUpgrade,ViewClassicSearchPortletConfigurationArchive713,,,,true,,quarantine,,Upgrades Search
LocalFile,SearchUpgrade,ViewClassicSearchPortletConfigurationArchive720,,,,true,,quarantine,,Upgrades Search
LocalFile,SearchUpgrade,ViewClassicSearchPortletConfigurationArchive721,,,,true,,quarantine,,Upgrades Search
LocalFile,SearchUpgrade,ViewClassicSearchPortletConfigurationArchive730,,,,true,,quarantine,,Upgrades Search
LocalFile,SearchUpgrade,ViewClassicSearchPortletConfigurationArchive7110,,,,true,,quarantine,,Upgrades Search
LocalFile,SearchUpgrade,ViewClassicSearchPortletConfigurationArchive7210,,,,true,,quarantine,,Upgrades Search
LocalFile,SearchUpgrade,ViewClassicSearchPortletConfigurationArchive70106,,,,true,,quarantine,,Upgrades Search
LocalFile,SearchUpgrade,ViewClassicSearchPortletConfigurationArchive72101,,,,true,,quarantine,,Upgrades Search
LocalFile,SearchUpgrade,ViewClassicSearchPortletConfigurationArchiveAutoUpgrade721,,,,true,,quarantine,,Upgrades Search
LocalFile,SearchUpgrade,ViewClassicSearchPortletConfigurationArchiveAutoUpgrade730,,,,true,,quarantine,,Upgrades Search
LocalFile,SearchUpgrade,ViewClassicSearchPortletConfigurationArchiveAutoUpgrade7110,,,,true,,quarantine,,Upgrades Search
LocalFile,SearchUpgrade,ViewClassicSearchPortletConfigurationArchiveAutoUpgrade7210,,,,true,,quarantine,,Upgrades Search
LocalFile,SearchUpgrade,ViewClassicSearchPortletConfigurationArchiveAutoUpgrade70106,,,,true,,quarantine,,Upgrades Search
LocalFile,SearchUpgrade,ViewClassicSearchPortletConfigurationArchiveAutoUpgrade72101,,,,true,,quarantine,,Upgrades Search
LocalFile,SearchUpgrade,ViewSearchPortletsConfigurationArchive713,,,,true,,quarantine,,Upgrades Search
LocalFile,SearchUpgrade,ViewSearchPortletsConfigurationArchive720,,,,true,,quarantine,,Upgrades Search
LocalFile,SearchUpgrade,ViewSearchPortletsConfigurationArchive721,,,,true,,quarantine,,Upgrades Search
LocalFile,SearchUpgrade,ViewSearchPortletsConfigurationArchive730,,,,true,,quarantine,,Upgrades Search
LocalFile,SearchUpgrade,ViewSearchPortletsConfigurationArchive7110,,,,true,,quarantine,,Upgrades Search
LocalFile,SearchUpgrade,ViewSearchPortletsConfigurationArchive7210,,,,true,,quarantine,,Upgrades Search
LocalFile,SearchUpgrade,ViewSearchPortletsConfigurationArchive72101,,,,true,,quarantine,,Upgrades Search
LocalFile,SearchUpgrade,ViewSearchPortletsConfigurationArchiveAutoUpgrade721,,,,true,,quarantine,,Upgrades Search
LocalFile,SearchUpgrade,ViewSearchPortletsConfigurationArchiveAutoUpgrade730,,,,true,,quarantine,,Upgrades Search
LocalFile,SearchUpgrade,ViewSearchPortletsConfigurationArchiveAutoUpgrade7110,,,,true,,quarantine,,Upgrades Search
LocalFile,SearchUpgrade,ViewSearchPortletsConfigurationArchiveAutoUpgrade7210,,,,true,,quarantine,,Upgrades Search
LocalFile,SearchUpgrade,ViewSearchPortletsConfigurationArchiveAutoUpgrade72101,,,,true,,quarantine,,Upgrades Search
LocalFile,UsergroupsUsecase,ExportUserGroupMembers,,,,true,,true,,User Groups
LocalFile,UsergroupsUsecase,UserGroupRegularRolePermissions,,,,true,,true,,User Groups
LocalFile,UsergroupsUsecase,UserGroupSiteOwnerPermissions,,,,true,,true,,User Groups
LocalFile,UsergroupsUsecase,UserGroupSiteTemplates,,,,true,,true,,User Groups
LocalFile,UsergroupsUsecase,ViewUserGroupPermissionsNoAsUser,,,,true,,true,,User Groups
LocalFile,UsergroupsUsecase,ViewUserGroupSiteRoleInline,,,,true,,true,,User Groups
LocalFile,AntiSamy,AssertNoWikiJavascript,,,,true,,quarantine,,AntiSamy
LocalFile,AntiSamy,AssertSpecificRulesWorksForModel,,,,true,,true,,AntiSamy
LocalFile,AntiSamy,AssertWebContentJavascript,,,,true,,quarantine,,AntiSamy
LocalFile,PasswordpoliciesUsecase,InvalidResetPasswordInputAfterMailLink,,,,true,,true,,Password Policies
LocalFile,PasswordpoliciesUsecase,LoginUserAfterPasswordPolicyChanged,,,,true,,true,,Password Policies
LocalFile,PasswordpoliciesUsecase,ViewInvalidPasswordChangeSyntax,,,,true,,true,,Password Policies
LocalFile,PasswordpoliciesUsecase,ViewInvalidRegularExpressionMessage,,,,true,,true,,Password Policies
LocalFile,PasswordpoliciesUsecase,ViewPasswordChangeableAndChangeRequired,,,,true,,true,,Password Policies
LocalFile,PasswordpoliciesUsecase,ViewUserAccountExpired,,,,true,,true,,Password Policies
LocalFile,PasswordpoliciesUsecase,ViewUserAccountLockout,,true,,true,,true,,Password Policies
LocalFile,PasswordpoliciesUsecase,ViewUserAccountLockoutviaOrganizationPasswordPolicy,,,,true,,true,,Password Policies
LocalFile,SessionTimeout,RedirectOnExpire,,,,true,,true,,Login
LocalFile,SessionTimeout,RememberMeChecked,,,,true,,true,,Login
LocalFile,Captcha,ViewCaptchaEnabled,,,,true,,true,,CAPTCHA
LocalFile,Captcha,ViewRecaptchaEnabled,,,,true,,true,,CAPTCHA
LocalFile,JSFSignInAndPrimeFacesUsers,PrimeFacesUsersSmoke,,,,true,,true,,Liferay Faces
LocalFile,Locale,AddFormWithSpanishAsOnlyLocale,,,,true,,true,,Locale
LocalFile,Locale,ChangesToInstanceTimeZoneDoNotPropagateToExistingUsers,,true,,true,,true,,Locale
LocalFile,Locale,GuestUserViewSiteChangedLocalePersistsFriendlyURL,true,true,,true,,true,,Locale
LocalFile,Locale,RestrictAvailableLocales,,,,true,,true,,Locale
LocalFile,Locale,RestrictDefaultLocale,,true,,true,,true,,Locale
LocalFile,Locale,RestrictEnabledLocales,,,,true,,true,,Locale
LocalFile,Locale,VerifyFriendlyURLRedirectToEnableDefualtLocale,,,,true,,helloworld,,Locale
LocalFile,Locale,ViewDefaultAvailableTimeZonesForInstancesAndUsers,,,,true,,true,,Locale
LocalFile,Locale,ViewDefaultEnabledLocales,,,,true,,true,,Locale
LocalFile,Locale,ViewSiteLocaleWithoutUserPreferredLocale,,true,,true,,true,,Locale
LocalFile,Locale,ViewUserPreferredLocale,,true,,true,,true,,Locale
LocalFile,Locale,ViewUserPreferredLocalePersistsFriendlyURL,true,true,,true,,true,,Locale
LocalFile,LDAP,ImportLDAPUserWithBlankPassword,,,,true,,quarantine,,LDAP
LocalFile,LDAP,ResetFieldsValueForImportedLDAPUser,,,,true,,quarantine,,LDAP
LocalFile,LDAP,ViewHiddenSecurityCredential,,,,true,,true,,LDAP
LocalFile,LDAP,ViewLDAPInstanceSettingsDoNotAffectSystemSettings,,,,true,,true,,LDAP
LocalFile,Permissions,ViewBlogsPortletAsGuestPG,,false,,true,,true,,Permissions
LocalFile,Permissions,ViewNoDisplayPortletConfigurationPermission,,,,true,,true,,Permissions
LocalFile,ServiceAccessPolicy,ServiceAccessPolicySmoke,,,,true,,true,,Security
LocalFile,LDAPUpgrade,ViewLDAPConfigurationAfterUpgrade713,,,,true,,true,LDAP,Upgrades Security
LocalFile,LDAPUpgrade,ViewLDAPConfigurationAfterUpgrade721,,,,true,,true,LDAP,Upgrades Security
LocalFile,LDAPUpgrade,ViewLDAPConfigurationAfterUpgrade71103,,,,true,,true,LDAP,Upgrades Security
LocalFile,LDAPUpgrade,ViewLDAPConfigurationAfterUpgrade72101,,,,true,,true,LDAP,Upgrades Security
LocalFile,SecurityUsecase,CreateUserViaJSONWSAPIUI,,,,true,,true,,Security
LocalFile,SecurityUsecase,EscapeUrlRedirectWithGroovyScript,,,,true,,true,,Security
LocalFile,SecurityUsecase,NoPermissionFromUnauthorizedURLAsPowerUser,,,,true,,true,,Security
LocalFile,SecurityUsecase,UserCanAccessPermissionsWindowWithPermissionFromAdmin,,,,true,,true,,Security
LocalFile,SecurityUsecase,ValidateCannotOverwriteOSGiServiceIdentifier,,true,,true,,true,,Security
LocalFile,SecurityUsecase,ValidateCannotStealAdminAccount,,,,true,,true,,Security
LocalFile,SecurityUsecase,ValidateForwardURLPG,,true,,true,,true,,Security
LocalFile,SecurityUsecase,ValidateNoLARRemoteCodeExecution,,,,true,,true,,Security
LocalFile,SecurityUsecase,ValidateViewPermissionCanNotUpdateOtherUsersPassword,,,,true,,true,,Security
LocalFile,SecurityUsecase,ViewJSLoaderModulesURLNoWiki,,,,true,,true,,Security
LocalFile,SecurityUsecase,ViewNoInvokedPortletViaURL,,true,,true,,true,,Security
LocalFile,OAuth2Upgrade,ViewOAuth2ApplicationInInstanceLevelAfterUpgrade713,,,,true,,true,OAuth 2,Upgrades Security
LocalFile,OAuth2Upgrade,ViewOAuth2ApplicationInInstanceLevelAfterUpgrade720,,,,true,,true,OAuth 2,Upgrades Security
LocalFile,OAuth2Upgrade,ViewOAuth2ApplicationInInstanceLevelAfterUpgrade71103,,,,true,,true,OAuth 2,Upgrades Security
LocalFile,OAuth2Upgrade,ViewOAuth2ApplicationInInstanceLevelAfterUpgrade72101,,,,true,,true,OAuth 2,Upgrades Security
LocalFile,OAuth2Upgrade,ViewOAuth2ApplicationInSystemLevelAfterUpgrade713,,,,true,,true,OAuth 2,Upgrades Security
LocalFile,OAuth2Upgrade,ViewOAuth2ApplicationInSystemLevelAfterUpgrade720,,,,true,,true,OAuth 2,Upgrades Security
LocalFile,OAuth2Upgrade,ViewOAuth2ApplicationInSystemLevelAfterUpgrade71103,,,,true,,true,OAuth 2,Upgrades Security
LocalFile,OAuth2Upgrade,ViewOAuth2ApplicationInSystemLevelAfterUpgrade72101,,,,true,,true,OAuth 2,Upgrades Security
LocalFile,TestCacheConfigurationPortlet,ViewCacheConfiguration,true,,,true,,true,,Test Plugins
LocalFile,CORSUpgrade,ViewPortalCORSAfterUpgrade72101,,,,true,,true,Security,Upgrades Security
LocalFile,CORSUpgrade,ViewWebContextsCORSAfterUpgrade72101,,,,true,,true,Security,Upgrades Security
LocalFile,TestEventPortlet,ViewEvent,,,,true,,true,,Test Plugins
LocalFile,TestJSRPortlet,ViewJSR,,,,true,,true,,Test Plugins
LocalFile,ClassicSearch,SearchByAssetAndModifiedRangeFacets,,,,true,,true,,Web Search
LocalFile,ClassicSearch,SearchByPermission,,,,true,,true,,Web Search
LocalFile,ClassicSearch,SearchByUserFacet,,,,true,,true,,Web Search
LocalFile,ClassicSearch,SearchTwiceScopeEverything,,,,true,,true,,Web Search
LocalFile,ClassicSearch,SearchTwiceScopeLetUserChoose,,,,true,,true,,Web Search
LocalFile,ClassicSearch,SearchTwiceScopeThisSite,,,,true,,true,,Web Search
LocalFile,ClassicSearch,ViewSearchResultForLongURL,,,,true,,true,,Web Search
LocalFile,TestLogPortlet,ViewLog,,,,true,,true,,Test Plugins
LocalFile,TestOpensocialPublisherSubscriberPortlet,ViewPublisherSubscriber,,,,true,,true,,Test Plugins
LocalFile,Elasticsearch7,AssertIndexOnStartup,,,,true,,true,,Elasticsearch Impl
LocalFile,Elasticsearch7,AssertSearchAdmin,,,,true,,true,,Elasticsearch Impl
LocalFile,Elasticsearch7,AssertSearchInsightsExplain,,,,true,,true,,Elasticsearch Impl
LocalFile,Elasticsearch7,AssertSidecarAutoInstall,,true,,true,,true,,Elasticsearch Impl
LocalFile,Elasticsearch7,AssertSidecarDoesNotCluster,,,,true,,true,,Elasticsearch Impl
LocalFile,Elasticsearch7,ElasticsearchClusteringSmokeTest,,true,,true,,quarantine,,Elasticsearch Impl
LocalFile,Elasticsearch7,MultipleConnectionsSmokeTest,,,,true,,quarantine,,Elasticsearch Impl
LocalFile,Elasticsearch7,OSGiConfigSmokeTest,,true,,true,,true,,Elasticsearch Impl
LocalFile,Elasticsearch7,SearchWithNonLiferayIndex,,,,true,,true,,Elasticsearch Impl
LocalFile,Elasticsearch7,SwitchSidecarToRemote,,,,true,,true,,Elasticsearch Impl
LocalFile,Elasticsearch7,UpdateSystemSettingsWithoutPortalRestart,,,,true,,true,,Elasticsearch Impl
LocalFile,TestLocalizedPortlet,ViewLocalizedChinese,,,,true,,true,,Test Plugins
LocalFile,TestLocalizedPortlet,ViewLocalizedEnglish,,,,true,,true,,Test Plugins
LocalFile,TestLocalizedPortlet,ViewLocalizedFrench,,,,true,,true,,Test Plugins
LocalFile,TestLocalizedPortlet,ViewLocalizedSpanish,,,,true,,true,,Test Plugins
LocalFile,ExtPlugins,ViewSampleExtPluginValidationViaDirectDeploy,,,,true,,true,,Test Plugins
LocalFile,TemplateRCE,ViewInstanceManager,,,,true,,true,,Templates Engine
LocalFile,TemplateRCE,ViewInstanceManagerVelocity,,,,true,,true,,Templates Engine
LocalFile,TemplateRCE,ViewInstanceManagerWildfly,,,,true,,true,,Templates Engine
LocalFile,TemplateRCE,ViewServletContext,,,,true,,true,,Templates Engine
LocalFile,TemplateRCE,ViewSpringBeans,,,,true,,true,,Templates Engine
LocalFile,TestDependencyAbleFoxPortlet,ViewDependencyAbleFox,,,,true,,true,,Test Plugins
LocalFile,PortletsPermissionsUpgrade,ViewPortletsPermissionsAfterUpgrade621015,,,,true,,true,,Upgrades Core Infrastructure
LocalFile,PortletsPermissionsUpgrade,ViewPortletsPermissionsAfterUpgrade621021,,,,true,,true,,Upgrades Core Infrastructure
LocalFile,TestUserAttributesPortlet,ViewUserAttributes,,,,true,,true,,Test Plugins
LocalFile,PortalConfigurationUpgrade,ViewPortalConfigurationAfterUpgrade625,,,,true,,true,,Upgrades User and System Management
LocalFile,PortalConfigurationUpgrade,ViewPortalConfigurationAfterUpgrade704,,,,true,,true,,Upgrades User and System Management
LocalFile,PortalConfigurationUpgrade,ViewPortalConfigurationAfterUpgrade713,,,,true,,true,,Upgrades User and System Management
LocalFile,PortalConfigurationUpgrade,ViewPortalConfigurationAfterUpgrade720,,,,true,,true,,Upgrades User and System Management
LocalFile,PortalConfigurationUpgrade,ViewPortalConfigurationAfterUpgrade721,,,,true,,true,,Upgrades User and System Management
LocalFile,PortalConfigurationUpgrade,ViewPortalConfigurationAfterUpgrade730,,,,true,,true,,Upgrades User and System Management
LocalFile,PortalConfigurationUpgrade,ViewPortalConfigurationAfterUpgrade7110,,,,true,,true,,Upgrades User and System Management
LocalFile,PortalConfigurationUpgrade,ViewPortalConfigurationAfterUpgrade7210,,,,true,,true,,Upgrades User and System Management
LocalFile,PortalConfigurationUpgrade,ViewPortalConfigurationAfterUpgrade70106,,,,true,,true,,Upgrades User and System Management
LocalFile,PortalConfigurationUpgrade,ViewPortalConfigurationAfterUpgrade72101,,,,true,,true,,Upgrades User and System Management
LocalFile,PortalConfigurationUpgrade,ViewPortalConfigurationAfterUpgrade621015,,,,true,,true,,Upgrades User and System Management
LocalFile,PortalConfigurationUpgrade,ViewPortalConfigurationAfterUpgrade621021,,,,true,,true,,Upgrades User and System Management
LocalFile,TestRuntimePortlet,Smoke,,true,,true,,true,,Test Plugins
LocalFile,PortalSmokeUpgrade,ViewPortalSmokeArchive625,,,,true,,true,,Upgrades Core Infrastructure
LocalFile,PortalSmokeUpgrade,ViewPortalSmokeArchive704,,,,true,,true,,Upgrades Core Infrastructure
LocalFile,PortalSmokeUpgrade,ViewPortalSmokeArchive713,,,,true,,true,,Upgrades Core Infrastructure
LocalFile,PortalSmokeUpgrade,ViewPortalSmokeArchive720,,,,true,,true,,Upgrades Core Infrastructure
LocalFile,PortalSmokeUpgrade,ViewPortalSmokeArchive730,,,,true,,true,,Upgrades Core Infrastructure
LocalFile,PortalSmokeUpgrade,ViewPortalSmokeArchive7110,,,,true,,true,,Upgrades Core Infrastructure
LocalFile,PortalSmokeUpgrade,ViewPortalSmokeArchive7210,,,,true,,true,,Upgrades Core Infrastructure
LocalFile,PortalSmokeUpgrade,ViewPortalSmokeArchive7310,,,,true,,true,,Upgrades Core Infrastructure
LocalFile,PortalSmokeUpgrade,ViewPortalSmokeArchive70106,,,,true,,true,,Upgrades Core Infrastructure
LocalFile,PortalSmokeUpgrade,ViewPortalSmokeArchive71103,,,,true,,true,,Upgrades Core Infrastructure
LocalFile,PortalSmokeUpgrade,ViewPortalSmokeArchive621015,,,,true,,true,,Upgrades Core Infrastructure
LocalFile,PortalSmokeUpgrade,ViewPortalSmokeArchive621021,,,,true,,true,,Upgrades Core Infrastructure
LocalFile,PortalSmokeUpgrade,ViewPortalSmokeArchiveAutoUpgrade730,,,,true,,quarantine,,Upgrades Core Infrastructure
LocalFile,PortalSmokeUpgrade,ViewPortalSmokeArchiveAutoUpgrade7110,,,,true,,quarantine,,Upgrades Core Infrastructure
LocalFile,PortalSmokeUpgrade,ViewPortalSmokeArchiveAutoUpgrade7210,,,,true,,quarantine,,Upgrades Core Infrastructure
LocalFile,PortalSmokeUpgrade,ViewPortalSmokeArchiveAutoUpgrade7310,,,,true,,quarantine,,Upgrades Core Infrastructure
LocalFile,PortalSmokeUpgrade,ViewPortalSmokeArchiveAutoUpgrade70106,,,,true,,quarantine,,Upgrades Core Infrastructure
LocalFile,PortalSmokeUpgrade,ViewPortalSmokeArchiveAutoUpgrade71103,,,,true,,quarantine,,Upgrades Core Infrastructure
LocalFile,PortalSmokeUpgrade,ViewPortalSmokeArchiveAutoUpgrade621021,,,,true,,quarantine,,Upgrades Core Infrastructure
LocalFile,BridgeIssues,Faces1470And1478PortletSmoke,,,,true,,true,,Liferay Faces
LocalFile,BridgeIssues,Faces1618And1638PortletSmoke,,,,true,,true,,Liferay Faces
LocalFile,BridgeIssues,Faces1635And1433PortletSmoke,,,,true,,true,,Liferay Faces
LocalFile,BridgeIssues,FacesIssuesPortletSmoke,,,,true,,true,,Liferay Faces
LocalFile,BridgeIssues,PrimefacesIssuesSmoke,,,,true,,true,,Liferay Faces
LocalFile,UserUpgrade,ResetTestUserPasswordAfterUpgrade625,,,,true,,true,,Upgrades User and System Management
LocalFile,UserUpgrade,ResetTestUserPasswordAfterUpgrade704,,,,true,,true,,Upgrades User and System Management
LocalFile,UserUpgrade,ResetTestUserPasswordAfterUpgrade713,,,,true,,true,,Upgrades User and System Management
LocalFile,UserUpgrade,ResetTestUserPasswordAfterUpgrade720,,,,true,,true,,Upgrades User and System Management
LocalFile,UserUpgrade,ResetTestUserPasswordAfterUpgrade721,,,,true,,true,,Upgrades User and System Management
LocalFile,UserUpgrade,ResetTestUserPasswordAfterUpgrade730,,,,true,,true,,Upgrades User and System Management
LocalFile,UserUpgrade,ResetTestUserPasswordAfterUpgrade7110,,,,true,,true,,Upgrades User and System Management
LocalFile,UserUpgrade,ResetTestUserPasswordAfterUpgrade7210,,,,true,,true,,Upgrades User and System Management
LocalFile,UserUpgrade,ResetTestUserPasswordAfterUpgrade70106,,,,true,,true,,Upgrades User and System Management
LocalFile,UserUpgrade,ResetTestUserPasswordAfterUpgrade72101,,,,true,,true,,Upgrades User and System Management
LocalFile,UserUpgrade,ResetTestUserPasswordAfterUpgrade621015,,,,true,,true,,Upgrades User and System Management
LocalFile,UserUpgrade,ResetTestUserPasswordAfterUpgrade621021,,,,true,,true,,Upgrades User and System Management
LocalFile,UserUpgrade,ViewAndEditUserAfterUpgrade625,,,,true,,true,,Upgrades User and System Management
LocalFile,UserUpgrade,ViewAndEditUserAfterUpgrade704,,,,true,,true,,Upgrades User and System Management
LocalFile,UserUpgrade,ViewAndEditUserAfterUpgrade713,,,,true,,true,,Upgrades User and System Management
LocalFile,UserUpgrade,ViewAndEditUserAfterUpgrade720,,,,true,,true,,Upgrades User and System Management
LocalFile,UserUpgrade,ViewAndEditUserAfterUpgrade721,,,,true,,true,,Upgrades User and System Management
LocalFile,UserUpgrade,ViewAndEditUserAfterUpgrade730,,,,true,,true,,Upgrades User and System Management
LocalFile,UserUpgrade,ViewAndEditUserAfterUpgrade7110,,,,true,,true,,Upgrades User and System Management
LocalFile,UserUpgrade,ViewAndEditUserAfterUpgrade7210,,,,true,,true,,Upgrades User and System Management
LocalFile,UserUpgrade,ViewAndEditUserAfterUpgrade70106,,,,true,,true,,Upgrades User and System Management
LocalFile,UserUpgrade,ViewAndEditUserAfterUpgrade72101,,,,true,,true,,Upgrades User and System Management
LocalFile,UserUpgrade,ViewAndEditUserAfterUpgrade621015,,,,true,,true,,Upgrades User and System Management
LocalFile,UserUpgrade,ViewAndEditUserAfterUpgrade621021,,,,true,,true,,Upgrades User and System Management
LocalFile,OrganizationUpgrade,AddOrganizationAfterUpgrade625,,,,true,,true,Users and Organizations,Upgrades User and System Management
LocalFile,OrganizationUpgrade,AddOrganizationAfterUpgrade704,,,,true,,true,Users and Organizations,Upgrades User and System Management
LocalFile,OrganizationUpgrade,AddOrganizationAfterUpgrade713,,,,true,,true,Users and Organizations,Upgrades User and System Management
LocalFile,OrganizationUpgrade,AddOrganizationAfterUpgrade720,,,,true,,true,Users and Organizations,Upgrades User and System Management
LocalFile,OrganizationUpgrade,AddOrganizationAfterUpgrade721,,,,true,,true,Users and Organizations,Upgrades User and System Management
LocalFile,OrganizationUpgrade,AddOrganizationAfterUpgrade730,,,,true,,true,Users and Organizations,Upgrades User and System Management
LocalFile,OrganizationUpgrade,AddOrganizationAfterUpgrade7110,,,,true,,true,Users and Organizations,Upgrades User and System Management
LocalFile,OrganizationUpgrade,AddOrganizationAfterUpgrade7210,,,,true,,true,Users and Organizations,Upgrades User and System Management
LocalFile,OrganizationUpgrade,AddOrganizationAfterUpgrade70106,,,,true,,true,Users and Organizations,Upgrades User and System Management
LocalFile,OrganizationUpgrade,AddOrganizationAfterUpgrade72101,,,,true,,true,Users and Organizations,Upgrades User and System Management
LocalFile,OrganizationUpgrade,AddOrganizationAfterUpgrade621015,,,,true,,true,Users and Organizations,Upgrades User and System Management
LocalFile,OrganizationUpgrade,AddOrganizationAfterUpgrade621021,,,,true,,true,Users and Organizations,Upgrades User and System Management
LocalFile,OrganizationUpgrade,AddUserandSuborganizationAfterUpgrade625,,,,true,,true,Users and Organizations,Upgrades User and System Management
LocalFile,OrganizationUpgrade,AddUserandSuborganizationAfterUpgrade704,,,,true,,true,Users and Organizations,Upgrades User and System Management
LocalFile,OrganizationUpgrade,AddUserandSuborganizationAfterUpgrade713,,,,true,,true,Users and Organizations,Upgrades User and System Management
LocalFile,OrganizationUpgrade,AddUserandSuborganizationAfterUpgrade720,,,,true,,true,Users and Organizations,Upgrades User and System Management
LocalFile,OrganizationUpgrade,AddUserandSuborganizationAfterUpgrade721,,,,true,,true,Users and Organizations,Upgrades User and System Management
LocalFile,OrganizationUpgrade,AddUserandSuborganizationAfterUpgrade730,,,,true,,true,Users and Organizations,Upgrades User and System Management
LocalFile,OrganizationUpgrade,AddUserandSuborganizationAfterUpgrade7110,,,,true,,true,Users and Organizations,Upgrades User and System Management
LocalFile,OrganizationUpgrade,AddUserandSuborganizationAfterUpgrade7210,,,,true,,true,Users and Organizations,Upgrades User and System Management
LocalFile,OrganizationUpgrade,AddUserandSuborganizationAfterUpgrade70106,,,,true,,true,Users and Organizations,Upgrades User and System Management
LocalFile,OrganizationUpgrade,AddUserandSuborganizationAfterUpgrade72101,,,,true,,true,Users and Organizations,Upgrades User and System Management
LocalFile,OrganizationUpgrade,AddUserandSuborganizationAfterUpgrade621015,,,,true,,true,Users and Organizations,Upgrades User and System Management
LocalFile,OrganizationUpgrade,AddUserandSuborganizationAfterUpgrade621021,,,,true,,true,Users and Organizations,Upgrades User and System Management
LocalFile,ClusteringConfigs,StartupJDBCPING,,true,,true,,quarantine,,Clustering
LocalFile,ClusteringLink,AutodetectClusteringAddress,,,,true,,true,,Clustering
LocalFile,ClusteringLink,CustomClusteringAddress,,,,true,,true,,Clustering
LocalFile,ClusteringLink,CustomControlChannelPropertiesFile,,,,true,,true,,Clustering
LocalFile,ClusteringLink,CustomizeChannelNames,,,,true,,true,,Clustering
LocalFile,ClusteringLink,CustomTransportChannelPropertiesFile,,,,true,,true,,Clustering
LocalFile,XSS,ValidateXSSVulnerabilities,,,,true,,true,,XSS
LocalFile,XSS,ViewGoogleAnalyticsID,,,,true,,true,,XSS
LocalFile,XSS,ViewJSONWS,,,,true,,true,,XSS
LocalFile,XSS,ViewLDAP,,,,true,,true,,XSS
LocalFile,XSS,ViewLiferayPortletList,,,,true,,true,,XSS
LocalFile,XSS,ViewLookAndFeel,,,,true,,true,,XSS
LocalFile,XSS,ViewMobileDeviceFamilies,,,,true,,true,,XSS
LocalFile,XSS,ViewPiwik,,,,true,,true,,XSS
LocalFile,XSS,ViewRecycleBin,,,,true,,true,,XSS
LocalFile,XSS,ViewRoles,,,,true,,true,,XSS
LocalFile,XSS,ViewSearchResults,,,,true,,true,,XSS
LocalFile,XSS,ViewURLValidate,,,,true,,true,,XSS
LocalFile,XSS,ViewWebContent,,,,true,,true,,XSS
LocalFile,XSS,ViewWiki,,,,true,,true,,XSS
LocalFile,Login,CASSSOSmoke,,,,true,,true,,Login
LocalFile,Login,DefaultPortalLandingPage,,,,true,,true,,Login
LocalFile,Login,DefaultPortalLandingPageSetByProperty,,,,true,,true,,Login
LocalFile,Login,EnabledOpenIDConnectOnSystemLevel,,,,true,,true,,Login
LocalFile,Login,FacebookSSOSmoke,,,,true,,true,,Login
LocalFile,Login,GoogleSSOSmoke,,,,true,,true,,Login
LocalFile,Login,LoginWithSpanishOnlyEnabledLocale,,,,true,,true,,Login
LocalFile,Login,MultipleOpenIDConnectProvider,,,,true,,true,,Login
LocalFile,Login,OpenIDConnectOnInstanceLevelSmoke,,,,true,,true,,Login
LocalFile,Login,OpenIDConnectSmoke,,,,true,,true,,Login
LocalFile,Login,OpenSSOSmoke,true,,,true,,true,,Login
LocalFile,Login,TokenBasedSSOSmoke,,,,true,,true,,Login
LocalFile,Login,ViewInstanceSettingsAuthentication,,,,true,,true,,Login
LocalFile,UpgradeEnhancement,DecrementCoreSchemaMajorVersion,,,,true,,true,,Upgrades Core Infrastructure
LocalFile,UpgradeEnhancement,DecrementCoreSchemaMicroVersion,,,,true,,true,,Upgrades Core Infrastructure
LocalFile,UpgradeEnhancement,DecrementCoreSchemaMinorVersion,,,,true,,true,,Upgrades Core Infrastructure
LocalFile,UpgradeEnhancement,DirectUpgradeFromArchive6012,true,,,true,,true,,Upgrades Core Infrastructure
LocalFile,UpgradeEnhancement,DirectUpgradeFromArchive6130,,,,true,,true,,Upgrades Core Infrastructure
LocalFile,UpgradeEnhancement,RemoveModulesWithSchemaVersionChange,,,,true,,true,,Upgrades Core Infrastructure
LocalFile,UpgradeEnhancement,UpgradeCoreSchemaVersion,,,,true,,true,,Upgrades Core Infrastructure
LocalFile,UsersAdmin,AddUser,,,,true,,true,Training,Users and Organizations
LocalFile,UsersAdmin,AddUserAfterPublishContentPageWithAP,,,,true,,true,,Users and Organizations
LocalFile,UsersAdmin,AddUserEmailAddressApostrophe,,,,true,,true,,Users and Organizations
LocalFile,UsersAdmin,AddUserEmailAddressAt,,,,true,,true,,Users and Organizations
LocalFile,UsersAdmin,AddUserEmailAddressBackSlash,,,,true,,true,,Users and Organizations
LocalFile,UsersAdmin,AddUserEmailAddressBackTick,,,,true,,true,,Users and Organizations
LocalFile,UsersAdmin,AddUserEmailAddressCaret,,,,true,,true,,Users and Organizations
LocalFile,UsersAdmin,AddUserEmailAddressCloseBracket,,,,true,,true,,Users and Organizations
LocalFile,UsersAdmin,AddUserEmailAddressCloseCurlyBrace,,,,true,,true,,Users and Organizations
LocalFile,UsersAdmin,AddUserEmailAddressCloseParenthesis,,,,true,,true,,Users and Organizations
LocalFile,UsersAdmin,AddUserEmailAddressColon,,,,true,,true,,Users and Organizations
LocalFile,UsersAdmin,AddUserEmailAddressDash,,,,true,,true,,Users and Organizations
LocalFile,UsersAdmin,AddUserEmailAddressEqual,,,,true,,true,,Users and Organizations
LocalFile,UsersAdmin,AddUserEmailAddressGreaterThan,,,,true,,true,,Users and Organizations
LocalFile,UsersAdmin,AddUserEmailAddressMinus,,,,true,,true,,Users and Organizations
LocalFile,UsersAdmin,AddUserEmailAddressNull,,,,true,,true,,Users and Organizations
LocalFile,UsersAdmin,AddUserEmailAddressOpenBracket,,,,true,,true,,Users and Organizations
LocalFile,UsersAdmin,AddUserEmailAddressOpenCurlyBrace,,,,true,,true,,Users and Organizations
LocalFile,UsersAdmin,AddUserEmailAddressOpenParenthesis,,,,true,,true,,Users and Organizations
LocalFile,UsersAdmin,AddUserEmailAddressPeriod,,,,true,,true,,Users and Organizations
LocalFile,UsersAdmin,AddUserEmailAddressRoot,,,,true,,true,,Users and Organizations
LocalFile,UsersAdmin,AddUserEmailAddressSemicolon,,,,true,,true,,Users and Organizations
LocalFile,UsersAdmin,AddUserEmailAddressUnderline,,,,true,,true,,Users and Organizations
LocalFile,UsersAdmin,AddUsers,,,,true,,true,,Users and Organizations
LocalFile,UsersAdmin,AddUserScreenNameInvalid,,,,true,,true,,Users and Organizations
LocalFile,UsersAdmin,AddUserScreenNameNumber,,,,true,,true,,Users and Organizations
LocalFile,UsersAdmin,AddUserSpecialCharacters,,,,true,,true,,Users and Organizations
LocalFile,UsersAdmin,AssignUserGroupToUser,,,,true,,true,,Users and Organizations
LocalFile,UsersAdmin,CannotViewSiteSettingsInUserPersonalSite,,,,true,,true,,Users and Organizations
LocalFile,UsersAdmin,ChangeUserPassword,,,,true,,true,,Users and Organizations
LocalFile,UsersAdmin,ChangeUserPasswordInvalid,,,,true,,true,,Users and Organizations
LocalFile,UsersAdmin,DeleteUser,,true,,true,,true,,Users and Organizations
LocalFile,UsersAdmin,EditAlertsandAnnouncementsDelivery,,,,true,,true,,Users and Organizations
LocalFile,UsersAdmin,EditUserAdditionalEmailAddresses,,,,true,,true,,Users and Organizations
LocalFile,UsersAdmin,EditUserAddresses,,,,true,,true,,Users and Organizations
LocalFile,UsersAdmin,EditUserDisplaySettings,,,,true,,true,,Users and Organizations
LocalFile,UsersAdmin,EditUserPhoneNumbers,,,,true,,true,,Users and Organizations
LocalFile,UsersAdmin,EditUserSite,,true,,true,,true,,Users and Organizations
LocalFile,UsersAdmin,EditUserWebsites,,,,true,,true,,Users and Organizations
LocalFile,UsersAdmin,ErrorAddUserScreenNameNumberSiteId,,,,true,,true,,Users and Organizations
LocalFile,UsersAdmin,ImpersonatingAdministratorandOwner,,,,true,,true,,Users and Organizations
LocalFile,UsersAdmin,LoginUser,,,,true,,true,,Users and Organizations
LocalFile,UsersAdmin,LoginUserWithProfileSite,,,,true,,true,,Users and Organizations
LocalFile,UsersAdmin,LogoutUserViaURL,,,,true,,true,,Users and Organizations
LocalFile,UsersAdmin,SearchUser,,,,true,,true,,Users and Organizations
LocalFile,UsersAdmin,SearchUserFullName,,,,true,,true,,Users and Organizations
LocalFile,UsersAdmin,SearchUserQuotes,,,,true,,true,,Users and Organizations
LocalFile,UsersAdmin,UpdateExistUserEmailAddressByScript,,,,true,,true,,Users and Organizations
LocalFile,UsersAdmin,UpdateUserInformation,,,,true,,true,,Users and Organizations
LocalFile,UsersAdmin,ValidateRegExPasswordPolicyCP,,,,true,,true,,Users and Organizations
LocalFile,UsersAdmin,ViewCategoryAssociatedToUser,,,,true,,true,,Users and Organizations
LocalFile,UsersAdmin,ViewEmailWithPasswordSetupLinkSendToNewUser,,,,true,,true,,Users and Organizations
LocalFile,UsersAdmin,ViewInvalidLoginForDeactivatedUserViaActionsMenu,,,,true,,true,,Users and Organizations
LocalFile,UsersAdmin,ViewLoginForActivatedUser,,true,,true,,true,Training,Users and Organizations
LocalFile,UsersAdmin,ViewLoginForDeactivatedUserViaDeactivateButton,,,,true,,true,,Users and Organizations
LocalFile,UsersAdmin,ViewPageRenderedProperlyAfterBeYourselfAgain,,,,true,,true,,Users and Organizations
LocalFile,UsersAdmin,ViewUpdateUserViaJSONWS,,,,true,,true,,Users and Organizations
LocalFile,UsersAdmin,ViewUserFormPersistence,,,,true,,true,,Users and Organizations
LocalFile,Clustering,AddAndDeleteBlogEntriesOnSeparateNodes,,,,true,,quarantine,,Clustering
LocalFile,Clustering,ShutdownAndStartupNodes,,,,true,,quarantine,,Clustering
LocalFile,Clustering,ValidateDocumentOnSeparateNodes,,,,true,,true,,Clustering
LocalFile,Clustering,ValidateLiveUsers,,,,true,,true,,Clustering
LocalFile,Clustering,ValidateSchedulerOnSeparateNodes,,,,true,,true,,Clustering
LocalFile,ClusteringMissingPlugins,CacheReplicationbyCopy,,,,true,,true,,Clustering
LocalFile,ClusteringMissingPlugins,ScheduleJobOnAllClusterNodes,,,,true,,true,,Clustering
LocalFile,ClusteringMissingPlugins,ScheduleJobOnClusterNode1,,,,true,,true,,Clustering
LocalFile,ClusteringLicense,LimitCommerceToLessThanNodeLimit,true,,,true,,false,,Clustering
LocalFile,ClusteringLicense,LimitPreviouslyValidatedClusterNodes,,,,true,,false,,Clustering
LocalFile,ClusteringLicense,LimitPreviouslyValidatedClusterNodesWithCommerce,,,,true,,false,,Clustering
LocalFile,ClusteringLicense,ViewNodeLimit,,,,true,,false,,Clustering
LocalFile,ClusteringLicense,ViewNodeLimitWithCommerce,,,,true,,false,,Clustering
LocalFile,Organizations,AddMultipleSuborganizations,,,,true,,true,Training,Users and Organizations
LocalFile,Organizations,AddOrganization,,,,true,,true,Training,Users and Organizations
LocalFile,Organizations,AddOrganizationComment,,,,true,,true,,Users and Organizations
LocalFile,Organizations,AddOrganizationName50Characters,,,,true,,true,,Users and Organizations
LocalFile,Organizations,AddOrganizationNameDuplicate,,,,true,,true,,Users and Organizations
LocalFile,Organizations,AddOrganizations,,,,true,,true,,Users and Organizations
LocalFile,Organizations,AddOrganizationSitePrivatePage,,,,true,,true,Training,Users and Organizations
LocalFile,Organizations,AddOrganizationSitePublicPage,,,,true,,true,,Users and Organizations
LocalFile,Organizations,AddOrganizationTeam,,true,,true,,true,Training,Users and Organizations
LocalFile,Organizations,AddSuborganization,,true,,true,,true,Training,Users and Organizations
LocalFile,Organizations,AssignImportedUserGroupToSuborganizationSites,,,,false,,false,Training,Users and Organizations
LocalFile,Organizations,AssignMultipleUsersToOrganization,,,,true,,true,Training,Users and Organizations
LocalFile,Organizations,AssignUser,,true,,true,,true,Training,Users and Organizations
LocalFile,Organizations,AssignUserToOrganizationWithSite,,,,true,,true,,Users and Organizations
LocalFile,Organizations,ClearSearchResults,,,,true,,true,,Users and Organizations
LocalFile,Organizations,DeleteOrganization,,true,,true,,true,,Users and Organizations
LocalFile,Organizations,DeleteOrganizationSite,,,,true,,true,,Users and Organizations
LocalFile,Organizations,EditOrganizationSite,,true,,true,,true,Training,Users and Organizations
LocalFile,Organizations,EditOrganizationSiteTeam,,,,true,,true,,Users and Organizations
LocalFile,Organizations,NoPermissionUserCannotAddOrganizationViaURL,,,,true,,true,,Users and Organizations
LocalFile,Organizations,OrganizationAdministratorActivate,,,,true,,true,Training,Users and Organizations
LocalFile,Organizations,OrganizationDropDownItems,,,,true,,true,,Users and Organizations
LocalFile,Organizations,OrganizationSiteDefaultUserAssociations,,,,true,,true,,Users and Organizations
LocalFile,Organizations,OrganizationUserManagement,,,,true,,true,,Users and Organizations
LocalFile,Organizations,RemoveMember,,,,true,,true,,Users and Organizations
LocalFile,Organizations,SearchOrganization,,,,true,,true,,Users and Organizations
LocalFile,Organizations,SearchTags,,,,true,,true,,Users and Organizations
LocalFile,Organizations,SearchUsersInOrganization,,,,true,,true,,Users and Organizations
LocalFile,Organizations,ViewBack,,,,true,,true,,Users and Organizations
LocalFile,Organizations,ViewContentInCustomOrganizationTypeSite,,,,true,,true,,Users and Organizations
LocalFile,Organizations,ViewOrganizationSiteViaSitesDirectory,,,,true,,true,,Users and Organizations
LocalFile,SAMLUpgrade,ViewSAMLConfigurationAfterUpgrade7310,,,,true,,true,SAML,Upgrades Security
LocalFile,SAMLUpgrade,ViewSAMLConfigurationAfterUpgrade71103,,,,true,,true,SAML,Upgrades Security
LocalFile,SAMLUpgrade,ViewSAMLConfigurationAfterUpgrade72101,,,,true,,true,SAML,Upgrades Security
LocalFile,SAMLUpgrade,ViewSAMLWithEncryptionConfigurationAfterUpgrade7310,,,,true,,true,SAML,Upgrades Security
LocalFile,SAMLUpgrade,ViewSAMLWithEncryptionConfigurationAfterUpgrade72101,,,,true,,true,SAML,Upgrades Security
LocalFile,DummyFunctional,Dummy,,,,,dummy,,,Tools
LocalFile,MultiFactorAuthenticationUpgrade,ViewMFAConfigurationInInstanceLevelAfterUpgrade7310,,,,true,,true,Multi Factor Authentication,Upgrades Security
LocalFile,MultiFactorAuthenticationUpgrade,ViewMFAConfigurationInSystemLevelAfterUpgrade7310,,,,true,,true,Multi Factor Authentication,Upgrades Security
LocalFile,ClusteringCache,DoNotReplicatePut,,,,true,,true,,Clustering
LocalFile,ClusteringCache,ReplicateByCopy,,,,true,,true,,Clustering
LocalFile,ClusteringCache,ReplicateByRemove,,,,true,,true,,Clustering
LocalFile,CPAuditreportsUsecaseEE,ViewResourceActionsCP,,,,true,,true,,Auditing
LocalFile,AssetsSharingUpgrade,ViewSharedAssetsArchive72101,,,,true,,true,Asset Sharing,Upgrades Collaboration
LocalFile,BridgeDemos,AlloyApplicantPortletSmoke,,,,true,,true,,Liferay Faces
LocalFile,BridgeDemos,BootsFacesApplicantPortletSmoke,,,,true,,true,,Liferay Faces
LocalFile,BridgeDemos,ButterFacesApplicantPortletSmoke,,,,true,,true,,Liferay Faces
LocalFile,BridgeDemos,JSF_IPCEventsPortletsSmoke,,,,true,,true,,Liferay Faces
LocalFile,BridgeDemos,JSF_IPCPublicRenderParamsPortletsSmoke,,,,true,,true,,Liferay Faces
LocalFile,BridgeDemos,JSFApplicantPortletSmoke,,,,true,,true,,Liferay Faces
LocalFile,BridgeDemos,JSFCDIApplicantPortletSmoke,,,,true,,true,,Liferay Faces
LocalFile,BridgeDemos,JSFExportPDFPortletSmoke,,,,true,,true,,Liferay Faces
LocalFile,BridgeDemos,JSFFlowsPortletSmoke,,,,true,,true,,Liferay Faces
LocalFile,BridgeDemos,JSFHTML5ApplicantPortletSmoke,,,,true,,true,,Liferay Faces
LocalFile,BridgeDemos,JSFJSPApplicantPortletSmoke,,,,true,,true,,Liferay Faces
LocalFile,BridgeDemos,JSFSpringApplicantPortletSmoke,,,,true,,true,,Liferay Faces
LocalFile,BridgeDemos,PrimeFacesCDIApplicantPortletSmoke,,,,true,,true,,Liferay Faces
LocalFile,BridgeDemos,RichFacesCDIApplicantPortletSmoke,,,,true,,true,,Liferay Faces
LocalFile,CreateABTest,CreateABTestByBounceRate,,,,false,,false,,A/B Test
LocalFile,CreateABTest,CreateABTestRunWithDeletedVariants,,,,false,,false,,A/B Test
LocalFile,CreateABTest,CreateABTestRunWithNoVariants,,,,false,,false,,A/B Test
LocalFile,PGAnnouncements,AddAnnouncementsEntry,,,,true,,true,,Announcements
LocalFile,PGAnnouncements,AddAnnouncementsEntryFutureDate,,,,true,,true,,Announcements
LocalFile,PGAnnouncements,AddAnnouncementsEntryPastExpirationDate,,,,true,,true,,Announcements
LocalFile,PGAnnouncements,AddAnnouncementsEntryPriorityImportant,,,,true,,true,,Announcements
LocalFile,PGAnnouncements,AddAnnouncementsEntrySite,,,,true,,true,,Announcements
LocalFile,PGAnnouncements,DeleteAnnouncementsEntry,,true,,true,,true,,Announcements
LocalFile,PGAnnouncements,EditAnnouncementsEntry,,true,,true,,true,,Announcements
LocalFile,PGAnnouncements,ViewPreviousAnnouncementEntries,,true,,true,,true,,Announcements
LocalFile,Elasticsearch7EE,HotDeployLearningToRankApp,,,,true,,true,,Elasticsearch Impl
LocalFile,Elasticsearch7EE,LearningToRankSmoke,,,,true,,quarantine,,Elasticsearch Impl
LocalFile,Elasticsearch7EE,PortalClusterSmokeTest,,,,true,,quarantine,,Elasticsearch Impl
LocalFile,Elasticsearch7EE,XPackPkiAuthenticationSmokeTest,,,,true,,quarantine,,Elasticsearch Impl
LocalFile,Elasticsearch7EE,XPackPkiAuthenticationWithJDK11,,,,true,,quarantine,,Elasticsearch Impl
LocalFile,Elasticsearch7EE,XPackSmokeTest,,,,true,,quarantine,,Elasticsearch Impl
LocalFile,Elasticsearch7EE,XPackWithJDK11,,,,true,,quarantine,,Elasticsearch Impl
LocalFile,BlogsSharing,AssertNotifications,,true,,true,,true,,Asset Sharing
LocalFile,BlogsSharing,ChangePermissionsViaSharedByMe,,,,true,,true,,Asset Sharing
LocalFile,BlogsSharing,ShareWithCommentPermissions,,true,,true,,true,,Asset Sharing
LocalFile,BlogsSharing,ShareWithUpdatePermissions,,true,,true,,true,,Asset Sharing
LocalFile,BlogsSharing,ViewDeletedEntry,,,,true,,true,,Asset Sharing
LocalFile,BlogsSharing,ViewUpdatedPermissions,,,,true,,true,,Asset Sharing
LocalFile,BlogsAutoTaggingUpgrade,ViewBlogsArchive72101,,,,true,,true,Documents Management,Upgrades Collaboration
LocalFile,AnnouncementsUsecase,ViewAnnouncementsEntryWithDistributedScope,,,,true,,true,,Announcements
LocalFile,AnnouncementsUsecase,ViewAnnouncementsPagination,,,,true,,true,,Announcements
LocalFile,CrossClusterReplicationES7,AssertReplicationAfterReindex,,,,true,,quarantine,,Elasticsearch Impl
LocalFile,CrossClusterReplicationES7,BreakWorkflowSLA,,,,true,,false,,Elasticsearch Impl
LocalFile,CrossClusterReplicationES7,CleanAndReindexWorkflowMetricsInstances,true,,,true,,true,,Elasticsearch Impl
LocalFile,CrossClusterReplicationES7,CleanAndReindexWorkflowMetricsNodes,true,,,true,,true,,Elasticsearch Impl
LocalFile,CrossClusterReplicationES7,CleanAndReindexWorkflowMetricsProcesses,true,,,true,,true,,Elasticsearch Impl
LocalFile,CrossClusterReplicationES7,CleanAndReindexWorkflowMetricsSLAInstanceResults,true,,,true,,true,,Elasticsearch Impl
LocalFile,CrossClusterReplicationES7,CleanAndReindexWorkflowMetricsSLATaskResults,true,,,true,,true,,Elasticsearch Impl
LocalFile,CrossClusterReplicationES7,CleanAndReindexWorkflowMetricsTasks,true,,,true,,true,,Elasticsearch Impl
LocalFile,CrossClusterReplicationES7,CleanAndReindexWorkflowMetricsTransitions,true,,,true,,true,,Elasticsearch Impl
LocalFile,CrossClusterReplicationES7,CreateBlogsEntryWithNewWorkflow,,,,true,,true,,Elasticsearch Impl
LocalFile,CrossClusterReplicationES7,HotDeployApp,,,,true,,true,,Elasticsearch Impl
LocalFile,CrossClusterReplicationES7,SearchWithResultRankings,,,,true,,true,,Elasticsearch Impl
LocalFile,CrossClusterReplicationES7,SearchWithSynonyms,,,,true,,true,,Elasticsearch Impl
LocalFile,CrossClusterReplicationES7,SearchWithVirtualInstance,,,,true,,true,,Elasticsearch Impl
LocalFile,CrossClusterReplicationES7,Smoke,,,,true,,quarantine,,Elasticsearch Impl
LocalFile,RolesandpermissionsUsecase,ChangeScope,,,,true,,true,,Roles
LocalFile,RolesandpermissionsUsecase,EditTeamPermissions,,,,true,,true,,Roles
LocalFile,RolesandpermissionsUsecase,ExportRoleWithSiteAssignee,,,,true,,true,,Roles
LocalFile,RolesandpermissionsUsecase,GroupScopePermissionCheck,,,,false,,true,,Roles
LocalFile,RolesandpermissionsUsecase,NoGuestRolePermissionsFromPrivateLayout,,,,true,,true,,Roles
LocalFile,RolesandpermissionsUsecase,RolesPermissionsDynamicDataLists,,,,true,,true,,Roles
LocalFile,RolesandpermissionsUsecase,RolesSitesPermissionsInheritance,,,,true,,true,,Roles
LocalFile,RolesandpermissionsUsecase,SiteRoleBookmarksInlinePermissions,,,,false,,true,,Roles
LocalFile,RolesandpermissionsUsecase,TeamPermissionsSite,,,,true,,true,,Roles
LocalFile,RolesandpermissionsUsecase,ViewAssetViaOrgRole,,,,true,,true,,Roles
LocalFile,RolesandpermissionsUsecase,ViewAssetViaSiteRole,,,,true,,true,,Roles
LocalFile,RolesandpermissionsUsecase,ViewAutomaticAssignedRoles,,,,true,,true,,Roles
LocalFile,RolesandpermissionsUsecase,ViewDefinePermissionsSubdirectoriesDisplay,,,,true,,true,,Roles
LocalFile,RolesandpermissionsUsecase,ViewDocumentsAndMediaAddRepositoryPermissionSiteMemberRole,,,,true,,true,,Roles
LocalFile,RolesandpermissionsUsecase,ViewPrivatePageSiteMemberRole,,,,true,,true,,Roles
LocalFile,RolesandpermissionsUsecase,ViewRegRolePermissionsDefaultView,,,,true,,true,,Roles
LocalFile,SimilarResults,AssertSimilarResultsDisplayTemplate,,,,true,,true,,Elasticsearch Impl
LocalFile,SimilarResults,AssertSimilarResultsMatchesAssetType,,,,true,,true,,Elasticsearch Impl
LocalFile,SimilarResults,ConfigureSimilarResultsDocumentFrequency,,,,true,,true,,Elasticsearch Impl
LocalFile,SimilarResults,ConfigureSimilarResultsFields,,,,true,,true,,Elasticsearch Impl
LocalFile,SimilarResults,ConfigureSimilarResultsMaximumItemDisplay,,,,true,,true,,Elasticsearch Impl
LocalFile,SimilarResults,ConfigureSimilarResultsMaximumQueryTerms,,,,true,,true,,Elasticsearch Impl
LocalFile,SimilarResults,ConfigureSimilarResultsMinimumShouldMatch,,,,true,,true,,Elasticsearch Impl
LocalFile,SimilarResults,ConfigureSimilarResultsStopWords,,,,true,,true,,Elasticsearch Impl
LocalFile,SimilarResults,ConfigureSimilarResultsTermFrequency,,,,true,,true,,Elasticsearch Impl
LocalFile,SimilarResults,ConfigureSimilarResultsWordLength,,,,true,,true,,Elasticsearch Impl
LocalFile,SimilarResults,ViewSimilarResultsOnContentPages,,,,true,,true,,Elasticsearch Impl
LocalFile,SharingUsecase,DisableSharingAtInstanceScope,,,,true,,true,,Asset Sharing
LocalFile,SharingUsecase,DisableSharingAtSystemScope,,,,true,,true,,Asset Sharing
LocalFile,SharingUsecase,FilterByAssetType,,,,true,,true,,Asset Sharing
LocalFile,SharingUsecase,OrderBySharedDate,,,,true,,true,,Asset Sharing
LocalFile,CPRolesCPBlogs,ViewBlogsEntryRegRoleInline,,true,,true,,true,Roles,Blogs
LocalFile,CPRolesCPBlogs,ViewBlogsPortletRegRole,,,,true,,true,Roles,Blogs
LocalFile,CPRolesCPBlogs,ViewBlogsPortletSiteRole,,,,true,,true,Roles,Blogs
LocalFile,JSFShowcase,ButtonSmoke,,,,true,,true,,Liferay Faces
LocalFile,JSFShowcase,CommandButtonSmoke,,,,true,,true,,Liferay Faces
LocalFile,JSFShowcase,CommandLinkSmoke,,,,true,,true,,Liferay Faces
LocalFile,JSFShowcase,DataTableSmoke,,,,true,,true,,Liferay Faces
LocalFile,JSFShowcase,FormSmoke,,,,true,,true,,Liferay Faces
LocalFile,JSFShowcase,ImageSmoke,,,,true,,true,,Liferay Faces
LocalFile,JSFShowcase,InputFileSmoke,,,,true,,true,,Liferay Faces
LocalFile,JSFShowcase,InputHiddenSmoke,,,,true,,true,,Liferay Faces
LocalFile,JSFShowcase,InputSecretSmoke,,,,true,,true,,Liferay Faces
LocalFile,JSFShowcase,InputTextareaSmoke,,,,true,,true,,Liferay Faces
LocalFile,JSFShowcase,InputTextSmoke,,,,true,,true,,Liferay Faces
LocalFile,JSFShowcase,LinkSmoke,,,,true,,true,,Liferay Faces
LocalFile,JSFShowcase,MessageSmoke,,,,true,,true,,Liferay Faces
LocalFile,JSFShowcase,OutputSmoke,,,,true,,true,,Liferay Faces
LocalFile,JSFShowcase,PanelSmoke,,,,true,,true,,Liferay Faces
LocalFile,JSFShowcase,PortletSmoke,,,,true,,true,,Liferay Faces
LocalFile,JSFShowcase,SelectBooleanCheckboxSmoke,,,,true,,true,,Liferay Faces
LocalFile,JSFShowcase,SelectManyCheckboxSmoke,,,,true,,true,,Liferay Faces
LocalFile,JSFShowcase,SelectManyListboxSmoke,,,,true,,true,,Liferay Faces
LocalFile,JSFShowcase,SelectManyMenuSmoke,,,,true,,true,,Liferay Faces
LocalFile,JSFShowcase,SelectOneListboxSmoke,,,,true,,true,,Liferay Faces
LocalFile,JSFShowcase,SelectOneMenuSmoke,,,,true,,true,,Liferay Faces
LocalFile,JSFShowcase,SelectOneRadioSmoke,,,,true,,true,,Liferay Faces
LocalFile,InviteMembers,ViewNewSiteMember,,,,true,,true,,Invite Members
LocalFile,OAuth2,AddAndEditApplication,,,,true,,quarantine,,OAuth 2
LocalFile,OAuth2,AddAndEditOAuthSAPEntries,,,,true,,true,,OAuth 2
LocalFile,OAuth2,AssertAuthorizationCodeWorksInCluster,,,,true,,true,,OAuth 2
LocalFile,OAuth2,AssertClientCredentialsIsUserScoped,,,,true,,true,,OAuth 2
LocalFile,OAuth2,AssertExpandPanelsOnGlobalScopes,,,,true,,quarantine,,OAuth 2
LocalFile,OAuth2,AuthorizeExternalApplication,,,,true,,true,,OAuth 2
LocalFile,OAuth2,AuthorizeExternalApplicationWithRememberDeviceEnabled,,,,true,,true,,OAuth 2
LocalFile,OAuth2,AuthorizeExternalTrustedApplication,,,,true,,true,,OAuth 2
LocalFile,OAuth2,ConfigureOnSystemLevelWillApplyToInstanceLevel,,,,true,,true,,OAuth 2
LocalFile,OAuth2,EditApplicationScopesAndViewLanguageKeys,,,,true,,quarantine,,OAuth 2
LocalFile,OAuth2,RefreshTokenTime,,,,true,,true,,OAuth 2
LocalFile,OAuth2,RemoveExpiredAuthorization,,,,true,,true,,OAuth 2
LocalFile,OAuth2,ScopesDisplayAsListOnInstanceLevel,,,,true,,true,,OAuth 2
LocalFile,OAuth2,UpdateScopeBundlePrefixes,,,,true,,true,,OAuth 2
LocalFile,OAuth2,UpdateScopeMappings,,,,true,,true,,OAuth 2
LocalFile,OAuth2,ViewAndRevokeGrantedAuthorizations,,true,,true,,quarantine,,OAuth 2
LocalFile,OAuth2,ViewAuthPromptRequestedScopes,,,,true,,quarantine,,OAuth 2
LocalFile,OAuth2,ViewExternalOptionsRememberDevice,,,,true,,true,,OAuth 2
LocalFile,OAuth2,ViewExternalOptionsTrusted,,,,true,,true,,OAuth 2
LocalFile,RemoteStagingBlogs,StagingRemoteLiveBlogsPG,,,,true,,true,,Blogs
LocalFile,RemoteStagingBlogs,StagingRemoteLiveBlogsWithWorkflow,,,,true,,true,,Blogs
LocalFile,RemoteStagingBlogs,StagingRemoteLiveChangeBlogsEntryCoverImage,,,,true,,true,,Blogs
LocalFile,BlogsAutoTagging,AddAndRemoveAutoTagViaGogoShell,,,,true,,true,,Auto Tagging
LocalFile,BlogsAutoTagging,AssertAutoTagAfterPublishToLive,,,,true,,true,,Auto Tagging
LocalFile,BlogsAutoTagging,DisableAutoTaggingForSite,,true,,true,,true,,Auto Tagging
LocalFile,BlogsAutoTagging,NoAutoTagForManuallyAddedEntry,,,,true,,true,,Auto Tagging
LocalFile,BlogsAutoTagging,RemoveAutoTag,,,,true,,true,,Auto Tagging
LocalFile,BlogsAutoTagging,Smoke,,true,,true,,true,,Auto Tagging
LocalFile,CPBlogs,AddBlogsEntries,,,,true,,true,Blogs,Blogs
LocalFile,CPBlogs,AddBlogsEntry,,,,true,,true,WYSIWYG,Blogs
LocalFile,CPBlogs,AddBlogsEntryContentNull,,,,true,,true,,Blogs
LocalFile,CPBlogs,AddBlogsEntryTitleEscapeCharacters,,,,true,,true,,Blogs
LocalFile,CPBlogs,AddBlogsEntryTitleNull,,,,true,,true,,Blogs
LocalFile,CPBlogs,AddBlogsEntryWithDMLink,,,,true,,true,,Blogs
LocalFile,CPBlogs,AddBlogsEntryWithSubtitle,,,,true,,true,,Blogs
LocalFile,CPBlogs,AddBlogWithFormatting,,,,true,,true,"Training,WYSIWYG",Blogs
LocalFile,CPBlogs,DeleteBlogsEntries,,true,,true,,true,,Blogs
LocalFile,CPBlogs,PublishBlogsEntryAutoDraft,,,,true,,true,,Blogs
LocalFile,CPBlogs,PublishBlogsEntryDraft,,,,true,,true,,Blogs
LocalFile,CPBlogs,SaveBlogsEntryDraft,,,,true,,true,,Blogs
LocalFile,CPBlogs,SaveBlogsEntryDraftAuto,,,,true,,true,,Blogs
LocalFile,CPBlogs,SearchBlogsEntryContent,,,,true,,true,,Blogs
LocalFile,CPBlogs,SearchBlogsEntryTitle,,,,true,,true,,Blogs
LocalFile,CPBlogs,SearchBlogsImagesViaItemSelector,,,,true,,true,,Blogs
LocalFile,CPBlogs,SearchDMImagesViaItemSelector,,,,true,,true,,Blogs
LocalFile,CPBlogs,ViewBlogsEntryDraftWithCoverImage,,,,true,,true,,Blogs
LocalFile,CPBlogs,ViewBlogsEntryWithStaticGif,,,,true,,true,,Blogs
LocalFile,CPBlogs,ViewCoverImageDetails,,,,true,,true,,Blogs
LocalFile,CPBlogs,ViewErrorMessageForNullCustomAbstract,,,,true,,true,,Blogs
LocalFile,PGKnowledgebasearticle,DeleteKBArticleViaKBArticle,,,,true,,true,,Knowledge Base
LocalFile,MentionsBlogs,ViewMentionViaBlogsEntry,,,,true,,true,Mentions,Mentions
LocalFile,MentionsBlogs,ViewMentionViaBlogsEntryComment,,,,true,,true,Mentions,Mentions
LocalFile,MentionsBlogs,ViewMentionViaBlogsEntryCommentAsGuest,,,,true,,true,Mentions,Mentions
LocalFile,MentionsBlogs,ViewMentionViaEditedBlogsEntryComment,,,,true,,true,Mentions,Mentions
LocalFile,MentionsContentPageReview,MentionUserWithValidPermissions,,,,true,,true,,Content Page Review
LocalFile,MentionsContentPageReview,ViewCommentMentionedUser,,,,true,,true,,Content Page Review
LocalFile,MentionsContentPageReview,ViewMentionAfterRevokingPermissions,,,,true,,true,,Content Page Review
LocalFile,SearchTuningES7,AssertCannotAddDuplicateQueriesAndAliases,,,,true,,true,,Elasticsearch Impl
LocalFile,SearchTuningES7,AssertDeletedResultRanking,,,,true,,true,,Elasticsearch Impl
LocalFile,SearchTuningES7,AssertResultRankingsMiscUI,,,,true,,true,,Elasticsearch Impl
LocalFile,SearchTuningES7,AssertResultRankingsWithSynonyms,,,,true,,quarantine,,Elasticsearch Impl
LocalFile,SearchTuningES7,AssertSynonymBulkActions,,,,true,,true,,Elasticsearch Impl
LocalFile,SearchTuningES7,EnableAndDisableResultRankings,,,,true,,true,,Elasticsearch Impl
LocalFile,SearchTuningES7,PinAndHideResultsWithAliases,,true,,true,,true,,Elasticsearch Impl
LocalFile,SearchTuningES7,ReorderAddedResultsFromOtherSites,,,,true,,true,,Elasticsearch Impl
LocalFile,SearchTuningES7,SearchWithSynonyms,,true,,true,,true,,Elasticsearch Impl
LocalFile,SearchTuningES7,ViewResultRankingsAssetDetails,,,,true,,true,,Elasticsearch Impl
LocalFile,MentionsDM,ViewMentionViaDMComment,,,,true,,true,Mentions,Mentions
LocalFile,MentionsDM,ViewReplyMentionViaDMComment,,,,true,,true,Mentions,Mentions
LocalFile,MentionsMB,ViewMentionViaMessageBoardsThread,,,,true,,true,,Mentions
LocalFile,MentionsMB,ViewMentionViaMessageBoardsThreadReply,,,,true,,true,,Mentions
LocalFile,MentionsMB,ViewMentionViaUpdatedMessageBoardsThread,,,,true,,true,,Mentions
LocalFile,DMSharing,AssertNotifications,,,,true,,true,,Asset Sharing
LocalFile,DMSharing,AssertSingleDeleteEntry,,,,true,,true,,Asset Sharing
LocalFile,DMSharing,AssertSingleEntry,,,,true,,true,,Asset Sharing
LocalFile,DMSharing,GoToSharedContentViaEmail,,,,true,,true,,Asset Sharing
LocalFile,DMSharing,GoToSharedContentViaNotifications,,,,true,,true,,Asset Sharing
LocalFile,DMSharing,ManageCollaborators,,true,,true,,true,,Asset Sharing
LocalFile,DMSharing,ReplyToCommentViaSharedContent,,,,true,,true,,Asset Sharing
LocalFile,DMSharing,ShareViaInvalidAddress,,,,true,,true,,Asset Sharing
LocalFile,DMSharing,ShareViaSharedContent,,,,true,,true,,Asset Sharing
LocalFile,DMSharing,ShareWithNoSharingPermissions,,true,,true,,true,,Asset Sharing
LocalFile,DMSharing,ShareWithSpecialCharacter,,,,true,,true,,Asset Sharing
LocalFile,DMSharing,ViewAndRemoveCollaborators,,,,true,,true,,Asset Sharing
LocalFile,MessageboardsUpgrade,ViewMessageBoardsArchive625,,,,true,,true,Message Boards,Upgrades Collaboration
LocalFile,MessageboardsUpgrade,ViewMessageBoardsArchive621015,,,,true,,true,Message Boards,Upgrades Collaboration
LocalFile,MessageboardsUpgrade,ViewMessageBoardsArchive621021,,,,true,,true,Message Boards,Upgrades Collaboration
LocalFile,MentionsWiki,ViewWikiCommentMentionedUser,,,,true,,true,Mentions,Mentions
LocalFile,CPRolesCPMessageboards,ViewMessageBoardsPortletRegRole,,,,true,,true,Roles,Message Boards
LocalFile,CPRolesCPMessageboards,ViewMessageBoardsPortletSiteRole,,,,true,,true,Roles,Message Boards
LocalFile,CPMessageboards,AddMBCategory,,true,,true,,true,,Message Boards
LocalFile,CPMessageboards,AddMBCategorySubcategory,,,,true,,true,,Message Boards
LocalFile,CPMessageboards,AddMBThread,,true,,true,,true,,Message Boards
LocalFile,CPMessageboards,CKEditorSmoke,,,,true,,true,,Message Boards
LocalFile,CPMessageboards,DeleteMBCategories,,,,true,,true,,Message Boards
LocalFile,CPMessageboards,DeleteMBThreadWithAttachment,,,,true,,true,,Message Boards
LocalFile,CPMessageboards,EditMBThreadSubjectAndBody,,,,true,,true,,Message Boards
LocalFile,CPMessageboards,MoveToRecycleBinMBThread,,,,true,,true,,Message Boards
LocalFile,CPMessageboards,ViewAnonymousPostingAllowedCheckboxConfiguration,,,,true,,true,,Message Boards
LocalFile,CPMessageboards,ViewBBCodeNoXSS,,,,true,,true,,Message Boards
LocalFile,CPKnowledgebase,AddChildArticleToKBArticleViaKBAdmin,,,,true,,true,,Knowledge Base
LocalFile,CPKnowledgebase,AddKBArticleAsDraft,,,,true,,true,,Knowledge Base
LocalFile,CPKnowledgebase,AddKBArticlesViaKBAdmin,,,,true,,true,,Knowledge Base
LocalFile,CPKnowledgebase,AddKBArticleViaKBAdmin,,,,true,,true,,Knowledge Base
LocalFile,CPKnowledgebase,AddKBArticleViaTemplateCP,,,,true,,true,,Knowledge Base
LocalFile,CPKnowledgebase,AddKBArticleWithAttachmentViaKBAdmin,,,,true,,true,,Knowledge Base
LocalFile,CPKnowledgebase,AddKBArticleWithBlogsEntryRelatedAssetViaKBAdmin,,,,true,,true,,Knowledge Base
LocalFile,CPKnowledgebase,AddKBArticleWithCategory,,,,true,,true,,Knowledge Base
LocalFile,CPKnowledgebase,AddKBArticleWithHTMLViaKBAdmin,,,,true,,true,,Knowledge Base
LocalFile,CPKnowledgebase,AddKBArticleWithInvalidAttachmentSize,,,,true,,true,,Knowledge Base
LocalFile,CPKnowledgebase,AddKBArticleWithoutRequiredCategory,,,,true,,true,,Knowledge Base
LocalFile,CPKnowledgebase,AddKBFolder,,true,,true,,true,Training,Knowledge Base
LocalFile,CPKnowledgebase,AddTemplateCP,,,,true,,true,,Knowledge Base
LocalFile,CPKnowledgebase,CancelAddKBArticle,,,,true,,true,,Knowledge Base
LocalFile,CPKnowledgebase,CancelEditKBArticle,,,,true,,true,,Knowledge Base
LocalFile,CPKnowledgebase,CannotAddDuplicateKBFolder,,,,true,,true,,Knowledge Base
LocalFile,CPKnowledgebase,DeleteKBArticleViaKBAdmin,,,,true,,true,,Knowledge Base
LocalFile,CPKnowledgebase,DeleteKBFolder,,,,true,,true,,Knowledge Base
LocalFile,CPKnowledgebase,EditKBArticleAndAddAttachmentViaKBAdmin,,,,true,,true,,Knowledge Base
LocalFile,CPKnowledgebase,EditKBArticleViaKBAdmin,,,,true,,true,,Knowledge Base
LocalFile,CPKnowledgebase,EditKBFolder,,,,true,,true,,Knowledge Base
LocalFile,CPKnowledgebase,RemoveParentArticleViaKBAdmin,,,,true,,true,,Knowledge Base
LocalFile,CPKnowledgebase,SaveEditedKBArticleAsDraft,,,,true,,true,,Knowledge Base
LocalFile,CPKnowledgebase,SelectParentArticleViaKBAdmin,,,,true,,true,,Knowledge Base
LocalFile,CPKnowledgebase,ViewChildArticleInKBArticleViaKBAdmin,,,,true,,true,,Knowledge Base
LocalFile,CPKnowledgebase,ViewDuplicateFriendlyURLIsNotAllowed,,,,true,,true,,Knowledge Base
LocalFile,CPKnowledgebase,ViewImportedKBArticlesPrioritization,,,,true,,true,,Knowledge Base
LocalFile,CPKnowledgebase,ViewKBArticlePriority,,,,true,,true,,Knowledge Base
LocalFile,CPKnowledgebase,ViewKBTemplateViaAddKBArticleCP,,,,true,,true,,Knowledge Base
LocalFile,CPKnowledgebase,ViewNoErrorAfterImportWithoutParentMarkdownFiles,,,,true,,true,,Knowledge Base
LocalFile,CPKnowledgebase,ViewPendingKBArticleContent,,,,true,,true,,Knowledge Base
LocalFile,RollingRestartEE,InstallFixPackViaRollingRestart,,,true,,,,,Rolling Restart
LocalFile,RollingRestartEE,InstallFixPackWithMultipleClusters,,,true,,,,,Rolling Restart
LocalFile,RollingRestartEE,InstallFixPackWithNewOSGIConfiguration,,,true,,,,,Rolling Restart
LocalFile,RollingRestartEE,RevertFixPackWithMultipleClusters,,,true,,,,,Rolling Restart
LocalFile,RollingRestartEE,UpdatePortalPropertiesWithMultipleClusters,,,,true,,quarantine,,Rolling Restart
LocalFile,MultiFactorAuthentication,AssertDescriptionsForConfigurationEntries,,,,true,,true,,Multi Factor Authentication
LocalFile,MultiFactorAuthentication,AssertNotificationsAfterMFADisabledOrEnabled,,,,true,,true,,Multi Factor Authentication
LocalFile,MultiFactorAuthentication,BlockedAfterReachAllowedFailedAttempts,,,,true,,true,,Multi Factor Authentication
LocalFile,MultiFactorAuthentication,CheckOrderOfMFAVerifier,,,,true,,true,,Multi Factor Authentication
LocalFile,MultiFactorAuthentication,DisabledBasicAuthenticationOnInstanceLevel,,,,true,,true,,Multi Factor Authentication
LocalFile,MultiFactorAuthentication,DisableOTPForInstanceOnSystemLevel,,,,true,,true,,Multi Factor Authentication
LocalFile,MultiFactorAuthentication,EditEmailTemplate,,,,true,,true,,Multi Factor Authentication
LocalFile,MultiFactorAuthentication,EnableOTPForInstanceAsInstanceAdminUser,,,,true,,true,,Multi Factor Authentication
LocalFile,MultiFactorAuthentication,EndUserPermissionCheck,,,,true,,true,,Multi Factor Authentication
LocalFile,MultiFactorAuthentication,LoginSuccessfulAfterResetPasswordAsEndUser,,,,true,,true,,Multi Factor Authentication
LocalFile,MultiFactorAuthentication,LoginSuccessfulAfterRetryTimeout,,,,true,,true,,Multi Factor Authentication
LocalFile,MultiFactorAuthentication,LoginWithIPBasedVerifierEnabled,,,,true,,true,,Multi Factor Authentication
LocalFile,MultiFactorAuthentication,LoginWithIPBasedVerifierFailedOnInstanceLevel,,,,true,,true,,Multi Factor Authentication
LocalFile,MultiFactorAuthentication,LoginWithOTPEnabled,,,,true,,true,,Multi Factor Authentication
LocalFile,MultiFactorAuthentication,LoginWithTOTPEnabledForEndUser,,,,true,,true,,Multi Factor Authentication
LocalFile,MultiFactorAuthentication,RemoveAndAutoGenerateTOTP,,,,true,,true,,Multi Factor Authentication
LocalFile,MultiFactorAuthentication,RemoveCurrentTOTPWontAffectOthers,,,,true,,true,,Multi Factor Authentication
LocalFile,MultiFactorAuthentication,UseCustomMFAVerifier,,,,true,,true,,Multi Factor Authentication
LocalFile,MultiFactorAuthentication,VerifyUIchangesInMFA,,,,true,,true,,Multi Factor Authentication
LocalFile,MultiFactorAuthentication,ViewOrderOfOTPVerifier,,,,true,,true,,Multi Factor Authentication
LocalFile,MultiFactorAuthentication,ViewResourceActionsOfOTPVerificationFailure,,,,true,,true,,Multi Factor Authentication
LocalFile,MultiFactorAuthentication,ViewResourceActionsOfTOTPVerificationAttempts,,,,true,,true,,Multi Factor Authentication
LocalFile,StagingBlogs,PublishDraftViaSAP,,,,true,,true,,Blogs
LocalFile,StagingBlogs,PublishEntryViaSAP,,,,true,,true,,Blogs
LocalFile,StagingBlogs,PublishEntryWithDeletedSmallImage,,,,true,,true,,Blogs
LocalFile,StagingBlogs,ShareBlogsEntryOnLiveSite,,,,true,,true,,Blogs
LocalFile,StagingBlogs,StagingBlogsCP,,,,true,,true,Training,Blogs
LocalFile,StagingBlogs,StagingBlogsPG,,,,true,,true,,Blogs
LocalFile,StagingBlogs,StagingBlogsWithScheduledPublishing,,,,true,,true,,Blogs
LocalFile,StagingBlogs,StagingLocalLiveLockAndEditBlogsEntry,,,,true,,true,,Blogs
LocalFile,StagingBlogs,ViewBlogsAsAGuestAndSiteMember,,,,true,,true,,Blogs
LocalFile,NotificationsUpgrade,ViewNotifications625,,,,true,,true,Notifications,Upgrades Collaboration
LocalFile,NotificationsUpgrade,ViewNotifications621015,,,,true,,true,Notifications,Upgrades Collaboration
LocalFile,NotificationsUpgrade,ViewNotifications621021,,,,true,,true,Notifications,Upgrades Collaboration
LocalFile,MySubscriptions,SubscribeAndUnsubscribetoDMFolder,,,,false,,true,,My Subscriptions
LocalFile,Quicknote,AddQuickNote,true,,,true,,true,,Util
LocalFile,ContentPageReviewNotifications,ViewComment,,,,true,,true,,Content Page Review
LocalFile,ContentPageReviewNotifications,ViewCommentFurtherReply,,,,true,,true,,Content Page Review
LocalFile,ContentPageReviewNotifications,ViewCommentReply,,,,true,,true,,Content Page Review
LocalFile,ContentPageReviewNotifications,ViewMentionFromComment,,,,true,,true,,Content Page Review
LocalFile,NotificationsWiki,ViewWebsiteNotificationForNewWikiPage,,,,true,,true,Wiki,Notifications
LocalFile,NotificationsWiki,ViewWebsiteNotificationForUpdatedWikiPage,,,,true,,true,Wiki,Notifications
LocalFile,NotificationsDM,ViewNoWebsiteNotificationForNewDocumentInFolder,,,,true,,true,,Notifications
LocalFile,NotificationsDM,ViewNoWebsiteNotificationForUpdatedDocumentInFolder,,,,true,,true,,Notifications
LocalFile,NotificationsDM,ViewWebsiteNotificationForNewDocumentInFolder,,,,true,,true,,Notifications
LocalFile,NotificationsDM,ViewWebsiteNotificationForUpdatedDocumentInFolder,,,,true,,true,,Notifications
LocalFile,SocialBookmarks,ChangeSocialBookmarkSitesForKBArticle,,,,,,true,,Social Bookmarks
LocalFile,SocialBookmarks,ViewBlogsEntryWithSocialBookmarksSites,,,,,,true,,Social Bookmarks
LocalFile,SocialBookmarks,ViewKBArticleWithAllSocialBookmarkSites,,,,,,true,,Social Bookmarks
LocalFile,CPRolesCPWiki,ViewWikiPortletRegRole,,,,true,,true,Roles,Wiki
LocalFile,CPRolesCPWiki,ViewWikiPortletSiteRole,,,,true,,true,Roles,Wiki
LocalFile,PGKnowledgebasedisplay,AddChildArticle,,,,true,,true,,Knowledge Base
LocalFile,PGKnowledgebasedisplay,AddKBArticleContentNull,,,,true,,true,,Knowledge Base
LocalFile,PGKnowledgebasedisplay,AddKBArticleSuggestion,,,,true,,true,,Knowledge Base
LocalFile,PGKnowledgebasedisplay,AddKBArticleTitleNull,,,,true,,true,,Knowledge Base
LocalFile,PGKnowledgebasedisplay,AddMultipleKBArticleSuggestions,,,,true,,true,,Knowledge Base
LocalFile,PGKnowledgebasedisplay,CancelAddChildArticle,,,,true,,true,,Knowledge Base
LocalFile,PGKnowledgebasedisplay,CannotViewDuplicateBreadcrumbsWhenAddingParentArticle,,,,true,,true,,Knowledge Base
LocalFile,PGKnowledgebasedisplay,DeleteChildArticle,,,,true,,true,,Knowledge Base
LocalFile,PGKnowledgebasedisplay,DeleteKBArticleViaKBDisplay,,,,true,,true,,Knowledge Base
LocalFile,PGKnowledgebasedisplay,EditChildArticle,,,,true,,true,,Knowledge Base
LocalFile,PGKnowledgebasedisplay,EditKBArticle,,,,true,,true,,Knowledge Base
LocalFile,PGKnowledgebasedisplay,EditKBArticleDisplaySettingsViaKBDisplayConfiguration,,,,true,,true,,Knowledge Base
LocalFile,PGKnowledgebasedisplay,SelectParentArticleViaKBDisplay,,,,true,,true,,Knowledge Base
LocalFile,PGKnowledgebasedisplay,ViewEditedKBArticleTitleHistory,,,,true,,true,,Knowledge Base
LocalFile,PGKnowledgebasedisplay,ViewKBArticleSuggestionsWorkflow,,,,true,,true,,Knowledge Base
LocalFile,PGKnowledgebasedisplay,ViewKBArticleViaDefaultFriendlyURL,,,,true,,true,,Knowledge Base
LocalFile,PGKnowledgebasedisplay,ViewKBArticleViaNavigationLinks,,,,true,,true,,Knowledge Base
LocalFile,PGKnowledgebasedisplay,ViewKBArticleViaUserDefinedFriendlyURL,,,,true,,true,,Knowledge Base
LocalFile,PGKnowledgebasedisplay,ViewKBArticleWithBlogsEntryRelatedAsset,,,,true,,true,,Knowledge Base
LocalFile,PGKnowledgebasedisplay,ViewKBArticleWithKBChildArticleHierarchyNavigation,,,,true,,true,,Knowledge Base
LocalFile,PGKnowledgebasedisplay,ViewKBArticleWithoutConfiguration,,,,true,,true,,Knowledge Base
LocalFile,PGKnowledgebasedisplay,ViewKBArticleWithXSSCodeInjectedTitle,,,,true,,true,,Knowledge Base
LocalFile,PGKnowledgebasedisplay,ViewKBChildArticleViaNextLink,,,,true,,true,,Knowledge Base
LocalFile,PGKnowledgebasedisplay,ViewNoDuplicateKBSuggestionAfterRefresh,,,,true,,true,,Knowledge Base
LocalFile,NotificationsMessageBoards,FilterByReadAndUnread,,,,true,,true,,Notifications
LocalFile,NotificationsMessageBoards,ViewNoWebsiteNotificationForNewThreadInCategory,,,,true,,true,,Notifications
LocalFile,NotificationsMessageBoards,ViewNoWebsiteNotificationForUpdatedThreadInCategory,,,,true,,true,,Notifications
LocalFile,NotificationsMessageBoards,ViewWebsiteNotificationForNewThreadInCategory,,,,true,,true,,Notifications
LocalFile,NotificationsMessageBoards,ViewWebsiteNotificationForUpdatedThreadInCategory,,,,true,,true,,Notifications
LocalFile,PGBlogs,AddBlogsEntry,,,,true,,true,WYSIWYG,Blogs
LocalFile,PGBlogs,AddBlogsEntryComment,,,,true,,true,,Blogs
LocalFile,PGBlogs,AddBlogsEntryContentNull,,,,true,,true,,Blogs
LocalFile,PGBlogs,AddBlogsEntryScheduled,,,,true,,true,,Blogs
LocalFile,PGBlogs,AddBlogsEntryTitle255Characters,,,,true,,true,,Blogs
LocalFile,PGBlogs,AddBlogsEntryTitle256Characters,,,,true,,true,,Blogs
LocalFile,PGBlogs,AddBlogsEntryTitleEscapeCharacters,,,,true,,true,,Blogs
LocalFile,PGBlogs,AddBlogsEntryTitleNull,,,,true,,true,,Blogs
LocalFile,PGBlogs,AddBlogsEntryWithSamePageScope,,,,true,,true,,Blogs
LocalFile,PGBlogs,AddBlogsEntryWithSubtitle,,,,true,,true,,Blogs
LocalFile,PGBlogs,AddBlogsEntryWithTrackbackURL,,,,true,,true,,Blogs
LocalFile,PGBlogs,AddCustomURL,,,,true,,true,,Blogs
LocalFile,PGBlogs,AddDuplicateCustomURL,,,,true,,true,,Blogs
LocalFile,PGBlogs,AddPortletToOrganizationSitePublicPage,,,,true,,true,,Blogs
LocalFile,PGBlogs,AssertAutomaticURL,,,,true,,true,,Blogs
LocalFile,PGBlogs,AssertDuplicateAutomaticURLNormalizes,,,,true,,true,,Blogs
LocalFile,PGBlogs,AssertInputBetweenStateChanges,,,,true,,true,,Blogs
LocalFile,PGBlogs,AssertValidationForCustomURL,,,,true,,true,,Blogs
LocalFile,PGBlogs,DeleteBlogsEntries,,,,true,,true,,Blogs
LocalFile,PGBlogs,DeleteBlogsEntryComment,,,,true,,true,,Blogs
LocalFile,PGBlogs,EditBlogsEntry,,true,,true,,true,,Blogs
LocalFile,PGBlogs,EditBlogsEntryComment,,true,,true,,true,,Blogs
LocalFile,PGBlogs,EditBlogsEntryComments,,,,true,,true,,Blogs
LocalFile,PGBlogs,EmbedVideo,,true,,true,,true,WYSIWYG,Blogs
LocalFile,PGBlogs,MoveToRecycleBinBlogsEntry,,,,true,,true,,Blogs
LocalFile,PGBlogs,RemoveSmallImage,,true,,true,,true,WYSIWYG,Blogs
LocalFile,PGBlogs,SaveBlogsEntryDraft,,true,,true,,true,,Blogs
LocalFile,PGBlogs,SaveBlogsEntryDraftAuto,,,,true,,true,,Blogs
LocalFile,PGBlogs,SearchBlogsEntryContent,,,,true,,true,,Blogs
LocalFile,PGBlogs,SearchBlogsEntryContentQuotes,,,,true,,true,,Blogs
LocalFile,PGBlogs,SearchBlogsEntryTitle,,,,true,,true,,Blogs
LocalFile,PGBlogs,SearchBlogsEntryTitleQuotes,,,,true,,true,,Blogs
LocalFile,PGBlogs,SubscribeToBlogsEntryComment,,,,true,,true,,Blogs
LocalFile,PGBlogs,UserFlagsEntryAndAdminViewsNotificationInMockMock,,,,true,,true,,Blogs
LocalFile,PGBlogs,UserSubscribeToBlogsAndViewEntryEmails,,,,true,,true,,Blogs
LocalFile,PGBlogs,ViewAbstractDescriptionWithEntryContent,,,,true,,true,,Blogs
LocalFile,PGBlogs,ViewBlogEntryViaEditedCustomURL,,,,true,,true,,Blogs
LocalFile,PGBlogs,ViewBlogsEntryCommentAsGuest,,,,true,,true,,Blogs
LocalFile,PGBlogs,ViewBlogsEntryDraftNoAsUser,,,,true,,true,,Blogs
LocalFile,PGBlogs,ViewBlogsEntryReadingTime,,true,,true,,true,,Blogs
LocalFile,PGBlogs,ViewBlogsEntryRSS,true,,,true,,true,,Blogs
LocalFile,PGBlogs,ViewBlogsEntryViewCount,,,,true,,true,,Blogs
LocalFile,PGBlogs,ViewBlogsEntryWithAbstractDisplayTemplate,,,,true,,true,,Blogs
LocalFile,PGBlogs,ViewBlogsEntryWithDefaultScope,,,,true,,true,,Blogs
LocalFile,PGBlogs,ViewBlogsEntryWithFullContentDisplayTemplate,,,,true,,true,,Blogs
LocalFile,PGBlogs,ViewBlogsEntryWithGuestPermissionsRemoved,,,,true,,true,,Blogs
LocalFile,PGBlogs,ViewBlogsEntryWithTitleDisplayTemplate,,,,true,,true,,Blogs
LocalFile,PGBlogs,ViewBlogsEntryWithUploadedCoverImage,,,,true,,true,,Blogs
LocalFile,PGBlogs,ViewBlogsPortletWithNoPermissions,,,,true,,true,,Blogs
LocalFile,PGBlogs,ViewEntriesUsingCardADT,,,,true,,true,,Blogs
LocalFile,PGBlogs,ViewUpdatedFriendlyURL,,,,true,,true,,Blogs
LocalFile,NotificationsUsecase,MarkNotificationAsReadAndAcceptRequest,,,,true,,true,,Notifications
LocalFile,NotificationsUsecase,StagingViewEditedArticleNotification,,,,true,,true,,Notifications
LocalFile,NotificationsUsecase,ViewFolderArticleNotification,,,,true,,true,,Notifications
LocalFile,NotificationsUsecase,ViewNoNotification,,,,true,,true,,Notifications
LocalFile,NotificationsUsecase,ViewNotificationAfterRestoring,,,,true,,true,,Notifications
LocalFile,PGWikidisplay,AddWikiFrontPageChildPage,,,,true,,true,,Wiki
LocalFile,PGWikidisplay,AddWikiFrontPageChildPageFormatHTML,,,,true,,true,,Wiki
LocalFile,PGWikidisplay,AddWikiFrontPageChildPageInvalidTitle,,,,true,,true,,Wiki
LocalFile,PGWikidisplay,DeleteWikiFrontPage,,,,true,,true,,Wiki
LocalFile,PGWikidisplay,ViewConfigurationSetupPageFrontPage,,,,true,,true,,Wiki
LocalFile,StagingWiki,AddWikiAndCreateContentWithStagingThenPublishAfterDelete,,,,true,,true,,Wiki
LocalFile,StagingWiki,RemoveStagedWikiAttachment,,,,true,,true,,Wiki
LocalFile,StagingWiki,RenameChildPageNameCP,,,,true,,true,,Wiki
LocalFile,BlogsUsecase,AddBlogsEntryWithHTML,,,,true,,true,,Blogs
LocalFile,BlogsUsecase,AddBlogsEntryWithInlineImage,,,,true,,true,,Blogs
LocalFile,BlogsUsecase,AddBlogsEntryWithSpecialCharacters,,,,true,,true,,Blogs
LocalFile,BlogsUsecase,AllowMultiplePortletConfigurationsPerSite,,,,true,,true,,Blogs
LocalFile,BlogsUsecase,ChangeBlogsEntryCoverImage,,,,true,,true,,Blogs
LocalFile,BlogsUsecase,DeleteBlogsEntry,,,,true,,true,,Blogs
LocalFile,BlogsUsecase,DeleteDraftBlogsEntry,,,,true,,true,,Blogs
LocalFile,BlogsUsecase,DemoTrackbackURL,,,,true,,true,,Blogs
LocalFile,BlogsUsecase,ExportImportBlogsWithSameTitle,,,,true,,true,,Blogs
LocalFile,BlogsUsecase,ImportBlogsCommentLAR,,,,true,,true,,Blogs
LocalFile,BlogsUsecase,RestoreBlogsEntry,,,,true,,true,,Blogs
LocalFile,BlogsUsecase,ViewBlogsEntriesAsGuestViaAP,,,,true,,true,,Blogs
LocalFile,BlogsUsecase,ViewBlogsEntryAsPublishedAfterFutureDisplayDateEditing,,,,true,,true,,Blogs
LocalFile,BlogsUsecase,ViewBlogsEntryAsPublishedViaAP,,,,true,,true,,Blogs
LocalFile,BlogsUsecase,ViewBlogsEntryFriendlyURLViaBlogsPortletAndRecentBloggers,,,,true,,true,,Blogs
LocalFile,BlogsUsecase,ViewBlogsEntryOnMultiplePagesWithDefaultAndPageScope,,,,true,,true,,Blogs
LocalFile,BlogsUsecase,ViewBlogsEntryWithCoverImageFromDMFolders,,,,true,,true,,Blogs
LocalFile,BlogsUsecase,ViewBlogsEntryWithCoverImageUploadedToDM,,,,true,,true,,Blogs
LocalFile,BlogsUsecase,ViewBlogsEntryWithCustomAbstract,,,,true,,true,,Blogs
LocalFile,BlogsUsecase,ViewBlogsEntryWithDefaultAbstract,,,,true,,true,,Blogs
LocalFile,BlogsUsecase,ViewBlogsEntryWithFutureDisplayDateViaBlogsAggregator,,,,true,,true,,Blogs
LocalFile,BlogsUsecase,ViewBlogsEntryWithSpecialCharactersOnPrivateVirtualHost,,,,true,,true,,Blogs
LocalFile,BlogsUsecase,ViewBlogsEntryWithXSSCodeInjectedTitle,,,,true,,true,,Blogs
LocalFile,BlogsUsecase,ViewNoBlogsDraftDisplaysInAP,,,,true,,true,,Blogs
LocalFile,BlogsUsecase,ViewParentOrganizationViaSelectOrganizationInBlogsConfiguration,,,,true,,true,,Blogs
LocalFile,DMAutoTaggingUpgrade,ViewDMArchive72101,,,,true,,true,Documents Management,Upgrades Collaboration
LocalFile,NotificationsBlogs,DeleteNotifications,,,,true,,true,Notification,Notifications
LocalFile,NotificationsBlogs,MarkAllNotificationsAsRead,,,,true,,true,Notification,Notifications
LocalFile,NotificationsBlogs,ViewMultipleNotifications,,,,true,,true,Notification,Notifications
LocalFile,NotificationsBlogs,ViewNoWebsiteNotificationForNewBlogsEntry,,,,true,,true,Notification,Notifications
LocalFile,NotificationsBlogs,ViewNoWebsiteNotificationForUpdatedBlogsEntry,,,,true,,true,Notification,Notifications
LocalFile,NotificationsBlogs,ViewWebsiteNotificationdForMention,,,,true,,true,Notification,Notifications
LocalFile,NotificationsBlogs,ViewWebsiteNotificationForNewBlogsEntry,,,,true,,true,Notification,Notifications
LocalFile,NotificationsBlogs,ViewWebsiteNotificationForNewCommentViaBlogs,,,,true,,true,Notification,Notifications
LocalFile,CPRolesCPDocumentsandmedia,ViewDocumentsAndMediaPortletRegRole,,true,,true,,true,Roles,Documents Management
LocalFile,CPRolesCPDocumentsandmedia,ViewDocumentsAndMediaPortletSiteRole,,,,true,,true,Roles,Documents Management
LocalFile,SAML,AddUserInheritedRolesAsSAMLAttributeStatements,,,,true,,true,,SAML
LocalFile,SAML,AssertInstanceAdminCannotConfigureIdPWhenDisableIdPRole,,,,true,,true,,SAML
LocalFile,SAML,AssertKeepAliveToKeepMySAMLSessionAlive,,,,true,,true,,SAML
LocalFile,SAML,AssertSAMLSPUserInformationUpdatesAfterChangingOnIdP,,,,true,,true,,SAML
LocalFile,SAML,AssertSignedSAMLMetadata,,,,true,,true,,SAML
LocalFile,SAML,AssertSSOFailsWhenAlgorithmsMismatch,,,,true,,true,,SAML
LocalFile,SAML,AssertSSOIdleSessionTakesPrecedenceOverIdPSessionTimeout,,,,true,,true,,SAML
LocalFile,SAML,AssertSSOSessionExistsAfterSPSessionTimeout,,,,true,,true,,SAML
LocalFile,SAML,AssertSSOSessionExpiresAfterMaximumSessionAge,,,,true,,true,,SAML
LocalFile,SAML,AssertSSOWithEncryptionAndDecryption,,,,true,,true,,SAML
LocalFile,SAML,AssertSSOWithSignAuthnRequests,,,,true,,true,,SAML
LocalFile,SAML,ConfigureSAMLToImportUsersFromLDAP,,,,true,,true,,SAML
LocalFile,SAML,HotDeploySAMLApp,,,,true,,true,,SAML
LocalFile,SAML,ImportEncryptionCertificateFromPKCS12KeystoreFile,,,,true,,true,,SAML
LocalFile,SAML,ImportSigningCertificateFromPKCS12KeystoreFile,,,,true,,true,,SAML
LocalFile,SAML,SPInitiatedSSOWithScreenNameIdentifier,,,,true,,true,,SAML
LocalFile,SAML,ValidateVulnerabilitiesXMLAttacks,,,,true,,true,,SAML
LocalFile,SAML,ViewIdPInitiatedSSO,,,,true,,true,,SAML
LocalFile,SAML,ViewIdPInitiatedSSOWithRememberMeChecked,,,,true,,true,,SAML
LocalFile,SAML,ViewIdPSingleLogoutWithMultipleSPs,,,,true,,quarantine,,SAML
LocalFile,SAML,ViewSingleLogoutAndForceAuthWithMultipleSPs,,,,true,,quarantine,,SAML
LocalFile,SAML,ViewSingleLogoutHTTPPostBindingInConsole,,,,true,,true,,SAML
LocalFile,SAML,ViewSPInitiatedSSO,,,,true,,true,,SAML
LocalFile,SAML,ViewSPInitiatedSSOWithMultipleIdPsAndAssertRenderLoginPortletWithoutIdpsMatched,,,,true,,true,,SAML
LocalFile,SAML,ViewSPInitiatedSSOWithTransientNameId,,,,true,,true,,SAML
LocalFile,WikiUsecase,ActivateInitialStagingWithAttachment,,,,true,,true,,Wiki
LocalFile,WikiUsecase,ConfigureEmailContent,,,,true,,true,,Wiki
LocalFile,WikiUsecase,ConfigurePortletDisplaySettings,,,,true,,true,,Wiki
LocalFile,WikiUsecase,ImportLARLinkNode,,,,true,,true,Training,Wiki
LocalFile,WikiUsecase,NavigationPortletSmoke,,,,true,,true,,Wiki
LocalFile,WikiUsecase,RestoreDeletedFrontPage,,,,true,,true,,Wiki
LocalFile,WikiUsecase,SearchChildPageComment,,,,true,,true,,Wiki
LocalFile,WikiUsecase,SearchFrontPageAttachments,,,,true,,true,,Wiki
LocalFile,WikiUsecase,ViewDraftPagesViaBreadcrumb,,,,true,,true,,Wiki
LocalFile,WikiUsecase,ViewNoXSSViaAddPage,,,,true,,true,,Wiki
LocalFile,DocumentLibraryStore,AdvancedFileSystemStoreSmoke,,,,true,,true,,Document Library Stores
LocalFile,DocumentLibraryStore,DBStoreSmoke,,,,true,,true,,Document Library Stores
LocalFile,DocumentLibraryStore,FileSystemStoreSmoke,,,,true,,true,,Document Library Stores
LocalFile,CPWiki,AddFrontPage,,true,,true,,true,,Wiki
LocalFile,CPWiki,AddNode,,,,true,,true,,Wiki
LocalFile,CPWiki,AddPageToNode,,,,true,,true,,Wiki
LocalFile,CPWiki,AddPageWithDMImageViaURL,,,,true,,true,,Wiki
LocalFile,CPWiki,CKEditorSmoke,,true,,true,,true,,Wiki
LocalFile,CPWiki,ComparePageVersions,,,,true,,true,,Wiki
LocalFile,CPWiki,DeleteFrontPage,,,,true,,true,,Wiki
LocalFile,CPWiki,DeleteNode,,true,,true,,true,,Wiki
LocalFile,CPWiki,EditNode,,true,,true,,true,Training,Wiki
LocalFile,CPWiki,ImportLarAndViewPages,,,,true,,true,Training,Wiki
LocalFile,CPWiki,MovePageUnderNewParentPage,,,,true,,true,,Wiki
LocalFile,CPWiki,RestoreDeletedPage,,,,true,,true,,Wiki
LocalFile,CPWiki,ViewPageRSS,true,,,true,,true,,Wiki
LocalFile,ContentDashboardAuditGraph,AuditGraphClickOnBar,,true,,true,,true,,Content Dashboard
LocalFile,ContentDashboardAuditGraph,AuditGraphClickOnBarDeleteOneFilter,,true,,true,,true,,Content Dashboard
LocalFile,ContentDashboardAuditGraph,AuditGraphFlipAxes,,true,,true,,true,,Content Dashboard
LocalFile,ContentDashboardAuditGraph,AuditGraphFlipAxesDisabled,,true,,true,,true,,Content Dashboard
LocalFile,ContentDashboardAuditGraph,AuditGraphNoContentsForAudience,,true,,true,,true,,Content Dashboard
LocalFile,ContentDashboardAuditGraph,AuditGraphNoContentsForEachCategory,,true,,true,,true,,Content Dashboard
LocalFile,ContentDashboardAuditGraph,AuditGraphNoContentsForStage,,true,,true,,true,,Content Dashboard
LocalFile,ContentDashboardAuditGraph,AuditGraphSaveFiltersAfterSwapping,,true,,true,,true,,Content Dashboard
LocalFile,ContentDashboardAuditGraph,AuditGraphTwoBarsForNoSpecifiedCategory,,true,,true,,true,,Content Dashboard
LocalFile,ContentDashboardAuditGraph,AuditGraphUncheckCheckbox,,true,,true,,true,,Content Dashboard
LocalFile,DocumentsandmediaUpgrade,ViewDMArchive625,,,,true,,true,Documents Management,Upgrades Collaboration
LocalFile,DocumentsandmediaUpgrade,ViewDMArchive621015,,,,true,,true,Documents Management,Upgrades Collaboration
LocalFile,DocumentsandmediaUpgrade,ViewDMArchive621021,,,,true,,true,Documents Management,Upgrades Collaboration
LocalFile,AdaptiveMedia,AddAMIWithHighDensityResolution,,true,,true,,true,,Adaptive Media
LocalFile,AdaptiveMedia,AddAMIWithZeroPixels,,,,true,,true,,Adaptive Media
LocalFile,AdaptiveMedia,AddAndEditEntriesWithSpecialCharacters,,,,true,,true,,Adaptive Media
LocalFile,AdaptiveMedia,AddAndUpdateAMIWithImagesInDM,,,,true,,true,,Adaptive Media
LocalFile,AdaptiveMedia,AddDuplicateImageResolution,,,,true,,true,,Adaptive Media
LocalFile,AdaptiveMedia,AddImageResolutionWithNoDimensions,,,,true,,true,,Adaptive Media
LocalFile,AdaptiveMedia,AddImageResolutionWithSingleDimension,,,,true,,true,,Adaptive Media
LocalFile,AdaptiveMedia,AssertAdaptedImageInBlogsEntry,,,,true,,true,,Adaptive Media
LocalFile,AdaptiveMedia,AssertAdaptedImageInWebContent,,true,,true,,true,,Adaptive Media
LocalFile,AdaptiveMedia,AssertAdaptedSVGImageInBlogsEntry,,true,,true,,true,,Adaptive Media
LocalFile,AdaptiveMedia,CannotAddNonNumericWidthOrHeight,,,,true,,true,,Adaptive Media
LocalFile,AdaptiveMedia,EditAndDeleteDisabledAMI,,,,true,,true,,Adaptive Media
LocalFile,AdaptiveMedia,EditImageResolutionWithAdaptedImages,,,,true,,true,,Adaptive Media
LocalFile,AdaptiveMedia,EditImageResolutionWithNoDimensions,,,,true,,true,,Adaptive Media
LocalFile,AdaptiveMedia,EditImageResolutionWithoutAdaptedImage,,,,true,,true,,Adaptive Media
LocalFile,AdaptiveMedia,EditImageResolutionWithSingleDimension,,,,true,,true,,Adaptive Media
LocalFile,AdaptiveMedia,OptimizeAllImageResolutions,,,,true,,true,,Adaptive Media
LocalFile,AdaptiveMedia,ViewAutomaticAndCustomImageVariantIDs,,,,true,,true,,Adaptive Media
LocalFile,AdaptiveMedia,ViewNoImageResolutionInNewVirtualInstance,,,,true,,true,,Adaptive Media
LocalFile,AdaptiveMedia,ViewNumberOfAdaptedImagesAfterAdaptingImages,,,,true,,true,,Adaptive Media
LocalFile,CPRolesPGDocumentsandmedia,AddDMDocumentRegRoleDefaultPermissions,,true,,true,,true,Roles,Documents Management
LocalFile,CPRolesPGDocumentsandmedia,AddDMDocumentRegRoleDefinePermissions,,true,,true,,true,Roles,Documents Management
LocalFile,CPRolesPGDocumentsandmedia,AddDMDocumentSiteMemberRoleInline,,,,true,,true,Roles,Documents Management
LocalFile,CPRolesPGDocumentsandmedia,AddDMDocumentSiteRole,,,,true,,true,Roles,Documents Management
LocalFile,CPRolesPGDocumentsandmedia,DeleteDMFolderRegRoleInline,,,,true,,true,Training,Documents Management
LocalFile,CPRolesPGDocumentsandmedia,ViewDMDocumentNoGuestRole,,,,true,,true,Roles,Documents Management
LocalFile,CPRolesPGDocumentsandmedia,ViewDMFolderGuestInline,,,,true,,true,Roles,Documents Management
LocalFile,StagingDMWithVariation,StagingDemoDocumentsAndMedia,,true,,true,,true,Training,Documents Management
LocalFile,MessageboardsUsecase,AddMBThreadWithLinkToDocument,,true,,true,,true,,Message Boards
LocalFile,MessageboardsUsecase,AddMBThreadWithLinkToPage,,true,,true,,true,,Message Boards
LocalFile,MessageboardsUsecase,DeleteMessageboardsThread,,,,true,,true,,Message Boards
LocalFile,MessageboardsUsecase,RestoreMessageboardsThread,,,,true,,true,,Message Boards
LocalFile,MessageboardsUsecase,SearchMBThreadCategory,,,,true,,true,,Message Boards
LocalFile,MessageboardsUsecase,SearchMessageBoardsAttachment,,,,true,,true,,Message Boards
LocalFile,MessageboardsUsecase,SplitMBThread,,,,true,,true,,Message Boards
LocalFile,MessageboardsUsecase,ViewBBCodeNoXSSWithRemoteServices,,,,true,,true,,Message Boards
LocalFile,MessageboardsUsecase,ViewCorrectViewPermissionsInMessageBoardsQuickReplyInPrivateSite,,,,true,,true,,Message Boards
LocalFile,MessageboardsUsecase,ViewMBThreadAndReplyThreadInGmail,true,,,true,,true,,Message Boards
LocalFile,MessageboardsUsecase,ViewMessageBoardsBannedUsers,,,,true,,true,,Message Boards
LocalFile,MessageboardsUsecase,ViewMessageBoardsRSS,true,,,true,,true,,Message Boards
LocalFile,MessageboardsUsecase,ViewMessageBoardsThreadStatistics,,,,true,,true,,Message Boards
LocalFile,MessageboardsUsecase,ViewNoHTMLXSS,,,,true,,true,,Message Boards
LocalFile,MessageboardsUsecase,ViewNoMBThreadXSS,,,,true,,true,,Message Boards
LocalFile,MessageboardsUsecase,ViewNoSubscribeLinksNoWithEmailNotificationsDisabled,,,,true,,true,,Message Boards
LocalFile,MessageboardsUsecase,ViewPagersForCategoriesAndThreads,,,,true,,true,,Message Boards
LocalFile,MessageboardsUsecase,ViewQuestionOnSplitThread,,,,true,,true,,Message Boards
LocalFile,MessageboardsUsecase,ViewThreadDefaultQuestion,,,,true,,true,,Message Boards
LocalFile,DMMetadataSet,AddToAndRemoveFromDocumentType,,,,true,,true,,Documents Management
LocalFile,DMMetadataSet,DeleteEntry,,,,true,,true,,Documents Management
LocalFile,DMMetadataSet,DeleteEntryViaManagementBar,,,,true,,true,,Documents Management
LocalFile,DMMetadataSet,DeleteFields,,,,true,,true,,Documents Management
LocalFile,DMMetadataSet,ViewDocumentwithEditedImageField,,,,true,,true,,Documents Management
LocalFile,DMMetadataSet,ViewDocumentwithEditedTextField,,,,true,,true,,Documents Management
LocalFile,DMMetadataSet,ViewDocumentwithEditedUploadField,,,,true,,true,,Documents Management
LocalFile,PGMessageboards,AddMBCategories,,,,true,,true,,Message Boards
LocalFile,PGMessageboards,AddMBCategoryDescription,,,,true,,true,,Message Boards
LocalFile,PGMessageboards,AddMBCategoryNameUTF8,,,,true,,true,,Message Boards
LocalFile,PGMessageboards,AddMBCategoryNullName,,,,true,,true,,Message Boards
LocalFile,PGMessageboards,AddMBCategorySubcategoryThread,,,,true,,true,Training,Message Boards
LocalFile,PGMessageboards,AddMBCategoryThreadQuestion,,,,true,,true,,Message Boards
LocalFile,PGMessageboards,AddMBCategoryThreadUTF8,,,,true,,true,,Message Boards
LocalFile,PGMessageboards,AddMBThread,,,,true,,true,,Message Boards
LocalFile,PGMessageboards,AddMBThreadGuestReply,,,,true,,true,,Message Boards
LocalFile,PGMessageboards,AddMBThreadNullBody,,,,true,,true,,Message Boards
LocalFile,PGMessageboards,AddMBThreadReply,,,,true,,true,,Message Boards
LocalFile,PGMessageboards,AddMBThreadWithInvalidAttachmentSize,,,,true,,true,,Message Boards
LocalFile,PGMessageboards,AddMBThreadWithMultipleAttachments,,,,true,,true,,Message Boards
LocalFile,PGMessageboards,CancelEditOnThread,,,,true,,true,,Message Boards
LocalFile,PGMessageboards,CancelThread,,,,true,,true,,Message Boards
LocalFile,PGMessageboards,DeleteMBCategory,,true,,true,,true,,Message Boards
LocalFile,PGMessageboards,DeleteMBThread,,true,,true,,true,,Message Boards
LocalFile,PGMessageboards,EditMBCategory,,true,,true,,true,,Message Boards
LocalFile,PGMessageboards,EditMBThreadSubjectAndBody,,,,true,,true,,Message Boards
LocalFile,PGMessageboards,LockAndUnlockThread,,,,true,,true,,Message Boards
LocalFile,PGMessageboards,MoveMBCategory1ThreadToCategory2,,,,true,,true,,Message Boards
LocalFile,PGMessageboards,MoveMBCategory1ThreadWithExplanationPostToCategory2,,,,true,,true,,Message Boards
LocalFile,PGMessageboards,ReplyAfterDownloadingMBThreadAttachmentTwice,,,,true,,true,,Message Boards
LocalFile,PGMessageboards,SaveThreadAsDraft,,,,true,,true,,Message Boards
LocalFile,PGMessageboards,ViewDefaultEmailFromConfigurationAndSubscriptionEmail,,,,true,,true,,Message Boards
LocalFile,PGMessageboards,ViewMBThreadReplyViaMoreMessages,,,,true,,true,,Message Boards
LocalFile,PGMessageboards,ViewSubcategorySubscriptionViaMySubscriptionsPage,,,,true,,true,,Message Boards
LocalFile,PGMessageboards,ViewVisualStateOfReadMBThread,,,,true,,true,,Message Boards
LocalFile,CPRolesPGBlogs,AddBlogsEntryNoGuestRole,,true,,true,,true,Roles,Blogs
LocalFile,CPRolesPGBlogs,AddBlogsEntryOrgRole,,,,true,,true,Roles,Blogs
LocalFile,CPRolesPGBlogs,AddBlogsEntryOrgRoleInline,,,,true,,true,Roles,Blogs
LocalFile,CPRolesPGBlogs,AddBlogsEntryRegRole,,true,,true,,true,Roles,Blogs
LocalFile,CPRolesPGBlogs,AddBlogsEntryRegRoleInline,,,,true,,true,Roles,Blogs
LocalFile,CPRolesPGBlogs,AddBlogsEntrySiteRole,,,,true,,true,Roles,Blogs
LocalFile,CPRolesPGBlogs,AddBlogsEntrySiteRoleInline,,,,true,,true,Roles,Blogs
LocalFile,CPRolesPGBlogs,AddBlogsEntrySiteTeamRoleInline,,,,true,,true,Roles,Blogs
LocalFile,CPRolesPGBlogs,DeleteBlogsEntryNoGuestRole,,,,true,,true,Roles,Blogs
LocalFile,CPRolesPGBlogs,DeleteBlogsEntryOrgRoleDefaultPermission,,true,,true,,true,Roles,Blogs
LocalFile,CPRolesPGBlogs,DeleteBlogsEntryOrgRoleDefinePermission,,true,,true,,true,Roles,Blogs
LocalFile,CPRolesPGBlogs,DeleteBlogsEntryOrgRoleInline,,,,true,,true,Roles,Blogs
LocalFile,CPRolesPGBlogs,DeleteBlogsEntryOwnerRoleInline,,,,true,,true,Roles,Blogs
LocalFile,CPRolesPGBlogs,DeleteBlogsEntryRegRole,,,,true,,true,Roles,Blogs
LocalFile,CPRolesPGBlogs,DeleteBlogsEntryRegRoleInline,,,,true,,true,Roles,Blogs
LocalFile,CPRolesPGBlogs,DeleteBlogsEntrySiteRole,,,,true,,true,Roles,Blogs
LocalFile,CPRolesPGBlogs,DeleteBlogsEntrySiteRoleInline,,,,true,,true,Roles,Blogs
LocalFile,CPRolesPGBlogs,DeleteBlogsEntrySiteTeamRoleInline,,,,true,,true,Roles,Blogs
LocalFile,CPRolesPGBlogs,EditBlogsEntryOwnerRoleInline,,,,true,,true,Roles,Blogs
LocalFile,CPRolesPGBlogs,SubscribeBlogsRegRole,,true,,true,,true,Roles,Blogs
LocalFile,CPRolesPGBlogs,SubscribeBlogsRegRoleInline,,,,true,,true,Roles,Blogs
LocalFile,CPRolesPGBlogs,SubscribeBlogsSiteRoleInline,,,,true,,true,Roles,Blogs
LocalFile,CPRolesPGBlogs,ViewBlogsEntryPermissionsOwnerRoleInline,,,,true,,true,Roles,Blogs
LocalFile,CPRolesPGBlogs,ViewBlogsPermissionsRegRole,,true,,true,,true,Roles,Blogs
LocalFile,CPRolesPGBlogs,ViewBlogsPermissionsRegRoleInline,,,,true,,true,Roles,Blogs
LocalFile,CPRolesPGBlogs,ViewBlogsPermissionsSiteRole,,,,true,,true,Roles,Blogs
LocalFile,CPRolesPGBlogs,ViewBlogsPermissionsSiteRoleInline,,,,true,,true,Roles,Blogs
LocalFile,CPRolesPGBlogs,ViewBlogsPortletNoGuestRole,,,,true,,true,Roles,Blogs
LocalFile,ContentDashboard,ContentDashboardClickTitleApprovedDPTWithNoPermissions,,true,,true,,true,,Content Dashboard
LocalFile,ContentDashboard,ContentDashboardClickTitleApprovedDPTWithPermissions,,true,,true,,true,,Content Dashboard
LocalFile,ContentDashboard,ContentDashboardEditWebContent,,true,,true,,true,,Content Dashboard
LocalFile,ContentDashboard,ContentDashboardExpiredWebContent,,true,,true,,true,,Content Dashboard
LocalFile,ContentDashboard,ContentDashboardFilterByAuthor,,true,,true,,true,,Content Dashboard
LocalFile,ContentDashboard,ContentDashboardFilterByCategory,,true,,true,,true,,Content Dashboard
LocalFile,ContentDashboard,ContentDashboardFilterByCategoryAndSubtype,,true,,true,,true,,Content Dashboard
LocalFile,ContentDashboard,ContentDashboardFilterByMultipleTags,,true,,true,,true,,Content Dashboard
LocalFile,ContentDashboard,ContentDashboardFilterBySite,,true,,true,,true,,Content Dashboard
LocalFile,ContentDashboard,ContentDashboardFilterByStatusAny,,true,,true,,true,,Content Dashboard
LocalFile,ContentDashboard,ContentDashboardFilterByStatusApproved,,true,,true,,true,,Content Dashboard
LocalFile,ContentDashboard,ContentDashboardFilterByStatusDraft,,true,,true,,true,,Content Dashboard
LocalFile,ContentDashboard,ContentDashboardFilterByStatusScheduled,,true,,true,,true,,Content Dashboard
LocalFile,ContentDashboard,ContentDashboardFilterByTag,,true,,true,,true,,Content Dashboard
LocalFile,ContentDashboard,ContentDashboardOrderByModificationDate,,,,true,,true,,Content Dashboard
LocalFile,ContentDashboard,ContentDashboardOrderByTitle,,,,true,,true,,Content Dashboard
LocalFile,ContentDashboard,ContentDashboardSaveFiltersAfterEditing,,true,,true,,true,,Content Dashboard
LocalFile,ContentDashboard,ContentDashboardViewInfoPanel,,true,,true,,true,,Content Dashboard
LocalFile,DLVideoRemoteStaging,PublishBlogWithEmbeddedVideo,,,,true,,true,,Documents Management
LocalFile,DMAutoTagging,AddAndRemoveImageAutoTagViaGogoShell,,,,true,,true,,Auto Tagging
LocalFile,DMAutoTagging,AssertImageAutoTagAfterPublishToLive,,,,true,,true,,Auto Tagging
LocalFile,DMAutoTagging,AutoTagImagesOnSeparateNodes,,,,true,,true,,Auto Tagging
LocalFile,DMAutoTagging,ConfigureImageAutoTaggingPerSite,,,,true,,true,,Auto Tagging
LocalFile,DMAutoTagging,DeleteAutoTaggedDocument,,,,true,,true,,Auto Tagging
LocalFile,DMAutoTagging,MaxNumberOfTagsCheckBetweenInstanceLevelAndPortalLevel,,,,true,,true,,Auto Tagging
LocalFile,DMAutoTagging,NoAutoTagForManuallyTaggedImage,,,,true,,true,,Auto Tagging
LocalFile,DMAutoTagging,OpenNLPSmoke,,true,,true,,true,,Auto Tagging
LocalFile,DMAutoTagging,RemoveImageAutoTag,,,,true,,true,,Auto Tagging
LocalFile,DMAutoTagging,RemoveOpenNLPAutoTag,,,,true,,true,,Auto Tagging
LocalFile,DMAutoTagging,Smoke,,true,,true,,true,,Auto Tagging
LocalFile,KnowledgebaseUsecase,AddCommentInWorkflowSubmission,,,,true,,true,,Knowledge Base
LocalFile,KnowledgebaseUsecase,AddKBChildArticleAsDraft,,,,true,,true,,Knowledge Base
LocalFile,KnowledgebaseUsecase,ConfiguredKBRootFolder,,,,true,,true,,Knowledge Base
LocalFile,KnowledgebaseUsecase,DeleteConfiguredKBFolder,,true,,true,,true,Training,Knowledge Base
LocalFile,KnowledgebaseUsecase,DeleteImportedArticles,,,,true,,true,Training,Knowledge Base
LocalFile,KnowledgebaseUsecase,EditKBArticleWithCustomField,,,,true,,true,,Knowledge Base
LocalFile,KnowledgebaseUsecase,EditKBFolderWithCustomField,,,,true,,true,,Knowledge Base
LocalFile,KnowledgebaseUsecase,EmbedVideo,,,,true,,true,,Knowledge Base
LocalFile,KnowledgebaseUsecase,SaveEditedChildArticleAsDraft,,,,true,,true,,Knowledge Base
LocalFile,KnowledgebaseUsecase,SearchChildArticleViaSearchPortletPG,,,,true,,true,,Knowledge Base
LocalFile,KnowledgebaseUsecase,SearchKBArticleInFolderViaSearchPortlet,,,,true,,true,,Knowledge Base
LocalFile,KnowledgebaseUsecase,SearchKBArticleViaSearchPortlet,,,,true,,true,,Knowledge Base
LocalFile,KnowledgebaseUsecase,SearchKBArticleWithSpecialCharactersViaSearchPortletPG,,,,true,,true,,Knowledge Base
LocalFile,KnowledgebaseUsecase,ViewChildArticleViaUserDefinedFriendlyURL,,,,true,,true,,Knowledge Base
LocalFile,KnowledgebaseUsecase,ViewConfiguredKBArticleWithinFolderViaKBDisplay,,,,true,,true,,Knowledge Base
LocalFile,KnowledgebaseUsecase,ViewDefaultFolderViaKBDisplay,,,,true,,true,,Knowledge Base
LocalFile,KnowledgebaseUsecase,ViewImportedKBArticlesInHierarchyWithMarkdownFormat,,,,true,,true,,Knowledge Base
LocalFile,KnowledgebaseUsecase,ViewImportedKBArticlesWithMultiplePeerHierarchies,,,,true,,true,,Knowledge Base
LocalFile,KnowledgebaseUsecase,ViewImportedKBArticleWithImagesAsKBAttachments,,,,true,,true,,Knowledge Base
LocalFile,KnowledgebaseUsecase,ViewImportedKBArticleWithSourceURLMetadata,,,,true,,true,,Knowledge Base
LocalFile,KnowledgebaseUsecase,ViewKBArticleFriendlyURL,,,,true,,true,,Knowledge Base
LocalFile,KnowledgebaseUsecase,ViewKBArticleGitHubSourceURL,,,,true,,true,,Knowledge Base
LocalFile,KnowledgebaseUsecase,ViewKBArticleNoHierarchyInFolder,,,,true,,true,,Knowledge Base
LocalFile,KnowledgebaseUsecase,ViewKBArticlesHierarchyWithinFolders,,,,true,,true,,Knowledge Base
LocalFile,KnowledgebaseUsecase,ViewKBArticlesInDifferentScopesPerSite,,,,true,,true,,Knowledge Base
LocalFile,KnowledgebaseUsecase,ViewKBArticlesInKBFolder,,,,true,,true,,Knowledge Base
LocalFile,KnowledgebaseUsecase,ViewKBArticlesInMultipleKBFolders,,,,true,,true,,Knowledge Base
LocalFile,KnowledgebaseUsecase,ViewKBArticleSuggestionsWorkflow,,,,true,,true,,Knowledge Base
LocalFile,KnowledgebaseUsecase,ViewKBArticleSuggestionsWorkflowNotificationEmail,,,,true,,true,,Knowledge Base
LocalFile,KnowledgebaseUsecase,ViewKBArticlesWithTheSamePriorityViaNavigationLinks,,,,true,,true,,Knowledge Base
LocalFile,KnowledgebaseUsecase,ViewKBArticleWithTheSameTitleAndPriorityInDifferentFolders,,,,true,,true,,Knowledge Base
LocalFile,KnowledgebaseUsecase,ViewSuggestionsWithPermissions,,,,true,,true,,Knowledge Base
LocalFile,KnowledgebaseUsecase,ViewUnchangedKBArticlePriorityAfterEdit,,,,true,,true,,Knowledge Base
LocalFile,KnowledgebaseUsecase,ViewUnchangedKBArticleTitleViaLocalizedPage,,,,true,,true,,Knowledge Base
LocalFile,ExportProcess,DeleteCustomExportProcess,,,,true,,true,,Export/Import Framework
LocalFile,ExportProcess,DeletePortletExportProcess,,,,true,,true,,Export/Import Framework
LocalFile,ExportProcess,RelaunchCustomExportProcess,,,,true,,true,,Export/Import Framework
LocalFile,ExportProcess,ViewExportProcess,,,,true,,true,,Export/Import Framework
LocalFile,DLVideoLocalStaging,PublishKBAfterDeletingEmbeddedVideo,,,,true,,true,,Documents Management
LocalFile,DLVideoLocalStaging,PublishWCAfterEditingEmbeddedVideo,,,,true,,true,,Documents Management
LocalFile,ImportErrorMessages,Import6210buildNumber,,,,true,,true,,Export/Import Framework
LocalFile,ClassicTheme,ConfigureLookAndFeelSettingsSinglePage,,true,,true,,helloworld,Theme,Theme
LocalFile,ExportTemplate,DeleteExportTemplate,,,,true,,true,,Export/Import Framework
LocalFile,ExportTemplate,ExportWithRelaunchedProcess,,,,true,,true,,Export/Import Framework
LocalFile,ExportTemplate,SearchExportTemplate,,,,true,,true,,Export/Import Framework
LocalFile,PGWiki,AddChildSiteWikiFrontPageFormatHTML,,,,true,,true,Training,Wiki
LocalFile,PGWiki,AddFrontPageChildPageFormatHTML,,,,true,,true,,Wiki
LocalFile,PGWiki,AddFrontPageChildPageWithInvalidTitle,,,,true,,true,,Wiki
LocalFile,PGWiki,AddFrontPageContentWithNoJavascript,,,,true,,true,,Wiki
LocalFile,PGWiki,AddFrontPageWithAttachments,,,,true,,true,,Wiki
LocalFile,PGWiki,AddFrontPageWithChildPages,,,,true,,true,,Wiki
LocalFile,PGWiki,AddFrontPageWithCreoleFormat,,,,true,,true,,Wiki
LocalFile,PGWiki,AddFrontPageWithHTMLFormat,,true,,true,,true,Training,Wiki
LocalFile,PGWiki,AddPageWithChildPage,,true,,true,,true,,Wiki
LocalFile,PGWiki,AddPageWithHTMLFormat,,true,,true,,true,,Wiki
LocalFile,PGWiki,AddPageWithImageViaURL,,,,true,,true,,Wiki
LocalFile,PGWiki,AddPageWithInlineImage,,,,true,,true,,Wiki
LocalFile,PGWiki,AddWikiPages,,,,true,,true,Training,Wiki
LocalFile,PGWiki,CancelAddPage,,,,true,,true,,Wiki
LocalFile,PGWiki,CancelEditPage,,,,true,,true,,Wiki
LocalFile,PGWiki,CompareVersionEditFrontPage,,,,true,,true,,Wiki
LocalFile,PGWiki,CopyPage,,,,true,,true,,Wiki
LocalFile,PGWiki,DeleteFrontPage,,true,,true,,true,,Wiki
LocalFile,PGWiki,DeletePage,,true,,true,,true,,Wiki
LocalFile,PGWiki,EditDraftPage,,,,true,,true,,Wiki
LocalFile,PGWiki,EditFrontPage,,true,,true,,true,,Wiki
LocalFile,PGWiki,LinkWikiPage1toWikiPage2,,,,true,,true,,Wiki
LocalFile,PGWiki,RemoveRedirectLinkFromPage,,,,true,,true,,Wiki
LocalFile,PGWiki,RenamePageTitle,,,,true,,true,,Wiki
LocalFile,PGWiki,RevertChangesMadeToParentPages,,,,true,,true,,Wiki
LocalFile,PGWiki,RevertEditFrontPage,,,,true,,true,,Wiki
LocalFile,PGWiki,SaveEditedPageAsDraft,,,,true,,true,,Wiki
LocalFile,DLVideo,AddBlogEntryWithEmbeddedVideo,,,,true,,true,,Documents Management
LocalFile,DLVideo,AddKBArticleWithEmbeddedVideo,,,,true,,true,,Documents Management
LocalFile,DLVideo,AddWCWithEmbeddedVideo,,,,true,,true,,Documents Management
LocalFile,DLVideo,AssertNoVideoInItemSelectorAfterDisablingXuggler,,,,true,,true,,Documents Management
LocalFile,DLVideo,ImportExportedBlogWithEmbeddedVideo,,,,true,,true,,Documents Management
LocalFile,DLVideo,ImportExportedKBWithEmbeddedVideo,,,,true,,true,,Documents Management
LocalFile,DLVideo,ImportExportedWebContentWithEmbeddedVideo,,,,true,,true,,Documents Management
LocalFile,DLVideo,ViewFromDisconnectedSite,,,,true,,true,,Documents Management
LocalFile,GoogleDriveShortcut,EditAndDeleteGoogleDoc,,,,false,,true,,Documents Management
LocalFile,GoogleDriveShortcut,EditAndDeleteGoogleDocDepot,,,,false,,true,,Documents Management
LocalFile,GoogleDriveShortcut,MoveGoogleDocToFolder,,,,false,,true,,Documents Management
LocalFile,SyncUsecase,AddDocument,,false,,false,,true,Training,Sync
LocalFile,ClayCheckbox,SmokeAPI,,,,true,,true,Clay,User Interface
LocalFile,ClayCheckbox,ValidateDefaultCheckboxUI,,,,true,,true,Clay,User Interface
LocalFile,AMDLoader,CheckAMDLoaderLogLevel,,,,true,,true,,AMD Loader
LocalFile,RemoteApps,AddRemoteApp,,true,,true,,true,Remote Apps,Remote Apps
LocalFile,RemoteApps,DeleteRemoteApp,,true,,true,,true,Remote Apps,Remote Apps
LocalFile,Search,AssertBasicFacetSelection,,,,true,,true,,Web Search
LocalFile,Search,AssertGuestCannotSeeEmptySearchWidgets,,,,true,,true,,Web Search
LocalFile,Search,AssertNonAdminsCannotAddCertainWidgets,,,,true,,true,,Web Search
LocalFile,Search,AssertSearchURLWhenModifyingPagination,,,,true,,true,,Web Search
LocalFile,Search,AssertSuggestionsCannotOfferInvalidWordsAsSuggestion,,,,true,,true,,Web Search
LocalFile,Search,ModifyPaginationConfigurationProperties,,,,true,,true,,Web Search
LocalFile,Search,ModifyPaginationPortalProperties,,true,,true,,true,,Web Search
LocalFile,Search,NavigateToAssetEditPageViaSearchResults,,,,true,,true,,Web Search
LocalFile,Search,NavigateToSearchResultsViaURL,,true,,true,,true,,Web Search
LocalFile,Search,SearchAfterViewingResultDetails,,,,true,,true,,Web Search
LocalFile,Search,SearchBlogsEntry,,,,true,,true,,Web Search
LocalFile,Search,SearchBlogsEntryCategory,,,,true,,true,,Web Search
LocalFile,Search,SearchBlogsEntryCategoryQuotes,,,,true,,true,,Web Search
LocalFile,Search,SearchBlogsEntryQuotes,,,,true,,true,,Web Search
LocalFile,Search,SearchBlogsEntryTag,,,,true,,true,,Web Search
LocalFile,Search,SearchBlogsEntryTagQuotes,,,,true,,true,,Web Search
LocalFile,Search,SearchBlogsScopedToPage,,,,true,,true,,Web Search
LocalFile,Search,SearchContentPagesSmoke,,,,true,,true,,Web Search
LocalFile,Search,SearchDeletedWebContent,,,,true,,true,,Web Search
LocalFile,Search,SearchDifferentScopesViaNewSite,,,,true,,true,,Web Search
LocalFile,Search,SearchDifferentScopesViaSearchWidget,,true,,true,,true,,Web Search
LocalFile,Search,SearchDocumentsAndMediaDocument,,,,true,,true,Training,Web Search
LocalFile,Search,SearchGlobalTemplateSmoke,,false,,true,,false,,Web Search
LocalFile,Search,SearchUser,,,,true,,true,,Web Search
LocalFile,Search,SearchUserWildcard,,,,true,,true,,Web Search
LocalFile,Search,SearchUsingCustomFacet,,true,,true,,true,,Web Search
LocalFile,Search,SearchWebContent,,,,true,,true,,Web Search
LocalFile,Search,SearchWikiPage,,,,true,,true,,Web Search
LocalFile,Search,SearchWithFolderFacet,,,,true,,true,,Web Search
LocalFile,Search,SearchWithModifiedFacet,,,,true,,true,,Web Search
LocalFile,Search,SearchWithTypeFacet,,,,true,,true,,Web Search
LocalFile,Search,SearchXSSAsset,,,,true,,true,,Web Search
LocalFile,Search,ViewCreatedSearchPagePermissions,,,,true,,true,,Web Search
LocalFile,Search,ViewDefaultSearchPagePermissions,,,,true,,true,,Web Search
LocalFile,Search,ViewFacetPersistence,,,,true,,true,,Web Search
LocalFile,Search,ViewMultipleFacetURLs,,,,true,,true,,Web Search
LocalFile,Search,ViewSearchResultDetails,,true,,true,,true,,Web Search
LocalFile,Search,ViewSortedSearchResults,,,,true,,true,,Web Search
LocalFile,Search,ViewStagedAndLiveContentInSearchResults,,,,true,,true,,Web Search
LocalFile,SPA,AssertLoadingBar,,true,,true,,true,,User Interface
LocalFile,ClayMultiselect,SmokeAPI,,,,true,,true,Clay,User Interface
LocalFile,PGMediagallery,AddFolder,,,,true,,true,,Documents Management
LocalFile,PGMediagallery,AddFolderDocument,,,,true,,true,,Documents Management
LocalFile,PGMediagallery,AddFolders,,,,true,,true,,Documents Management
LocalFile,PGMediagallery,AddSubfolderDocument,,,,true,,true,,Documents Management
LocalFile,PGMediagallery,AddSubfolders,,,,true,,true,,Documents Management
LocalFile,PGMediagallery,ADTDMMediaGallery,,,,true,,true,,Documents Management
LocalFile,PGMediagallery,DeleteFolderDocument,,true,,true,,true,,Documents Management
LocalFile,PGMediagallery,EditFolder,,,,true,,true,,Documents Management
LocalFile,PGMediagallery,EditFolderDocument,,,,true,,true,,Documents Management
LocalFile,PGMediagallery,SearchFolderDocument,,,,true,,true,,Documents Management
LocalFile,PGMediagallery,ViewSVG,,,,true,,true,,Documents Management
LocalFile,PGMediagallery,ViewVideoViaMediaGallery,,,,true,,true,,Documents Management
LocalFile,ClayAlert,ToastMessageAutoClose,,,,true,,true,Clay,User Interface
LocalFile,ClayAlert,ToastMessageManualClose,,,,true,,true,Clay,User Interface
LocalFile,ClaySelect,SmokeMultipleSelect,,,,true,,true,Clay,User Interface
LocalFile,ClaySelect,SmokeRegularSelect,,,,true,,true,Clay,User Interface
LocalFile,Accessibility,Smoke,,true,,true,,true,Accessibility,User Interface
LocalFile,Accessibility,ViewCollaborationPortlets,true,,,true,,true,Accessibility,User Interface
LocalFile,UIInfrastructure,PreviewCustomDefault,,,,true,,true,Mobile Web,User Interface
LocalFile,UIInfrastructure,PreviewCustomHeightWidth,,,,true,,true,Mobile Web,User Interface
LocalFile,UIInfrastructure,PreviewDesktop,,,,true,,true,Mobile Web,User Interface
LocalFile,UIInfrastructure,PreviewSmartphone,,,,true,,true,Mobile Web,User Interface
LocalFile,UIInfrastructure,PreviewTablet,,,,true,,true,Mobile Web,User Interface
LocalFile,Theme,ApplyThemeToSinglePage,,,,true,,true,Theme,Theme
LocalFile,Theme,DeactivateAndReactivateTheme,,,,true,,true,Theme,Theme
LocalFile,Theme,StartPortalWithoutClassicTheme,,,,true,,true,Theme,Theme
LocalFile,Theme,UninstallAndRedeployTheme,,,,true,,true,Theme,Theme
LocalFile,CPDocumentsandmedia,AddShortcutToSiteDocument,,,,true,,true,Training,Documents Management
LocalFile,CPDocumentsandmedia,ChangeDocumentType,,,,true,,true,,Documents Management
LocalFile,CPDocumentsandmedia,CheckInDocumentAsCurrentVersion,,,,true,,true,,Documents Management
LocalFile,CPDocumentsandmedia,CheckInDocumentAsMajorVersion,,,,true,,true,,Documents Management
LocalFile,CPDocumentsandmedia,CheckInDocumentAsMinorVersion,,,,true,,true,,Documents Management
LocalFile,CPDocumentsandmedia,CheckInDocumentAtManagementBar,,,,true,,true,,Documents Management
LocalFile,CPDocumentsandmedia,CustomizeVersionNumberMajor,,,,true,,true,,Documents Management
LocalFile,CPDocumentsandmedia,CustomizeVersionNumberMinor,,,,true,,true,,Documents Management
LocalFile,CPDocumentsandmedia,DownloadDocumentAfterMoveBetweenFolders,,,,true,,true,,Documents Management
LocalFile,CPDocumentsandmedia,DownloadDocumentThroughFileName,,,,true,,true,,Documents Management
LocalFile,CPDocumentsandmedia,DownloadDocumentThroughTitle,,,,true,,true,,Documents Management
LocalFile,CPDocumentsandmedia,DownloadDocumentWithCustomFileName,,,,true,,true,,Documents Management
LocalFile,CPDocumentsandmedia,DownloadMultipleDocumentsSimultaneously,,,,true,,true,,Documents Management
LocalFile,CPDocumentsandmedia,EditDocument,,true,,true,,true,,Documents Management
LocalFile,CPDocumentsandmedia,EditFolder,,true,,true,,true,Training,Documents Management
LocalFile,CPDocumentsandmedia,EditShortcutDestination,,,,true,,true,,Documents Management
LocalFile,CPDocumentsandmedia,ExceedStorageQuotaSingleUpload,,,,true,,true,,Documents Management
LocalFile,CPDocumentsandmedia,LimitCheckInMaxFileVersion,,,,true,,true,,Documents Management
LocalFile,CPDocumentsandmedia,LimitMaxFileVersion,,,,true,,true,,Documents Management
LocalFile,CPDocumentsandmedia,MoveDocumentToFolder,,true,,true,,true,,Documents Management
LocalFile,CPDocumentsandmedia,MoveFolderToFolder,,,,true,,true,,Documents Management
LocalFile,CPDocumentsandmedia,MoveSubfolderToParentFolderWithSameName,,,,true,,true,,Documents Management
LocalFile,CPDocumentsandmedia,MoveToRecycleBinDocument,,true,,true,,true,,Documents Management
LocalFile,CPDocumentsandmedia,MoveToRecycleBinFolder,,true,,true,,true,,Documents Management
LocalFile,CPDocumentsandmedia,PreviewDocumentThroughURL,,,,true,,true,,Documents Management
LocalFile,CPDocumentsandmedia,PreviewEmptyState,,,,true,,true,,Documents Management
LocalFile,CPDocumentsandmedia,PreviewFileThatExceedsLimit,,,,true,,true,,Documents Management
LocalFile,CPDocumentsandmedia,PreviewJPG,,true,,true,,true,,Documents Management
LocalFile,CPDocumentsandmedia,PreviewMP4,,,,true,,true,,Documents Management
LocalFile,CPDocumentsandmedia,PreviewPDF,,true,,true,,true,,Documents Management
LocalFile,CPDocumentsandmedia,PreviewPNG,,,,true,,true,,Documents Management
LocalFile,CPDocumentsandmedia,PreviewSVG,,true,,true,,true,,Documents Management
LocalFile,CPDocumentsandmedia,RestoreShortcutAfterDeletingTarget,,,,true,,true,,Documents Management
LocalFile,CPDocumentsandmedia,SearchForDocumentInHomeFolder,,,,true,,true,,Documents Management
LocalFile,CPDocumentsandmedia,SearchForDocumentWithPartialText,,,,true,,true,,Documents Management
LocalFile,CPDocumentsandmedia,SelectAllAndCheckIn,,,,true,,true,,Documents Management
LocalFile,CPDocumentsandmedia,SelectAllAndDelete,,,,true,,true,,Documents Management
LocalFile,CPDocumentsandmedia,ViewDocumentInDifferentViews,,,,true,,true,,Documents Management
LocalFile,CPDocumentsandmedia,ViewDocumentWithEditedDisplayPageTemplate,,,,true,,true,,Documents Management
LocalFile,CPDocumentsandmedia,ViewShortcutAfterDeletingTarget,,,,true,,true,,Documents Management
LocalFile,CPDocumentsandmedia,ViewTargetAfterDeletingShortcut,,,,true,,true,,Documents Management
LocalFile,GraphQLAPIsExplorer,disableApiEplorer,,,,true,,true,,Headless
LocalFile,GraphQLAPIsExplorer,enableApiEplorer,,,,true,,true,,Headless
LocalFile,DMDocumentType,AddDuplicateFields,,,,true,,true,,Documents Management
LocalFile,DMDocumentType,AddEntryWithMetadataSet,,true,,true,,true,Training,Documents Management
LocalFile,DMDocumentType,AddEntryWithNoTitle,,,,true,,true,,Documents Management
LocalFile,DMDocumentType,AddMultipleEntries,,,,true,,true,,Documents Management
LocalFile,DMDocumentType,AddPredefinedImageViaImageField,,,,true,,true,,Documents Management
LocalFile,DMDocumentType,AddPredefinedImageViaRichText,,,,true,,true,,Documents Management
LocalFile,DMDocumentType,CheckOutDocumentWithCustomField,,,,true,,true,,Documents Management
LocalFile,DMDocumentType,DeleteEntry,,,,true,,true,,Documents Management
LocalFile,DMDocumentType,DeleteFields,,,,true,,true,,Documents Management
LocalFile,DMDocumentType,EditEntry,,,,true,,true,Training,Documents Management
LocalFile,DMDocumentType,UpdateEntryWithPermissions,,,,true,,true,Training,Documents Management
LocalFile,DMDocumentType,ViewDocumentwithEditedImageField,,,,true,,true,,Documents Management
LocalFile,DMDocumentType,ViewDocumentwithEditedTextField,,,,true,,true,,Documents Management
LocalFile,DMDocumentType,ViewDocumentwithEditedUploadField,,,,true,,true,,Documents Management
LocalFile,DMDocumentType,ViewDocumentwithRepeatableImageField,,,,true,,true,,Documents Management
LocalFile,DMDocumentType,ViewLocalizedDocumentField,,,,true,,true,,Documents Management
LocalFile,DMDocumentType,ViewLocalizedDocumentType,,,,true,,true,,Documents Management
LocalFile,PollsUpgrade,ViewPollsArchive625,,,,true,,true,Polls,Upgrades Forms
LocalFile,PollsUpgrade,ViewPollsArchive621015,,,,true,,true,Polls,Upgrades Forms
LocalFile,PollsUpgrade,ViewPollsArchive621021,,,,true,,true,Polls,Upgrades Forms
LocalFile,RemoteStagingDM,DeleteDocumentWithCustomType,,,,true,,true,,Documents Management
LocalFile,RemoteStagingDM,EditDocumentWithCustomType,,,,true,,true,,Documents Management
LocalFile,RemoteStagingDM,PublishEditsToDocumentType,,,,true,,true,,Documents Management
LocalFile,RemoteStagingDM,PublishEditsToDocumentUsingCustomTypeAndSet,,,,true,,true,,Documents Management
LocalFile,RemoteStagingDM,PublishEditsToMetadataSet,,,,true,,true,,Documents Management
LocalFile,RemoteStagingDM,StagingRemoteLiveDeleteDocumentWithWebContentField,,,,true,,true,,Documents Management
LocalFile,RemoteStagingDM,ViewRepublishedDocumentInfo,,,,true,,true,,Documents Management
LocalFile,RemoteStagingDM,ViewWebContentWithDeletedImage,,,,true,,true,,Documents Management
LocalFile,RemoteStagingDM,ViewWebContentWithRepublishedImage,,,,true,,true,,Documents Management
LocalFile,JSONSmoke,RunAllJSONMacros,,true,,true,,true,,Site Pages Administration
LocalFile,JSONWidget,AddWidgetsToDifferentColumns,,,,true,,true,,Site Pages Administration
LocalFile,JSONWidget,AddWidgetsToPrivateLayout,,,,true,,true,,Site Pages Administration
LocalFile,JSONWidget,AddWidgetsToPublicLayout,,,,true,,true,,Site Pages Administration
LocalFile,JSONWidget,UpdateLayoutTemplate,,,,true,,true,,Site Pages Administration
LocalFile,CreateQuestions,AddQuestionCategory,,true,,true,,true,,Questions
LocalFile,WYSIWYGUsecase,AddBlogsEntryWithImageViaBlogsImages,,,,true,,true,WYSIWYG,User Interface
LocalFile,WYSIWYGUsecase,AddWebContentArticleCopyPasteContent,,,,true,,true,WYSIWYG,User Interface
LocalFile,WYSIWYGUsecase,AddWebContentArticleWithImageViaURL,,,,true,,true,WYSIWYG,User Interface
LocalFile,WYSIWYGUsecase,PreviewSourceContent,,,,true,,true,WYSIWYG,User Interface
LocalFile,WYSIWYGUsecase,PreviewSourceContentEditContent,,,,true,,quarantine,WYSIWYG,User Interface
LocalFile,WYSIWYGUsecase,ViewSourceCodeFormattedInTextView,,,,true,,true,WYSIWYG,User Interface
LocalFile,WYSIWYGUsecase,ViewWikiFrontPageLeftToRight,,,,true,,true,WYSIWYG,User Interface
LocalFile,WYSIWYGUsecase,ViewWikiFrontPageRightToLeft,,,,true,,true,WYSIWYG,User Interface
LocalFile,PublicationsConfiguration,CannotEnablePublicationsWhenStagingIsTurnedOn,,,,true,,true,,Publications
LocalFile,PublicationsConfiguration,EnableDisablePublications,,,,true,,true,,Publications
LocalFile,PublicationsConfiguration,EnablePublicationsAndGoToOverview,,,,true,,true,,Publications
LocalFile,VideoShortcut,AddBlogWithTwitchStream,,,,true,,true,,Documents Management
LocalFile,VideoShortcut,AddFacebookCP,,true,,true,,true,,Documents Management
LocalFile,VideoShortcut,AddFacebookToKBViaItemSelector,,,,true,,true,,Documents Management
LocalFile,VideoShortcut,AddKBArticleWithEmbeddedVideo,,,,true,,true,,Documents Management
LocalFile,VideoShortcut,AddKBArticleWithTwitchStream,,,,true,,true,,Documents Management
LocalFile,VideoShortcut,AddTwitchLiveStreamCP,,,,true,,true,,Documents Management
LocalFile,VideoShortcut,AddTwitchPG,,true,,true,,true,,Documents Management
LocalFile,VideoShortcut,AddTwitchToWCViaItemSelector,,,,true,,true,,Documents Management
LocalFile,VideoShortcut,AddVimeoCP,,true,,true,,true,,Documents Management
LocalFile,VideoShortcut,AddVimeoToBlogViaItemSelector,,,,true,,true,,Documents Management
LocalFile,VideoShortcut,AddWCWithEmbeddedTwitchVideo,,,,true,,true,,Documents Management
LocalFile,VideoShortcut,AddWCWithEmbeddedVideo,,,,true,,true,,Documents Management
LocalFile,VideoShortcut,AddWithInvalidURL,,,,true,,true,,Documents Management
LocalFile,VideoShortcut,AddWithShortenedURL,,true,,true,,true,,Documents Management
LocalFile,VideoShortcut,AddYouTubePG,,true,,true,,true,,Documents Management
LocalFile,VideoShortcut,AddYouTubeToWCViaItemSelector,,,,true,,true,,Documents Management
LocalFile,VideoShortcut,ChangeViewsInItemSelector,,,,true,,true,,Documents Management
LocalFile,VideoShortcut,EditWithShortenedURL,,,,true,,true,,Documents Management
LocalFile,VideoShortcut,SearchForCategory,,,,true,,true,,Documents Management
LocalFile,VideoShortcut,SearchForTag,,,,true,,true,,Documents Management
LocalFile,VideoShortcut,ViewSearchResult,,,,true,,true,,Documents Management
LocalFile,VideoShortcut,ViewThumbnailViaAP,,,,true,,true,,Documents Management
LocalFile,VideoShortcut,ViewVimeoThumbnail,,,,true,,true,,Documents Management
LocalFile,VideoShortcut,ViewYouTubeThumbnail,,,,true,,true,,Documents Management
LocalFile,PublicationsUpgrade,ViewOutOfDatePublicationsArchive7310,,,,true,,true,,Upgrades Publications
LocalFile,ApplicationStandardsSalesdemo,WebProxyDemo,true,,,true,,true,,Application Standards
LocalFile,ManagePublications,CancelPublicationCreation,,,,true,,true,,Publications
LocalFile,ManagePublications,CreateNewPublicationWithLongName,,,,true,,true,,Publications
LocalFile,ManagePublications,CreateNewPublicationWithoutName,,,,true,,true,,Publications
LocalFile,ManagePublications,DeletePublication,,,,true,,true,,Publications
LocalFile,ManagePublications,SwitchPublication,,,,true,,true,,Publications
LocalFile,QuestionsWidgetTagActions,ListOfTagsAppearsInTheTagsTab,,,,true,,true,,Questions
LocalFile,QuestionsWidgetTagActions,SortQuestionsTags,,,,true,,true,,Questions
LocalFile,QuestionsWidgetTagActions,TagCardRedirectTheUserToTheQuestionsThatAreUsingThisTag,,,,true,,true,,Questions
LocalFile,QuestionsWidgetTagActions,ValidateSearchByQuestionTags,,,,true,,true,,Questions
LocalFile,QuestionsWidgetTagActions,ValidateTagsOccurrences,,,,true,,true,,Questions
LocalFile,StagingDM,AddCustomTypeWithoutFields,,,,true,,true,,Documents Management
LocalFile,StagingDM,CommentDMDocumentOnLiveSite,,,,true,,true,,Documents Management
LocalFile,StagingDM,DeleteDocumentWithCustomType,,,,true,,true,,Documents Management
LocalFile,StagingDM,EditDocumentWithCustomType,,,,true,,true,,Documents Management
LocalFile,StagingDM,PublishDocumentFromRestrictedFolder,,,,true,,true,,Documents Management
LocalFile,StagingDM,PublishDocumentTypeViaSAP,,,,true,,true,,Documents Management
LocalFile,StagingDM,PublishEditsToDocumentType,,,,true,,true,,Documents Management
LocalFile,StagingDM,PublishEditsToDocumentUsingCustomTypeAndSet,,,,true,,true,,Documents Management
LocalFile,StagingDM,PublishEditsToMetadataSet,,,,true,,true,,Documents Management
LocalFile,StagingDM,PublishFolderWithWorkflow,,,,true,,true,,Documents Management
LocalFile,StagingDM,PublishSubfolderWithDocumentsViaSAP,,,,true,,true,,Documents Management
LocalFile,StagingDM,ShareDMDocumentOnLiveSite,,,,true,,true,,Documents Management
LocalFile,StagingDM,ViewRepublishedDocumentInfo,,,,true,,true,,Documents Management
LocalFile,StagingDM,ViewWebContentWithDeletedImage,,,,true,,true,,Documents Management
LocalFile,StagingDM,ViewWebContentWithRepublishedImage,,,,true,,true,,Documents Management
LocalFile,UIInfrastructureUsecase,CheckAUIPreloadConfiguration,,,,true,,true,User Interface,User Interface
LocalFile,UIInfrastructureUsecase,RefreshHomePage,,true,,true,,true,User Interface,User Interface
LocalFile,UIInfrastructureUsecase,RefreshWebContent,,true,,true,,true,User Interface,User Interface
LocalFile,UIInfrastructureUsecase,RightToLeftSmoke,,true,,true,,true,WYSIWYG,User Interface
LocalFile,UIInfrastructureUsecase,Smoke,,true,,true,,true,User Interface,User Interface
LocalFile,UIInfrastructureUsecase,ViewNonASCIICharactersWithSPADisabled,,,,true,,true,User Interface,User Interface
LocalFile,UIInfrastructureUsecase,ViewPortletBoundaries,,quarantine,,true,,quarantine,User Interface,User Interface
LocalFile,UIInfrastructureUsecase,ViewSignInSignOutUI,true,false,,true,,true,User Interface,User Interface
LocalFile,Polls,AddPollsQuestionWithExpirationDate,,,,true,,true,,Polls
LocalFile,Polls,AddPollsQuestionWithSpecialCharacters,,,,true,,true,,Polls
LocalFile,Polls,AddPollWithEmptyChoicesAndViewErrorMessage,,,,true,,true,,Polls
LocalFile,Polls,AddViaPollDisplay,,,,true,,true,,Polls
LocalFile,Polls,ViewChart,,,,true,,true,,Polls
LocalFile,Polls,VotePollsQuestionWithGuestPermissions,,,,true,,true,,Polls
LocalFile,WCMSalesdemo,IFrameDemo,,,,true,,true,IFrame Portlet,Web Content Display
LocalFile,WCMSalesdemo,SalesDemo,,,,true,,true,"Web Content Administration,Web Content Display",Web Content Display
LocalFile,DDLSalesdemo,Demo1,,,,true,,quarantine,,Dynamic Data Lists
LocalFile,PublicationsWebContent,PublishExpiredWebContentViaWCD,,,,true,,true,,Publications
LocalFile,PublicationsWebContent,PublishWebContentWithCategory,,,,true,,true,,Publications
LocalFile,PublicationsWebContent,PublishWebContentWithDMAndImageFields,,,,true,,true,,Publications
LocalFile,PublicationsWebContent,PublishWebContentWithFriendlyURL,,,,true,,true,,Publications
LocalFile,SegmentationAssigningRoles,AssignSiteRolesOptionDisabled,,true,,true,,true,,Segmentation
LocalFile,SegmentationAssigningRoles,DisableAssignRolesBySegment,,true,,true,,true,,Segmentation
LocalFile,SegmentationAssigningRoles,EnableAssignRolesBySegment,,true,,true,,true,,Segmentation
LocalFile,LocalizationWithQuestions,AddMultipleSubTopics,,,,true,,true,,Questions
LocalFile,LocalizationWithQuestions,AddQuestionViaSubTopic,,,,true,,true,,Questions
LocalFile,LocalizationWithQuestions,AddQuestionWithMultipleTags,,,,true,,true,,Questions
LocalFile,LocalizationWithQuestions,AddQuestionWithNonLatinCharacters,,,,true,,true,,Questions
LocalFile,LocalizationWithQuestions,CancelDeletions,,,,true,,true,,Questions
LocalFile,LocalizationWithQuestions,DeleteCommentWithNonLatinCharacters,,,,true,,true,,Questions
LocalFile,LocalizationWithQuestions,DeleteEditedAnswer,,,,true,,true,,Questions
LocalFile,LocalizationWithQuestions,DeleteQuestionWithComment,,,,true,,true,,Questions
LocalFile,LocalizationWithQuestions,DeleteTopicWithNonLatinCharacters,,,,true,,true,,Questions
LocalFile,LocalizationWithQuestions,ReplyToAnAnswerWithNonLatinCharacters,,,,true,,true,,Questions
LocalFile,LocalizationWithQuestions,ViewQuestionAfterEditingTopic,,,,true,,true,,Questions
LocalFile,LocalizationWithQuestions,ViewQuestionViaTags,,,,true,,true,,Questions
LocalFile,LocalizationWithQuestions,ViewSortedTags,,,,true,,true,,Questions
LocalFile,PublicationsDM,CheckoutAndCheckinDocumentInPublication,,,,true,,true,,Publications
LocalFile,PublicationsDM,ConflictingPublicationsNeedManualResolution,,,,true,,true,,Publications
LocalFile,PublicationsDM,DeleteDMFolderWithMultipleFiles,,,,true,,true,,Publications
LocalFile,PublicationsDM,PublishDocumentFolderWithEditedDocument,,,,true,,true,,Publications
LocalFile,PublicationsDM,PublishDocumentWithNewDocumentType,,,,true,,true,,Publications
LocalFile,SegmentationEditSegment,EditSegmentUserByOrganizationCountryAndRegion,,,,true,,true,,Segmentation
LocalFile,SegmentationEditSegment,EditSegmentUserByOrganizationTag,,,,true,,true,,Segmentation
LocalFile,SegmentationEditSegment,EditSegmentUserBySessionHostname,,,,true,,true,,Segmentation
LocalFile,SegmentationEditSegment,EditSegmentUserBySessionURL,,quarantine,,true,,quarantine,,Segmentation
LocalFile,SegmentationEditSegment,EditSegmentUserByUserTag,,,,true,,true,,Segmentation
LocalFile,SegmentationEditSegment,EditSegmentUserEmailAddressContainsToEquals,,,,true,,true,,Segmentation
LocalFile,PublicationsPage,ConflictingPublicationsNeedManualResolution,,,,true,,true,,Publications
LocalFile,PublicationsPage,DiscardConflictingChangesOnContentPage,,,,true,,true,,Publications
LocalFile,PublicationsPage,PublishDeletedPageWithTag,,,,true,,true,,Publications
LocalFile,PublicationsPage,PublishPrivateContentPageWithFragment,,,,true,,true,,Publications
LocalFile,PublicationsPage,ViewPageFriendlyURLAfterRevertingPublication,,,,true,,true,,Publications
LocalFile,SegmentationCreateSegment,AddSegmentByOrganizationCountry,true,false,,true,,true,,Segmentation
LocalFile,SegmentationCreateSegment,AddSegmentByOrganizationDateModified,true,false,,true,,true,,Segmentation
LocalFile,SegmentationCreateSegment,AddSegmentByOrganizationHierarchyPath,true,false,,true,,true,,Segmentation
LocalFile,SegmentationCreateSegment,AddSegmentByOrganizationName,true,false,,true,,true,,Segmentation
LocalFile,SegmentationCreateSegment,AddSegmentByOrganizationOrganization,true,false,,true,,true,,Segmentation
LocalFile,SegmentationCreateSegment,AddSegmentByOrganizationParentOrganization,true,false,,true,,true,,Segmentation
LocalFile,SegmentationCreateSegment,AddSegmentByOrganizationRegion,true,false,,true,,true,,Segmentation
LocalFile,SegmentationCreateSegment,AddSegmentByOrganizationTag,true,false,,true,,true,,Segmentation
LocalFile,SegmentationCreateSegment,AddSegmentByOrganizationType,true,false,,true,,true,,Segmentation
LocalFile,SegmentationCreateSegment,AddSegmentByOtherSegments,true,false,,true,,true,,Segmentation
LocalFile,SegmentationCreateSegment,AddSegmentByOtherSegmentsUnableToAddNewSegments,true,false,,true,,true,,Segmentation
LocalFile,SegmentationCreateSegment,AddSegmentByOtherSegmentsWarning,true,false,,true,,true,,Segmentation
LocalFile,SegmentationCreateSegment,AddSegmentBySessionBrowser,true,false,,true,,true,,Segmentation
LocalFile,SegmentationCreateSegment,AddSegmentBySessionCookies,true,false,,true,,true,,Segmentation
LocalFile,SegmentationCreateSegment,AddSegmentBySessionDeviceBrand,true,false,,true,,true,,Segmentation
LocalFile,SegmentationCreateSegment,AddSegmentBySessionDeviceModel,true,false,,true,,true,,Segmentation
LocalFile,SegmentationCreateSegment,AddSegmentBySessionDeviceScreenResolutionHeight,true,false,,true,,true,,Segmentation
LocalFile,SegmentationCreateSegment,AddSegmentBySessionDeviceScreenResolutionWidth,true,false,,true,,true,,Segmentation
LocalFile,SegmentationCreateSegment,AddSegmentBySessionHostname,true,false,,true,,true,,Segmentation
LocalFile,SegmentationCreateSegment,AddSegmentBySessionLanguage,true,false,,true,,true,,Segmentation
LocalFile,SegmentationCreateSegment,AddSegmentBySessionLastSignInDate,true,false,,true,,true,,Segmentation
LocalFile,SegmentationCreateSegment,AddSegmentBySessionLocalDate,true,false,,true,,true,,Segmentation
LocalFile,SegmentationCreateSegment,AddSegmentBySessionReferrerURL,true,false,,true,,true,,Segmentation
LocalFile,SegmentationCreateSegment,AddSegmentBySessionRequestParameters,true,false,,true,,true,,Segmentation
LocalFile,SegmentationCreateSegment,AddSegmentBySessionSignedIn,true,false,,true,,true,,Segmentation
LocalFile,SegmentationCreateSegment,AddSegmentBySessionURL,true,false,,true,,true,,Segmentation
LocalFile,SegmentationCreateSegment,AddSegmentBySessionUserAgent,true,false,,true,,true,,Segmentation
LocalFile,SegmentationCreateSegment,AddSegmentByUserDateModified,true,false,,true,,true,,Segmentation
LocalFile,SegmentationCreateSegment,AddSegmentByUserDateOfBirth,true,false,,true,,true,,Segmentation
LocalFile,SegmentationCreateSegment,AddSegmentByUserEmailAddress,true,false,,true,,true,,Segmentation
LocalFile,SegmentationCreateSegment,AddSegmentByUserFirstName,true,false,,true,,true,,Segmentation
LocalFile,SegmentationCreateSegment,AddSegmentByUserJobTitle,true,false,,true,,true,,Segmentation
LocalFile,SegmentationCreateSegment,AddSegmentByUserLastName,true,false,,true,,true,,Segmentation
LocalFile,SegmentationCreateSegment,AddSegmentByUserName,true,false,,true,,true,,Segmentation
LocalFile,SegmentationCreateSegment,AddSegmentByUserRole,true,false,,true,,true,,Segmentation
LocalFile,SegmentationCreateSegment,AddSegmentByUserScreenName,true,false,,true,,true,,Segmentation
LocalFile,SegmentationCreateSegment,AddSegmentUserEmailAddressContains,,,,true,,true,,Segmentation
LocalFile,SegmentationCreateSegment,AddSegmentUserEmailAddressEquals,,,,true,,true,,Segmentation
LocalFile,SegmentationCreateSegment,AddSegmentUserEmailAddressNotContains,,,,true,,true,,Segmentation
LocalFile,SegmentationCreateSegment,AddSegmentUserEmailAddressNotEquals,,,,true,,true,,Segmentation
LocalFile,SegmentationCreateSegment,AssignSiteRolesOptionEnabled,,true,,true,,true,,Segmentation
LocalFile,SegmentationCreateSegment,SegmentationCheckMembers,,true,,true,,true,,Segmentation
LocalFile,SegmentationCreateSegment,ViewSegmentFieldsType,,,,true,,true,,Segmentation
LocalFile,StagingUpgrade,PublishArticleCreatedByDeletedUserAfterUpgrade704,,,,true,,true,,Upgrades Staging
LocalFile,StagingUpgrade,PublishArticleCreatedByDeletedUserAfterUpgrade70106,,,,true,,true,,Upgrades Staging
LocalFile,StagingUpgrade,PublishArticleCreatedByDeletedUserAfterUpgrade621021,,,,true,,true,,Upgrades Staging
LocalFile,StagingUpgrade,ViewStagingDefaultSettingAfterUpgrade704,,,,true,,true,,Upgrades Staging
LocalFile,StagingUpgrade,ViewStagingDefaultSettingAfterUpgrade70106,,,,true,,true,,Upgrades Staging
LocalFile,StagingUpgrade,ViewStagingDefaultSettingAfterUpgrade621021,,,,true,,true,,Upgrades Staging
LocalFile,PGStagingWithVersioning,AddEventRepeatDaily,,,,true,,true,,Staging
LocalFile,PGStagingWithVersioning,AddPageVariation,,true,,true,,true,Training,Staging
LocalFile,PGStagingWithVersioning,AddPageWithPageVersioningEnabled,,true,,true,,helloworld,,Staging
LocalFile,PGStagingWithVersioning,AddSitePagesVariation,,true,,true,,true,,Staging
LocalFile,StagingActivation,CheckPublicationSummaryLocal,,,,true,,true,,Staging
LocalFile,StagingActivation,CheckPublicationSummaryRemote,,true,,true,,true,,Staging
LocalFile,StagingActivation,DeleteRecycleBinOnStagingActivation,,true,,true,,true,,Staging
LocalFile,ExperienceCreateExperience,AddNewAnyoneExperience,,true,,true,,true,,Segmentation
LocalFile,ExperienceCreateExperience,AddNewExperienceAfterCancelEdit,,true,,true,,true,,Segmentation
LocalFile,ExperienceCreateExperience,AddNewExperienceBasedOtherSegmentsSegment,true,false,,true,,true,,Segmentation
LocalFile,ExperienceCreateExperience,AddNewExperienceOrganizationCountrySegment,true,false,,true,,true,,Segmentation
LocalFile,ExperienceCreateExperience,AddNewExperienceOrganizationDateModifiedSegment,true,false,,true,,true,,Segmentation
LocalFile,ExperienceCreateExperience,AddNewExperienceOrganizationHierarchyPathSegment,true,false,,true,,true,,Segmentation
LocalFile,ExperienceCreateExperience,AddNewExperienceOrganizationNameSegment,true,false,,true,,true,,Segmentation
LocalFile,ExperienceCreateExperience,AddNewExperienceOrganizationOrganizationSegment,true,false,,true,,true,,Segmentation
LocalFile,ExperienceCreateExperience,AddNewExperienceOrganizationParentOrganizationSegment,true,false,,true,,true,,Segmentation
LocalFile,ExperienceCreateExperience,AddNewExperienceOrganizationRegionSegment,true,false,,true,,true,,Segmentation
LocalFile,ExperienceCreateExperience,AddNewExperienceOrganizationTagSegment,true,false,,true,,true,,Segmentation
LocalFile,ExperienceCreateExperience,AddNewExperienceOrganizationTypeSegment,true,false,,true,,true,,Segmentation
LocalFile,ExperienceCreateExperience,AddNewExperienceSessionBrowserSegment,true,false,,true,,true,,Segmentation
LocalFile,ExperienceCreateExperience,AddNewExperienceSessionCookiesSegment,true,false,,true,,true,,Segmentation
LocalFile,ExperienceCreateExperience,AddNewExperienceSessionDeviceBrandSegment,true,false,,true,,true,,Segmentation
LocalFile,ExperienceCreateExperience,AddNewExperienceSessionDeviceModelSegment,true,false,,true,,true,,Segmentation
LocalFile,ExperienceCreateExperience,AddNewExperienceSessionDeviceScreenResolutionHeightSegment,true,false,,true,,true,,Segmentation
LocalFile,ExperienceCreateExperience,AddNewExperienceSessionDeviceScreenResolutionWidthSegment,true,false,,true,,true,,Segmentation
LocalFile,ExperienceCreateExperience,AddNewExperienceSessionHostnameSegment,true,false,,true,,true,,Segmentation
LocalFile,ExperienceCreateExperience,AddNewExperienceSessionLanguageSegment,true,false,,true,,true,,Segmentation
LocalFile,ExperienceCreateExperience,AddNewExperienceSessionLastSignInDateSegment,true,false,,true,,true,,Segmentation
LocalFile,ExperienceCreateExperience,AddNewExperienceSessionLocalDateSegment,true,false,,true,,true,,Segmentation
LocalFile,ExperienceCreateExperience,AddNewExperienceSessionReferrerURLSegment,true,false,,true,,true,,Segmentation
LocalFile,ExperienceCreateExperience,AddNewExperienceSessionRequestParametersSegment,true,false,,true,,true,,Segmentation
LocalFile,ExperienceCreateExperience,AddNewExperienceSessionSignedInSegment,true,false,,true,,true,,Segmentation
LocalFile,ExperienceCreateExperience,AddNewExperienceSessionURLSegment,true,false,,true,,true,,Segmentation
LocalFile,ExperienceCreateExperience,AddNewExperienceSessionUserAgentSegment,true,false,,true,,true,,Segmentation
LocalFile,ExperienceCreateExperience,AddNewExperienceUserDateModifiedSegment,true,false,,true,,true,,Segmentation
LocalFile,ExperienceCreateExperience,AddNewExperienceUserDateOfBirthSegment,true,false,,true,,true,,Segmentation
LocalFile,ExperienceCreateExperience,AddNewExperienceUserEmailAddressSegment,true,false,,true,,true,,Segmentation
LocalFile,ExperienceCreateExperience,AddNewExperienceUserFirstNameSegment,true,false,,true,,true,,Segmentation
LocalFile,ExperienceCreateExperience,AddNewExperienceUserJobTitleSegment,true,false,,true,,true,,Segmentation
LocalFile,ExperienceCreateExperience,AddNewExperienceUserLastNameSegment,true,false,,true,,true,,Segmentation
LocalFile,ExperienceCreateExperience,AddNewExperienceUserNameSegment,true,false,,true,,true,,Segmentation
LocalFile,ExperienceCreateExperience,AddNewExperienceUserRoleSegment,true,false,,true,,true,,Segmentation
LocalFile,ExperienceCreateExperience,AddNewExperienceUserScreenNameSegment,true,false,,true,,true,,Segmentation
LocalFile,ExperienceCreateExperience,AddNewExperienceWithLanguage,,true,,true,,true,,Segmentation
LocalFile,ExperienceCreateExperience,DuplicateExperience,,true,,true,,true,,Segmentation
LocalFile,ExperienceCreateExperience,DuplicateExperienceWithLanguage,,true,,true,,true,,Segmentation
LocalFile,ExperienceCreateExperience,EditAndDeleteExperience,,true,,true,,true,,Segmentation
LocalFile,SocialActivity,CountUserStatisticsAfterEnablingSocialTracking,,,,true,,true,,Social Networking
LocalFile,SocialActivity,DisableSocialTracking,,,,true,,true,,Social Networking
LocalFile,SocialActivity,ViewDraftWikiPageViaActivities,,,,true,,true,,Social Networking
LocalFile,StagingUsecaseWithOrganization,StagingOrganizations,,true,,true,,true,Training,Staging
LocalFile,PublicationsDDL,ConflictingPublicationsNeedManualResolution,,,,true,,true,,Publications
LocalFile,PublicationsDDL,PublishPublicationWithDeletedListAndRecord,,,,true,,true,,Publications
LocalFile,PublicationsDDL,PublishPublicationWithDispalyTemplate,,,,true,,true,,Publications
LocalFile,PublicationsDDL,PublishPublicationWithEditedListAndRecord,,,,true,,true,,Publications
LocalFile,PublicationsDDL,PublishPublicationWithFormTemplate,,,,true,,true,,Publications
LocalFile,PublicationsDDL,PublishPublicationWithNewListAndRecord,,,,true,,true,,Publications
LocalFile,PGDocumentsandmedia,AddDocuments,,,,true,,true,Training,Documents Management
LocalFile,PGDocumentsandmedia,AddFolderDocumentDuplicate,,,,true,,true,,Documents Management
LocalFile,PGDocumentsandmedia,AddFolderDocuments,,,,true,,true,Training,Documents Management
LocalFile,PGDocumentsandmedia,AddFolderImage,,,,true,,true,,Documents Management
LocalFile,PGDocumentsandmedia,AddFolderImageDuplicate,,,,true,,true,,Documents Management
LocalFile,PGDocumentsandmedia,AddFolderImages,,,,true,,true,,Documents Management
LocalFile,PGDocumentsandmedia,AddFolderNameSymbol,,,,true,,true,,Documents Management
LocalFile,PGDocumentsandmedia,AddFolderWithViewOnlyByOwnerPermissions,,,,true,,true,,Documents Management
LocalFile,PGDocumentsandmedia,AddPDFAfterEnablingTextExtraction,,,,true,,true,,Documents Management
LocalFile,PGDocumentsandmedia,AddSubFolderImageAndDocument,,,,true,,true,,Documents Management
LocalFile,PGDocumentsandmedia,AddSubFolderNameDocumentNameDuplicate,,,,true,,true,,Documents Management
LocalFile,PGDocumentsandmedia,AddSubFolders,,,,true,,true,,Documents Management
LocalFile,PGDocumentsandmedia,AllowTitleWithForbiddenCharacters,,,,true,,true,,Documents Management
LocalFile,PGDocumentsandmedia,CancelCheckout,,,,true,,true,,Documents Management
LocalFile,PGDocumentsandmedia,CreateTagUsingAutocomplete,,,,true,,true,,Documents Management
LocalFile,PGDocumentsandmedia,DeleteDocumentInFolder,,true,,true,,true,,Documents Management
LocalFile,PGDocumentsandmedia,DeleteDocumentType,,,,true,,true,,Documents Management
LocalFile,PGDocumentsandmedia,DeleteDocumentWithSlashesInTitle,,,,true,,true,,Documents Management
LocalFile,PGDocumentsandmedia,DeleteFolderWithDocument,,,,true,,true,,Documents Management
LocalFile,PGDocumentsandmedia,DeleteSubFolder,,,,true,,true,,Documents Management
LocalFile,PGDocumentsandmedia,DeleteSubFolderImageActions,,,,true,,true,,Documents Management
LocalFile,PGDocumentsandmedia,DownloadDocumentWithSlashesInTitleViaDocumentView,,,,true,,true,,Documents Management
LocalFile,PGDocumentsandmedia,EditDocument,,,,true,,true,,Documents Management
LocalFile,PGDocumentsandmedia,EditDocumentType,,,,true,,true,Training,Documents Management
LocalFile,PGDocumentsandmedia,EditFolderDocument,,,,true,,true,,Documents Management
LocalFile,PGDocumentsandmedia,EditFolderDocumentFile,,,,true,,true,,Documents Management
LocalFile,PGDocumentsandmedia,EditSubFolder,,,,true,,true,,Documents Management
LocalFile,PGDocumentsandmedia,EditSubFolderImage,,,,true,,true,,Documents Management
LocalFile,PGDocumentsandmedia,ExceedStorageQuotaMultipleUpload,,,,true,,true,,Documents Management
LocalFile,PGDocumentsandmedia,MoveDocumentWithSlashesInTitle,,,,true,,true,,Documents Management
LocalFile,PGDocumentsandmedia,MoveFolderDocumentDuplicateToFolder,,,,true,,true,,Documents Management
LocalFile,PGDocumentsandmedia,MoveFolderDocumentToFolder,,,,true,,true,,Documents Management
LocalFile,PGDocumentsandmedia,RemovePortlet,,true,,true,,true,,Documents Management
LocalFile,PGDocumentsandmedia,RevertVersionFolderDocumentFile,,,,true,,true,,Documents Management
LocalFile,PGDocumentsandmedia,SearchContentDocument,,,,true,,true,,Documents Management
LocalFile,PGDocumentsandmedia,SearchDocument,,,,true,,true,,Documents Management
LocalFile,PGDocumentsandmedia,SearchFolderDocument,,,,true,,true,,Documents Management
LocalFile,PGDocumentsandmedia,SearchFolderImage,,,,true,,true,,Documents Management
LocalFile,PGDocumentsandmedia,SearchForDocumentsWithFileName,,,,true,,true,,Documents Management
LocalFile,PGDocumentsandmedia,SearchSubFolderDocument,,,,true,,true,,Documents Management
LocalFile,PGDocumentsandmedia,SubscribeToCommentAndViewEmailNotification,,,,true,,true,,Documents Management
LocalFile,PGDocumentsandmedia,SubscribeToFolderAndViewEmailNotifications,,,,true,,true,,Documents Management
LocalFile,PGDocumentsandmedia,UnlockDocumentInFolder,,,,true,,true,,Documents Management
LocalFile,PGDocumentsandmedia,ViewDocumentPagination,,,,true,,true,,Documents Management
LocalFile,PGDocumentsandmedia,ViewDocumentWithTopic,,,,true,,true,,Documents Management
LocalFile,PGDocumentsandmedia,ViewImageInfoPanel,,,,true,,true,,Documents Management
LocalFile,PGDocumentsandmedia,ViewOlderVersion,,,,true,,true,,Documents Management
LocalFile,PGDocumentsandmedia,ViewRelatedDocument,,,,true,,true,,Documents Management
LocalFile,PGDocumentsandmedia,ViewSearchResultsForChildObjectRespectsParentFolderPermissions,,,,true,,true,Training,Documents Management
LocalFile,DynamicdatalistsUpgrade,AddDataDefinitionAfterUpgrade621021,,,,true,,quarantine,Dynamic Data Lists,Upgrades Data Engine
LocalFile,Publications,ConflictingPublicationsAutomaticallyResolved,,,,true,,true,,Publications
LocalFile,Publications,ConflictingPublicationsNeedManualResolution,,,,true,,true,,Publications
LocalFile,Publications,DiscardSubsetsofChangesInPublication,,,,true,,true,,Publications
LocalFile,Publications,PublishParallelPublications,,true,,true,,true,,Publications
LocalFile,Publications,RescheduleAndCancelScheduledPublication,,,,true,,true,,Publications
LocalFile,Publications,RevertPublicationAndPublishNow,,,,true,,true,,Publications
LocalFile,Publications,SchedulePublication,,,,true,,true,,Publications
LocalFile,Publications,SearchPublishedPublications,,,,true,,true,,Publications
LocalFile,DDMStructureWithImageField,ViewFieldTranslations,,,,true,,true,,Dynamic Data Lists
LocalFile,SitetemplatesUsecase,AddPageTemplatesWithDuplicateNameViaSiteTemplate,,,,true,,true,Site Templates,Site Templates
LocalFile,SitetemplatesUsecase,AdminCanNotAddASubpageOfAChildPageLinkedToSiteTemplatePage,,true,,true,,true,Site Templates,Site Templates
LocalFile,SitetemplatesUsecase,EditSiteTemplateGuestPermissions,,,,true,,true,Site Templates,Site Templates
LocalFile,SitetemplatesUsecase,ImportOldSchemaVerion,,,,true,,true,Site Templates,Site Templates
LocalFile,SitetemplatesUsecase,PortletPreferencesPersistWithSiteTemplateWhenSamePortletAddedOnSecondPage,,,,true,,helloworld,Site Templates,Site Templates
LocalFile,SitetemplatesUsecase,SiteAdminCannotDeletePagesThatWereCreatedBySiteTemplates,,,,true,,true,Site Templates,Site Templates
LocalFile,SitetemplatesUsecase,SitesDynamicTemplateInheritance,,true,,true,,true,Site Templates,Site Templates
LocalFile,SitetemplatesUsecase,SitesTemplateResourceInheritance,,,,false,,true,Site Templates,Site Templates
LocalFile,SitetemplatesUsecase,SiteTemplatePageLinkInWebContentRedirectCorrectly,,true,,true,,true,Site Templates,Site Templates
LocalFile,SitetemplatesUsecase,ViewImportedSitePageWithNumericFriendlyURL,,,,true,,true,Site Templates,Site Templates
LocalFile,SitetemplatesUsecase,ViewImportedSitePageWithoutInfoMessage,,,,true,,true,Site Templates,Site Templates
LocalFile,SitetemplatesUsecase,ViewInlineGuestPermissionsInSiteTemplatesViaWCD,,,,true,,true,Site Templates,Site Templates
LocalFile,SitetemplatesUsecase,ViewNavigationMenuCopyFromSitesTemplate,,,,true,,true,Site Templates,Site Templates
LocalFile,SitetemplatesUsecase,ViewPortletConfigurationOfGlobalTemplatesPageCopyFromSitesTemplate,,,,true,,true,Site Templates,Site Templates
LocalFile,CPRolesPGStaging,AccessStaging,,true,,true,,true,Roles,Staging
LocalFile,CPRolesPGStaging,StagingBlogsRolesWorkflow,,,,true,,true,Roles,Staging
LocalFile,DocumentsadministrationUsecase,AddAndRemoveCharactersFromBlacklist,,,,true,,true,,Documents Management
LocalFile,DocumentsadministrationUsecase,AddAutoAssertionCategoryViaDMDocument,,,,true,,true,,Documents Management
LocalFile,DocumentsadministrationUsecase,AllowMultiplePortletConfigurationsPerSite,,,,true,,true,,Documents Management
LocalFile,DocumentsadministrationUsecase,AssertFileSizeValidation,,,,true,,true,,Documents Management
LocalFile,DocumentsadministrationUsecase,CannotViewFolderAsSiteMember,,,,true,,true,Training,Documents Management
LocalFile,DocumentsadministrationUsecase,CannotViewMultipleDocumentsAsSiteMember,,,,true,,true,Training,Documents Management
LocalFile,DocumentsadministrationUsecase,CheckOutDocument,,,,true,,true,,Documents Management
LocalFile,DocumentsadministrationUsecase,CheckValidationForFileEntries,,,,true,,true,,Documents Management
LocalFile,DocumentsadministrationUsecase,Comments,,,,true,,true,,Documents Management
LocalFile,DocumentsadministrationUsecase,ConfigureXugglerVideoPreviewSizePG,,,,true,,true,,Documents Management
LocalFile,DocumentsadministrationUsecase,FilterByRecent,,,,true,,true,,Documents Management
LocalFile,DocumentsadministrationUsecase,ImportAudioAndLimitPermissionsToSubfolder,,,,true,,true,Training,Documents Management
LocalFile,DocumentsadministrationUsecase,ImportDocumentWithDBStore,,,,true,,true,,Documents Management
LocalFile,DocumentsadministrationUsecase,RemoveCurrentDisplayStyleViews,,,,true,,true,,Documents Management
LocalFile,DocumentsadministrationUsecase,RestoreDocumentWithoutOriginalFolder,,,,true,,true,,Documents Management
LocalFile,DocumentsadministrationUsecase,SelectMultipleDocumentsAndDeleteViaActionsButton,,,,true,,true,,Documents Management
LocalFile,DocumentsadministrationUsecase,ValidateFileNameRestrictions,,,,true,,true,,Documents Management
LocalFile,DocumentsadministrationUsecase,ViewDocumentAfterDeletingAuthor,,,,true,,true,,Documents Management
LocalFile,DocumentsadministrationUsecase,ViewDocumentViaDisplayPage,,,,true,,true,,Documents Management
LocalFile,DocumentsadministrationUsecase,ViewDocumentWithGlobalScope,,,,true,,true,Training,Documents Management
LocalFile,DocumentsadministrationUsecase,ViewDocumentWithOwnerAccessOnly,,,,true,,true,,Documents Management
LocalFile,DocumentsadministrationUsecase,ViewFileCategoryAndTags,,,,true,,true,Training,Documents Management
LocalFile,DocumentsadministrationUsecase,ViewFolderAsOrganizationUser,,,,true,,true,Training,Documents Management
LocalFile,DocumentsadministrationUsecase,ViewPaginationToolbarCheckboxAndMoveMultiplePaginationDocuments,,,,true,,true,,Documents Management
LocalFile,DocumentsadministrationUsecase,ViewPortletAfterRenamingDocumentWithDuplicateTitlePG,,,,true,,true,,Documents Management
LocalFile,DocumentsadministrationUsecase,ViewSingleDocumentSelectionDoesNotCheckAllFileSelectionCP,,,,true,,true,,Documents Management
LocalFile,DDMStructureWithNestedTextField,ViewFieldTranslations,,,,true,,quarantine,,Dynamic Data Lists
LocalFile,DDMStructuresStaging,AddWebContentTemplateWithSmallImage,,,,true,,quarantine,,Dynamic Data Lists
LocalFile,DDMStructuresStaging,CreateWebContentStructureAndTemplate,,,,true,,true,,Dynamic Data Lists
LocalFile,DDMStructureWithTranslations,ViewFieldInputWhenSwitchingTranslations,,,,true,,quarantine,,Dynamic Data Lists
LocalFile,DDMTemplate,ViewCacheableCheckbox,,,,true,,true,,Dynamic Data Lists
LocalFile,CPSitetemplates,AddSiteTemplate,,true,,true,,true,Site Templates,Site Templates
LocalFile,CPSitetemplates,AddSiteTemplateApplySiteTemplateChangesToSite,,true,,true,,helloworld,Site Templates,Site Templates
LocalFile,CPSitetemplates,AddSiteTemplateDisablePageModification,,true,,true,,true,Site Templates,Site Templates
LocalFile,CPSitetemplates,AdminCanControlWhenPropagateSiteTemplateChanges,,true,,true,,helloworld,Site Templates,Site Templates
LocalFile,CPSitetemplates,AssertNoChildPageOptionForPageDerivedFromSiteTemplate,,,,true,,true,Site Templates,Site Templates
LocalFile,CPSitetemplates,DeactivateActivateSiteTemplate,,,,true,,true,Site Templates,Site Templates
LocalFile,CPSitetemplates,DeleteSiteTemplate,,true,,true,,true,Site Templates,Site Templates
LocalFile,CPSitetemplates,DeleteSiteTemplateAssociatedWithASite,,true,,true,,true,Site Templates,Site Templates
LocalFile,CPSitetemplates,DeleteSiteTemplateImportedToVirtualInstance,,,,true,,true,Site Templates,Site Templates
LocalFile,CPSitetemplates,EditSiteTemplate,,true,,true,,true,Site Templates,Site Templates
LocalFile,CPSitetemplates,EditSiteTemplateStatus,,true,,true,,true,Site Templates,Site Templates
LocalFile,CPSitetemplates,LocalizeSiteTemplatesAdmin,,,,true,,true,Site Templates,Site Templates
LocalFile,CPSitetemplates,OnlySiteAdminCanModifyPageAssociatedWithSiteTemplate,,true,,true,,true,Site Templates,Site Templates
LocalFile,CPSitetemplates,ResetPageChanges,,quarantine,,true,,true,Training,Site Templates
LocalFile,CPSitetemplates,SiteTemplateXSS,,,,true,,true,Site Templates,Site Templates
LocalFile,CPSitetemplates,SwitchPropagationWithOneClickControl,,,,true,,true,Site Templates,Site Templates
LocalFile,FormsUpgrade,AddFormAfterUpgrade625,,,,true,,true,Forms,Upgrades Forms
LocalFile,FormsUpgrade,AddFormAfterUpgrade704,,,,true,,true,Forms,Upgrades Forms
LocalFile,FormsUpgrade,AddFormAfterUpgrade713,,,,true,,true,Forms,Upgrades Forms
LocalFile,FormsUpgrade,AddFormAfterUpgrade7110,,,,true,,true,Forms,Upgrades Forms
LocalFile,FormsUpgrade,AddFormAfterUpgrade70106,,,,true,,true,Forms,Upgrades Forms
LocalFile,FormsUpgrade,AddFormAfterUpgrade621015,,,,true,,true,Forms,Upgrades Forms
LocalFile,FormsUpgrade,AddFormAfterUpgrade621021,,,,true,,true,Forms,Upgrades Forms
LocalFile,FormsUpgrade,ViewAndDeleteFormEntryAfterUpgrade704,,,,true,,true,Forms,Upgrades Forms
LocalFile,FormsUpgrade,ViewAndDeleteFormEntryAfterUpgrade70106,,,,true,,true,Forms,Upgrades Forms
LocalFile,PGStagingUsecase,BlogsOrganizationWorkflowStaging,,,,true,,true,,Staging
LocalFile,ApplicationDisplayTemplates,CannotAddTemplateButCanSaveChangesInExistingTemplateWhenDisableTemplateCreation,,true,,true,,true,,Content and Application Templates
LocalFile,FormsDataProvider,ConfigureAutocompleteWithTextField,,true,,true,,true,,Forms
LocalFile,FormsDataProvider,ConfigureWithSelectField,,true,,true,,true,,Forms
LocalFile,FormsDataProvider,ViewDataRetrievedForGuestUser,,true,,true,,true,,Forms
LocalFile,PGStaging,ActivateDeactivateRemoteStaging,,,,true,,true,,Staging
LocalFile,PGStaging,ActivateDeactivateStagingLocalLiveDM,,,,true,,true,,Staging
LocalFile,PGStaging,ActivateRemoteStaging,,true,,true,,true,,Staging
LocalFile,PGStaging,AddDMDocumentWCArticleStagingLocalLive,,,,true,,true,Training,Staging
LocalFile,PGStaging,AssertEditWebContentStaging,,,,true,,true,,Staging
LocalFile,PGStaging,AssertNoEditLink,,true,,true,,true,Training,Staging
LocalFile,PGStaging,AssertPublishPageDisplayInFullPage,,,,true,,true,,Staging
LocalFile,PGStaging,DeactivateStaging,,,,true,,true,,Staging
LocalFile,PGStaging,DeleteDMDocument,,,,true,,true,,Staging
LocalFile,PGStaging,LayoutScope,,,,true,,true,,Staging
LocalFile,PGStaging,PublishLayoutIconDeletion,,,,true,,true,,Staging
LocalFile,PGStaging,PublishPrivatePage,,true,,true,,true,Training,Staging
LocalFile,PGStaging,PublishWCIncludingTextsAndImages,,,,true,,true,,Staging
LocalFile,PGStaging,PublishWCViaRemoteStaging,,,,true,,true,,Staging
LocalFile,PGStaging,PublishWCWithFriendlyURL,,,,true,,true,,Staging
LocalFile,PGStaging,PublishWCWithPagesVariationViaRemoteStaging,,,,true,,true,,Staging
LocalFile,ApplicationsMenuWithSimulation,AssertProductMenuWorkOnMobileDevice,,,,true,,true,,Control Menu
LocalFile,ApplicationsMenu,ApplicationsAndControlPanelAreMovedToProductMenuWhenDisableApplicationsMenuInDefaultInstance,,true,,true,,true,,Control Menu
LocalFile,ApplicationsMenu,ApplicationsAndControlPanelAreMovedToProductMenuWhenDisableApplicationsMenuInVirtualInstance,,,,true,,true,,Control Menu
LocalFile,ApplicationsMenu,AssertLocationOfApplicationsMenuIconAndUserAvatarIcon,,true,,true,,true,,Control Menu
LocalFile,ApplicationsMenu,NavigateToSiteAndSiteScopeApplicationsInProductMenuWhenDisableApplicationsMenu,,true,,true,,true,,Control Menu
LocalFile,ApplicationsMenu,ShowViewAllWhenTotalAmountOfSitesFromRecentlyVisitedAndMySitesMoreThanSeven,,true,,true,,true,Web Content Administration,Control Menu
LocalFile,AssetListsUseCase,ConfigureFilterByField,,true,,true,,true,,Asset Lists
LocalFile,AssetListsWithStaging,AssertCollectionsAdminInStagingAndLiveSite,,true,,true,,true,,Asset Lists
LocalFile,AssetPublisher,enableDisableSubscribeButton,,,,true,,true,,Asset Publisher
LocalFile,AssetPublisher,ViewDefaultAssetLinkBehavior,,,,true,,true,,Asset Publisher
LocalFile,StagingUsecaseWithVersioning,ChangeSitePageVariationInPagesAdmin,,,,true,,true,,Staging
LocalFile,StagingUsecaseWithVersioning,DeleteChildPageFromVariationWhereNotEnabled,,,,true,,true,,Staging
LocalFile,StagingUsecaseWithVersioning,DeleteHistory,,,,true,,true,,Staging
LocalFile,StagingUsecaseWithVersioning,EnableAndDeleteSitePageVariationPage,,,,true,,true,,Staging
LocalFile,StagingUsecaseWithVersioning,PublicationWithoutReadyForPublication,,,,true,,helloworld,,Staging
LocalFile,StagingUsecaseWithVersioning,PublishCustomPortletTitle,,,,true,,true,,Staging
LocalFile,StagingUsecaseWithVersioning,StagingDeletePageVariation,,,,true,,true,,Staging
LocalFile,StagingUsecaseWithVersioning,StagingDeleteSitePagesVariation,,,,true,,true,,Staging
LocalFile,StagingUsecaseWithVersioning,StagingMergeSitePagesVariation1,,,,true,,true,,Staging
LocalFile,StagingUsecaseWithVersioning,StagingMergeSitePagesVariation2,,,,true,,true,,Staging
LocalFile,StagingUsecaseWithVersioning,StagingPageLogo,,,,true,,true,,Staging
LocalFile,StagingUsecaseWithVersioning,StagingPortletPublishContentCount,,,,true,,true,,Staging
LocalFile,StagingUsecaseWithVersioning,StagingPublishLast,,,,true,,true,,Staging
LocalFile,StagingUsecaseWithVersioning,StagingSiteLogo,,,,true,,true,,Staging
LocalFile,StagingUsecaseWithVersioning,StagingSiteVariationIncompletePage,,true,,true,,true,,Staging
LocalFile,StagingUsecaseWithVersioning,StagingTurnOffPageTemplatePropagation,,,,true,,true,,Staging
LocalFile,StagingUsecaseWithVersioning,StagingVersionHistory,,,,true,,true,,Staging
LocalFile,StagingUsecaseWithVersioning,ViewChildPageNameViaLocalizedPage,,,,true,,true,,Staging
LocalFile,ExportImport,DLLinkValidationInWebContent,,,,true,,true,,Export/Import Framework
LocalFile,ExportImport,EditExportTemplate,,,,true,,true,,Export/Import Framework
LocalFile,ExportImport,EditImportedContentPageViaImportedSiteTemplate,,,,true,,true,Training,Export/Import Framework
LocalFile,ExportImport,ExportContentThenPublish,,true,,true,,true,,Export/Import Framework
LocalFile,ExportImport,ExportDMWithDeletedDocumentLink,,,,true,,true,,Export/Import Framework
LocalFile,ExportImport,ExportImportDDLViaGlobal,,,,true,,true,,Export/Import Framework
LocalFile,ExportImport,ExportImportDeletions,,,,true,,true,,Export/Import Framework
LocalFile,ExportImport,ExportImportGlobalDDMStructureViaInstances,,,,false,,true,,Export/Import Framework
LocalFile,ExportImport,ExportImportGlobalPagesViaInstances,,,,false,,true,,Export/Import Framework
LocalFile,ExportImport,ExportImportJournalArticleWithLinkToPage,,,,true,,true,,Export/Import Framework
LocalFile,ExportImport,ExportImportLayoutCircularReference,,,,true,,true,,Export/Import Framework
LocalFile,ExportImport,ExportImportPortlet,,true,,true,,true,,Export/Import Framework
LocalFile,ExportImport,ExportImportPortletWithADT,,,,true,,true,,Export/Import Framework
LocalFile,ExportImport,ExportImportPrivatePage,,true,,true,,true,Training,Export/Import Framework
LocalFile,ExportImport,ExportImportSiteWithAssetPublisherScopeSetting,,,,true,,true,,Export/Import Framework
LocalFile,ExportImport,ExportImportSiteWithNestedUploadField,,,,true,,true,,Export/Import Framework
LocalFile,ExportImport,ExportImportSiteWithReferencedWebContent,,,,true,,true,,Export/Import Framework
LocalFile,ExportImport,ExportImportSmoke,,true,,true,,true,Training,Export/Import Framework
LocalFile,ExportImport,ExportImportThemeSettings,,,,true,,true,,Export/Import Framework
LocalFile,ExportImport,ExportImportValidation,,true,,true,,true,Training,Export/Import Framework
LocalFile,ExportImport,ExportImportWCDReferenceWhenNotStagedWebContent,,,,true,,true,,Export/Import Framework
LocalFile,ExportImport,ExportImportWebContentCircularReference,,,,true,,true,,Export/Import Framework
LocalFile,ExportImport,ExportImportWebContentFolderWithWorkflow,,true,,true,,true,,Export/Import Framework
LocalFile,ExportImport,ExportImportWebcontentWithRepeatField,,,,true,,quarantine,,Export/Import Framework
LocalFile,ExportImport,ExportImportWithExportTemplate,,,,true,,true,,Export/Import Framework
LocalFile,ExportImport,ExportViaGuest,,true,,true,,true,,Export/Import Framework
LocalFile,ExportImport,ExportWebContentWithDeletedReference,,,,true,,true,,Export/Import Framework
LocalFile,ExportImport,ImportCorruptedFile,,true,,false,,true,,Export/Import Framework
LocalFile,ExportImport,ImportStagedSiteWithCircularReference,,,,true,,true,,Export/Import Framework
LocalFile,ExportImport,ImportWCDReferenceAfterActivateStaging,,,,true,,true,,Export/Import Framework
LocalFile,ExportImport,PublishWebContentWithBrokenLink,,,,true,,true,,Export/Import Framework
LocalFile,ApplicationDisplayTemplatesUseCase,AddRSSADTViaPortletConfiguration,,true,,true,,true,"Content and Application Templates,RSS",Content and Application Templates
LocalFile,ApplicationDisplayTemplatesUseCase,AddRSSADTWithCorruptScript,,,,true,,true,"Content and Application Templates,RSS",Content and Application Templates
LocalFile,ApplicationDisplayTemplatesUseCase,AddRSSADTWithScript,,,,true,,true,"Content and Application Templates,RSS",Content and Application Templates
LocalFile,ApplicationDisplayTemplatesUseCase,ADTAssetPublisher,,,,true,,true,"Asset Publisher,Content and Application Templates",Content and Application Templates
LocalFile,ApplicationDisplayTemplatesUseCase,ADTBreadcrumb,,true,,true,,true,"Breadcrumb,Content and Application Templates",Content and Application Templates
LocalFile,ApplicationDisplayTemplatesUseCase,ADTCategoriesNavigation,,true,,true,,true,"Categories,Content and Application Templates",Content and Application Templates
LocalFile,ApplicationDisplayTemplatesUseCase,ADTChangeTemplatePortletPreferencesMethodContracts,,,,true,,true,"Asset Publisher,Content and Application Templates",Content and Application Templates
LocalFile,ApplicationDisplayTemplatesUseCase,ADTSiteMap,,,,true,,true,"Content and Application Templates,Sitemap",Content and Application Templates
LocalFile,ApplicationDisplayTemplatesUseCase,ADTStagingCategoriesNavigation,,,,true,,true,"Categories,Content and Application Templates,Staging",Content and Application Templates
LocalFile,ApplicationDisplayTemplatesUseCase,ADTTagsNavigationPortlet,,true,,true,,true,"Content and Application Templates,Tags",Content and Application Templates
LocalFile,ApplicationDisplayTemplatesUseCase,ADTWiki,,,,true,,true,"Content and Application Templates,Wiki",Content and Application Templates
LocalFile,ApplicationDisplayTemplatesUseCase,PublishWidgetPageTemplates,,,,true,,true,,Content and Application Templates
LocalFile,AssetPublisherPublication,PublishDeleteWCFolderWithArticleViaAP,,,,true,,true,,Asset Publisher
LocalFile,AssetPublisherPublication,StagingPublishAssetPublisherConfiguredCategoriesFilter,,,,true,,true,,Asset Publisher
LocalFile,FormsJumpToPage,ViewFormRulesSummary,,true,,true,,true,,Forms
LocalFile,FormsJumpToPage,ViewPagesAfterJump,,true,,true,,true,,Forms
LocalFile,FormsJumpToPage,ViewRuleAfterLabelEdit,,,,true,,true,,Forms
LocalFile,FormsJumpToPage,ViewRuleAfterOptionValueEdit,,true,,true,,true,,Forms
LocalFile,FormsJumpToPage,ViewRuleAfterPageNameChange,,true,,true,,true,,Forms
LocalFile,QuestionsWidgetActions,AddQuestionWithDepotImage,,,,true,,true,,Questions
LocalFile,QuestionsWidgetActions,AddQuestionWithImage,,,,true,,true,,Questions
LocalFile,QuestionsWidgetActions,AddQuestionWithMoreThanTheMaximumTagsIsNotPossible,,,,true,,true,,Questions
LocalFile,QuestionsWidgetActions,AddQuestionWithTheMaximumTags,,,,true,,true,,Questions
LocalFile,QuestionsWidgetActions,AddSubcategoryConfigureParentCategoryDisplay,,,,true,,true,,Questions
LocalFile,QuestionsWidgetActions,AddSubTopicsViaWidget,,,,true,,true,,Questions
LocalFile,QuestionsWidgetActions,AskQuestionsThroughAnonymousUser,,,,true,,true,,Questions
LocalFile,QuestionsWidgetActions,CancelDeletions,,,,true,,true,,Questions
LocalFile,QuestionsWidgetActions,CannotAddRootTopicWithoutPermission,,,,true,,true,,Questions
LocalFile,QuestionsWidgetActions,CannotAddSubTopicWithoutPermission,,,,true,,true,,Questions
LocalFile,QuestionsWidgetActions,CannotAskQuestionAsGuest,,,,true,,true,,Questions
LocalFile,QuestionsWidgetActions,ConfigureLandingPageTopicNavigation,,,,true,,true,,Questions
LocalFile,QuestionsWidgetActions,ConfigureRootTopic,,,,true,,true,,Questions
LocalFile,QuestionsWidgetActions,DeleteAnswer,,,,true,,true,,Questions
LocalFile,QuestionsWidgetActions,DeleteComment,,,,true,,true,,Questions
LocalFile,QuestionsWidgetActions,DeleteQuestionWithAnAnswer,,,,true,,true,,Questions
LocalFile,QuestionsWidgetActions,DeleteTopic,,,,true,,true,,Questions
LocalFile,QuestionsWidgetActions,EditAnswer,,,,true,,true,,Questions
LocalFile,QuestionsWidgetActions,LockAndUnlockThroughMB,,,,true,,true,,Questions
LocalFile,QuestionsWidgetActions,ReplyToAnAnswer,,,,true,,true,,Questions
LocalFile,QuestionsWidgetActions,SearchForQuestions,,,,true,,true,,Questions
LocalFile,QuestionsWidgetActions,SubscribeAndUnsubscribeFromQuestion,,,,true,,true,,Questions
LocalFile,QuestionsWidgetActions,SubscribeAndUnsubscribeFromTopic,,,,true,,true,,Questions
LocalFile,QuestionsWidgetActions,UnsubscribeFromQuestionDetails,,,,true,,true,,Questions
LocalFile,QuestionsWidgetActions,ValidateIfTheMyActivityAppears,,,,true,,true,,Questions
LocalFile,QuestionsWidgetActions,ViewCreatorStatistics,,,,true,,true,,Questions
LocalFile,QuestionsWidgetActions,ViewMyActivityDeletions,,,,true,,true,,Questions
LocalFile,QuestionsWidgetActions,ViewMyActivityEditedResponses,,,,true,,true,,Questions
LocalFile,QuestionsWidgetActions,ViewMyActivityResponses,,,,true,,true,,Questions
LocalFile,QuestionsWidgetActions,ViewQuestionAfterChangingSubTopic,,,,true,,true,,Questions
LocalFile,QuestionsWidgetActions,ViewQuestionAfterEditingTopic,,,,true,,true,,Questions
LocalFile,QuestionsWidgetActions,ViewQuestionsFilteredByVotes,,,,true,,true,,Questions
LocalFile,QuestionsWidgetActions,ViewQuestionsFromDifferentSubTopics,,,,true,,true,,Questions
LocalFile,QuestionsWidgetActions,ViewQuestionsPagination,,,,true,,true,,Questions
LocalFile,QuestionsWidgetActions,ViewQuestionsWithConfiguredFilter,,,,true,,true,,Questions
LocalFile,QuestionsWidgetActions,ViewRelatedQuestion,,,,true,,true,,Questions
LocalFile,QuestionsWidgetActions,ViewSecondAnswer,,,,true,,true,,Questions
LocalFile,QuestionsWidgetActions,ViewVotingStyleFromAnswersList,,,,true,,true,,Questions
LocalFile,QuestionsWidgetActions,ViewVotingStyleFromQuestionsList,,,,true,,true,,Questions
LocalFile,CategoriesOOTB,AddCategoryUsingSaveAndAddButton,,true,,true,,true,,Content Dashboard
LocalFile,CategoriesOOTB,GlobalCategoriesNotEditable,,true,,true,,true,,Content Dashboard
LocalFile,CategoriesOOTB,UpdateGlobalCategories,,true,,true,,true,,Content Dashboard
LocalFile,CategoriesOOTB,WCInternalCategories,,true,,true,,true,,Content Dashboard
LocalFile,CategoriesOOTB,WCPublicCategories,,true,,true,,true,,Content Dashboard
LocalFile,StagingUsecase,ActivateStagingForSiteWithTheme,,,,true,,true,,Staging
LocalFile,StagingUsecase,AssertAssetPriorityNotBeResetAfterPublication,,,,true,,true,,Staging
LocalFile,StagingUsecase,AssertDeletedAssetLinkRemovedFromLiveSite,,,,true,,true,,Staging
LocalFile,StagingUsecase,AssertDeletedPollsOnLivingSiteWithoutPublishToLive,,,,false,,true,,Staging
LocalFile,StagingUsecase,AssertWebContentNotBeDeletedOnLiveViaSAP,,,,true,,true,,Staging
LocalFile,StagingUsecase,ContentCannotBeCreatedOnLive,,quarantine,,true,,true,,Staging
LocalFile,StagingUsecase,DeleteLivePage,,true,,true,,true,,Staging
LocalFile,StagingUsecase,EditPublishTemplate,,,,true,,quarantine,,Staging
LocalFile,StagingUsecase,ImportLARsOnStagedSite,,,,true,,true,Training,Staging
LocalFile,StagingUsecase,MoveToTheRecycleBinAndRestorePublishTemplate,,,,true,,true,,Staging
LocalFile,StagingUsecase,PublishContentPageWithDLReference,,,,true,,true,,Staging
LocalFile,StagingUsecase,PublishPortlet,,true,,true,,true,Training,Staging
LocalFile,StagingUsecase,PublishSiteTeams,,,,true,,true,,Staging
LocalFile,StagingUsecase,PublishThemeFromStagedToLive,,,,true,,quarantine,,Staging
LocalFile,StagingUsecase,PublishWebContentFolderWithChildFolders,,,,true,,true,,Staging
LocalFile,StagingUsecase,PublishWebContentFriendlyURLEncoding,,,,true,,true,,Staging
LocalFile,StagingUsecase,PublishWebContentWithFeeds,,,,true,,true,,Staging
LocalFile,StagingUsecase,PublishWithImpossibleDateRange,,true,,true,,true,,Staging
LocalFile,StagingUsecase,SearchPublishTemplate,,,,true,,true,,Staging
LocalFile,StagingUsecase,SingleAssetPublishLayoutScopedContent,,,,true,,true,,Staging
LocalFile,StagingUsecase,StagingPublishAssetPublisherConfiguredTagsFilter,,,,true,,true,,Staging
LocalFile,StagingUsecase,StagingPublishChildSiteWithReference,,,,true,,true,,Staging
LocalFile,StagingUsecase,StagingPublishOnlySelectedPage,,,,true,,true,,Staging
LocalFile,StagingUsecase,StagingPublishWCWithWebContentFieldViaAP,,,,true,,true,,Staging
LocalFile,StagingUsecase,StagingWithPublishTemplateSmoke,,,,true,,true,,Staging
LocalFile,StagingUsecase,TrashEntryReferencePublishing,,true,,true,,true,Training,Staging
LocalFile,StagingUsecase,ViewPublishDMWithModifiedTitle,,,,true,,true,,Staging
LocalFile,StagingUsecase,ViewPublishTemplateDateRange,,,,true,,true,,Staging
LocalFile,StagingUsecaseWithRoles,StagingDemoLocalLive1,,,,true,,true,,Staging
LocalFile,StagingUsecaseWithRoles,StagingDemoLocalLive2,,,,true,,true,,Staging
LocalFile,StagingUsecaseWithRoles,StagingDemoLocalLive3,,,,true,,true,,Staging
LocalFile,StagingUsecaseWithRoles,StagingDemoLocalLive4,,,,true,,true,Training,Staging
LocalFile,StagingUsecaseWithRoles,StagingLocalLiveWebContent,,,,true,,true,,Staging
LocalFile,StagingUsecaseWithRoles,StagingLocalLiveWorkflow,,,,true,,true,,Staging
LocalFile,StagingUsecaseWithRoles,StagingPublishPage,,,,true,,true,Training,Staging
LocalFile,StagingUsecaseWithRoles,UpdateAndDeleteWebContentCommentOnLiveSite,,,,true,,true,,Staging
LocalFile,CategoriesUI,AddSubcategory,,,,true,,true,Categories,Categories
LocalFile,CategoriesUI,CannotStore256CharactersInNameFieldKeyFieldAndValueField,,,,true,,true,Categories,Categories
LocalFile,CategoriesUI,EditCategory,,,,true,,true,Categories,Categories
LocalFile,CategoriesUI,Input254CharactersIntoNameFieldKeyFieldAndValueField,,,,true,,true,Categories,Categories
LocalFile,CategoriesUI,Input255CharactersIntoNameFieldKeyFieldAndValueField,,true,,true,,true,Categories,Categories
LocalFile,Categories,AddCategories,,,,true,,true,Categories,Categories
LocalFile,Categories,AddCategory,,,,true,,true,Categories,Categories
LocalFile,Categories,AddCategoryProperties,,,,true,,true,Categories,Categories
LocalFile,Categories,AddCategoryProperty,,,,true,,true,Categories,Categories
LocalFile,Categories,AddCategoryViewableByAnyone,,,,true,,true,Categories,Categories
LocalFile,Categories,AddCategoryViewableByOwner,,,,true,,true,Categories,Categories
LocalFile,Categories,AddCategoryViewableBySiteMembers,,,,true,,true,Categories,Categories
LocalFile,Categories,AddSubcategories,,,,true,,true,Categories,Categories
LocalFile,Categories,AddVocabularies,,,,true,,true,Categories,Categories
LocalFile,Categories,AddVocabularyAssetTypeAllAssetTypes,,,,true,,true,Categories,Categories
LocalFile,Categories,AddVocabularyAssetTypeBlogsEntry,,,,true,,true,Categories,Categories
LocalFile,Categories,AddVocabularyAssetTypeBookmarksEntry,,,,false,,true,Categories,Categories
LocalFile,Categories,AddVocabularyAssetTypeDocument,,,,true,,true,Categories,Categories
LocalFile,Categories,AddVocabularyAssetTypes,,,,true,,true,Categories,Categories
LocalFile,Categories,AddVocabularyAssetTypeUser,,,,true,,true,Categories,Categories
LocalFile,Categories,AddVocabularyAssetTypeWebContent,,,,true,,true,Categories,Categories
LocalFile,Categories,AddVocabularyAssetTypeWikiPage,,,,true,,true,Categories,Categories
LocalFile,Categories,AddVocabularyDisallowMultipleCategories,,,,true,,true,Categories,Categories
LocalFile,Categories,AddVocabularyViewableByGuest,,,,true,,true,Categories,Categories
LocalFile,Categories,AddVocabularyViewableByOwner,,,,true,,true,Categories,Categories
LocalFile,Categories,AddVocabularyViewableBySiteMembers,,,,true,,true,Categories,Categories
LocalFile,Categories,CannotAddCategoryWithNullTitle,,,,true,,true,Categories,Categories
LocalFile,Categories,CannotAddVocabularyWithNullTitle,,,,true,,true,Categories,Categories
LocalFile,Categories,DeleteAssociatedAssetTypeViaVocabulary,,,,true,,true,Categories,Categories
LocalFile,Categories,DeleteCategories,,,,true,,true,Categories,Categories
LocalFile,Categories,DeleteCategory,,true,,true,,true,Categories,Categories
LocalFile,Categories,DeleteCategoryByMenu,,,,true,,true,Categories,Categories
LocalFile,Categories,DeleteCategoryProperty2,,,,true,,true,Categories,Categories
LocalFile,Categories,DeleteSubcategoryViaIcon,,,,true,,true,Categories,Categories
LocalFile,Categories,DeleteSubcategoryViaMenu,,true,,true,,true,Categories,Categories
LocalFile,Categories,DeleteVocabulary,,true,,true,,true,Categories,Categories
LocalFile,Categories,DeleteVocabularyByMenu,,,,true,,true,Categories,Categories
LocalFile,Categories,EditCategory,,true,,true,,true,Categories,Categories
LocalFile,Categories,EditCategoryProperty,,,,true,,true,Categories,Categories
LocalFile,Categories,EditSubcategory,,true,,true,,true,Training,Categories
LocalFile,Categories,EditVocabulary,,true,,true,,true,Categories,Categories
LocalFile,Categories,MoveCategoryViaEdit,,,,true,,true,Categories,Categories
LocalFile,Categories,ValidateClickingCloseButtonDoesNotSaveVocabulary,,,,true,,true,Categories,Categories
LocalFile,InfoListProviders,DisplayRelatedAssetsInAssetPublisher,,true,,true,,true,,Asset Lists
LocalFile,InfoListProviders,ViewAssetsInAssetPublisherWhenSelectHighestRatedAssetsAndEnablePagination,,,,true,,true,,Asset Lists
LocalFile,InfoListProviders,ViewCollectionProvidersInAssetPublisher,,,,true,,true,,Asset Lists
LocalFile,RelatedAssets,AssertRelatedAssetsDisplayWithCategory,,,,true,,true,"Categories,Staging,Related Assets,Web Content Administration",Related Assets
LocalFile,RelatedAssets,AssertRelatedAssetsWithGlobalWebContent,,,,true,,true,,Related Assets
LocalFile,RelatedAssets,ViewNoFolders,,,,false,,true,Related Assets,Related Assets
LocalFile,WebContentAutoTaggingUpgrade,ViewWebContentArchive72101,,,,true,,true,Documents Management,Upgrades Collaboration
LocalFile,Tags,CannotAddEmptyTag,,,,true,,true,Tags,Tags
LocalFile,Tags,CannotMergeSingleTagViewWarning,,,,true,,true,Tags,Tags
LocalFile,Tags,DeleteMultipleTagsFromToolbar,,,,true,,true,Tags,Tags
LocalFile,Tags,DeleteTagFromMenu,,true,,true,,true,Tags,Tags
LocalFile,Tags,DeleteTagFromToolbar,,,,true,,true,Tags,Tags
LocalFile,Tags,EditTagAndCancel,,,,true,,true,Tags,Tags
LocalFile,Tags,EditTagAndSave,,true,,true,,true,Tags,Tags
LocalFile,Tags,MergeMultipleTags,,,,true,,true,Tags,Tags
LocalFile,Tags,MergeTagsSelectAdditionalTag,,,,true,,true,Tags,Tags
LocalFile,Tags,ToggleDisplayStyles,,,,true,,true,Tags,Tags
LocalFile,Tags,ViewTagsPagination,,,,true,,true,Tags,Tags
LocalFile,AssetPublisherWithWebContent,AddWebContentPGViaAP,,,,true,,true,"Asset Publisher,Web Content Administration",Asset Publisher
LocalFile,AssetPublisherWithWebContent,AddWebContentWithGlobalScopeViaCPToLiferayAP,,,,true,,true,"Asset Publisher,Web Content Administration",Asset Publisher
LocalFile,AssetPublisherWithWebContent,AddWebContentWithGlobalScopeViaCPToSiteAP,,,,true,,true,"Asset Publisher,Web Content Administration",Asset Publisher
LocalFile,AssetPublisherWithWebContent,AddWebContentWithStructureAndGlobalScopeViaCPToLiferayAP,,,,true,,true,"Asset Publisher,Web Content Administration",Asset Publisher
LocalFile,AssetPublisherWithWebContent,AddWebContentWithStructureAndGlobalScopeViaCPToSiteAP,,,,true,,true,"Asset Publisher,Web Content Administration",Asset Publisher
LocalFile,AssetPublisherWithWebContent,DisplayWebContentTagViaAP,,,,true,,true,"Asset Publisher,Web Content Administration",Asset Publisher
LocalFile,AssetPublisherWithWebContent,SaveAsDraftWebContentPGViaAP,,,,true,,true,"Asset Publisher,Web Content Administration",Asset Publisher
LocalFile,AssetPublisherWithWebContent,ViewWebContentViaAPAsGuestWithViewPermission,,true,,true,,true,"Asset Publisher,Web Content Administration",Asset Publisher
LocalFile,AssetPublisherWithWebContent,ViewWebContentViaAPDeleteCategory,,true,,true,,true,"Asset Publisher,Web Content Administration",Asset Publisher
LocalFile,TagsUseCase,AddAutoAssertionTagViaBlogs,,,,true,,true,"Blogs,Tags",Tags
LocalFile,TagsUseCase,AddFrontPageTag,,,,true,,true,"Tags,Wiki",Tags
LocalFile,TagsUseCase,AddMultipleTagsViaBlogs,,,,true,,true,"Blogs,Tags",Tags
LocalFile,TagsUseCase,AddSelectTagViaBlogs,,true,,true,,true,"Blogs,Tags",Tags
LocalFile,TagsUseCase,AddTagViaBlogs,,true,,true,,true,"Blogs,Tags",Tags
LocalFile,TagsUseCase,DisplayTagCloud,,true,,true,,true,Tags,Tags
LocalFile,TagsUseCase,DisplayTagUsageStatistics,,,,true,,true,Tags,Tags
LocalFile,TagsUseCase,DisplayUnusedTags,,,,true,,true,Tags,Tags
LocalFile,TagsUseCase,RemoveSelectTagViaBlogs,,,,true,,true,"Blogs,Tags",Tags
LocalFile,TagsUseCase,RemoveTagViaBlogs,,true,,true,,true,"Blogs,Tags",Tags
LocalFile,TagsUseCase,SearchMultipleTagsViaBlogs,,,,true,,true,"Blogs,Tags",Tags
LocalFile,TagsUseCase,ViewTagCloudDisplayConfiguration,,true,,true,,true,Tags,Tags
LocalFile,TagsUseCase,ViewTagCloudIncrease,,true,,true,,true,Tags,Tags
LocalFile,PGDynamicdatalists,AddFormTemplate,,,,true,,quarantine,,Dynamic Data Lists
LocalFile,PGDynamicdatalists,AddList,,,,true,,true,,Dynamic Data Lists
LocalFile,PGDynamicdatalists,AddListRecord,,,,true,,true,,Dynamic Data Lists
LocalFile,PGDynamicdatalists,AddListWithDocumentsAndMediaField,,,,true,,true,,Dynamic Data Lists
LocalFile,PGDynamicdatalists,AddRecordNested,,,,true,,quarantine,,Dynamic Data Lists
LocalFile,PGDynamicdatalists,AddVelocityDisplayTemplate,,,,true,,quarantine,,Dynamic Data Lists
LocalFile,PGDynamicdatalists,ConfigureEditableListPG,,,,true,,true,,Dynamic Data Lists
LocalFile,PGDynamicdatalists,ConfigureSpreadsheetListPG,,true,,true,,true,,Dynamic Data Lists
LocalFile,PGDynamicdatalists,DeleteListRecord,,,,true,,true,,Dynamic Data Lists
LocalFile,PGDynamicdatalists,EditFormTemplateLabelAndViewRecord,,,,true,,true,,Dynamic Data Lists
LocalFile,PGDynamicdatalists,EditList,,,,true,,true,,Dynamic Data Lists
LocalFile,PGDynamicdatalists,EditListRecord,,,,true,,true,,Dynamic Data Lists
LocalFile,PGDynamicdatalists,EditListRecordViaRecordView,,,,true,,quarantine,,Dynamic Data Lists
LocalFile,PGDynamicdatalists,SearchDynamicDataListsRecords,,,,true,,true,,Dynamic Data Lists
LocalFile,PGDynamicdatalists,SearchDynamicDataListsRecordsAsUserWithNoPermissions,,,,true,,true,,Dynamic Data Lists
LocalFile,PGDynamicdatalists,SelectList,,,,true,,true,,Dynamic Data Lists
LocalFile,PGDynamicdatalists,SwitchListsViaDDLDisplayAndAssertEditableStillChecked,,,,true,,true,,Dynamic Data Lists
LocalFile,PGDynamicdatalists,ViewBooleanFieldPredefinedValue,,,,true,,true,,Dynamic Data Lists
LocalFile,PGDynamicdatalists,ViewDateFieldPredefinedValue,,,,true,,quarantine,,Dynamic Data Lists
LocalFile,PGDynamicdatalists,ViewDecimalFieldPredefinedValue,,,,true,,quarantine,,Dynamic Data Lists
LocalFile,PGDynamicdatalists,ViewDefaultGuestViewPermissions,,,,true,,true,,Dynamic Data Lists
LocalFile,PGDynamicdatalists,ViewIntegerFieldPredefinedValue,,,,true,,quarantine,,Dynamic Data Lists
LocalFile,PGDynamicdatalists,ViewListRecordAndAssertAnchorLink,,,,true,,true,,Dynamic Data Lists
LocalFile,PGDynamicdatalists,ViewListRecordWithUploadedFreeMarkerDisplayTemplate,true,true,,true,,true,Training,Dynamic Data Lists
LocalFile,PGDynamicdatalists,ViewListRecordWithUploadedVelocityDisplayTemplate,,,,true,,true,,Dynamic Data Lists
LocalFile,PGDynamicdatalists,ViewListRecordWithVelocityDisplayTemplate,,,,true,,true,,Dynamic Data Lists
LocalFile,PGDynamicdatalists,ViewNumberFieldPredefinedValue,,,,true,,true,,Dynamic Data Lists
LocalFile,PGDynamicdatalists,ViewPortletWithSpreadsheetViewDisabled,,,,true,,true,,Dynamic Data Lists
LocalFile,PGDynamicdatalists,ViewTextBoxFieldPredefinedValue,,,,true,,true,,Dynamic Data Lists
LocalFile,PGDynamicdatalists,ViewTextFieldPredefinedValue,,,,true,,true,,Dynamic Data Lists
LocalFile,AssetPublisherShowFullContent,AddAndRemoveCustomTitleViaAP,,,,true,,true,,Asset Publisher
LocalFile,AssetPublisherShowFullContent,AddAPMultiplePortlet,,true,,true,,true,"Asset Publisher,Training",Asset Publisher
LocalFile,AssetPublisherShowFullContent,AddAssetTypesViaAPAndAddRespectivePortletsToSamePage,,true,,true,,true,,Asset Publisher
LocalFile,AssetPublisherShowFullContent,AddBookmarkViaAP,,,,false,,true,"Asset Publisher,Bookmarks",Asset Publisher
LocalFile,AssetPublisherShowFullContent,AddCustomTitleViaAP,,,,true,,true,Asset Publisher,Asset Publisher
LocalFile,AssetPublisherShowFullContent,ConfigureAPPortletDisplaytemplateWithBookmarks,,,,false,,true,"Asset Publisher,Bookmarks,Content and Display Templates,Training",Asset Publisher
LocalFile,AssetPublisherShowFullContent,ConfigureAPPortletEnableRatings,,,,true,,true,Asset Publisher,Asset Publisher
LocalFile,AssetPublisherShowFullContent,ConfigureAPPortletScopeMultipleSites,,true,,true,,true,"Asset Publisher,Training",Asset Publisher
LocalFile,AssetPublisherShowFullContent,ConfigureAPPortletSelectedBlogsEntry,,,,true,,true,Asset Publisher,Asset Publisher
LocalFile,AssetPublisherShowFullContent,ConfigureAPPortletSelectedBookmarksEntry,,,,false,,true,Asset Publisher,Asset Publisher
LocalFile,AssetPublisherShowFullContent,ConfigureAPPortletSelectedDocument,,,,true,,true,Asset Publisher,Asset Publisher
LocalFile,AssetPublisherShowFullContent,ConfigureAPPortletSelectedWebContent,,true,,true,,true,"Asset Publisher,Training",Asset Publisher
LocalFile,AssetPublisherShowFullContent,ConfigureAPPortletSetAsDefault,,,,true,,true,Asset Publisher,Asset Publisher
LocalFile,AssetPublisherShowFullContent,ConfigureAPPortletWithSelectedBookmarksEntry,,,,false,,true,"Asset Publisher,Bookmarks",Asset Publisher
LocalFile,AssetPublisherShowFullContent,FilterTagsByNameAP,,,,true,,true,"Asset Publisher,Tags",Asset Publisher
LocalFile,AssetPublisherShowFullContent,FindSiteAPViaSearchScopeSelector,,,,true,,true,Asset Publisher,Asset Publisher
LocalFile,AssetPublisherShowFullContent,OrderContentByModifiedDateViaAP,,,,true,,true,Asset Publisher,Asset Publisher
LocalFile,AssetPublisherShowFullContent,OrderWCByModifiedDateViaAP,,,,true,,true,Asset Publisher,Asset Publisher
LocalFile,AssetPublisherShowFullContent,OrderWCByPriorityViaAP,,,,true,,true,Asset Publisher,Asset Publisher
LocalFile,AssetPublisherShowFullContent,OrderWCByPublishDateViaAP,,,,true,,true,"Asset Publisher,Training",Asset Publisher
LocalFile,AssetPublisherShowFullContent,RestoreAPArchivedSetup,,true,,true,,true,"Asset Publisher,Training",Asset Publisher
LocalFile,FormRules,ChangeFieldTypeThatBelongsToARule,,true,,true,,true,,Forms
LocalFile,FormRules,ChangeFieldTypeThatBelongsToCalculatorExpression,,true,,true,,true,,Forms
LocalFile,FormRules,ConfigureAutofillRule,,true,,true,,true,,Forms
LocalFile,FormRules,ConfigureCalculateRule,,true,,true,,true,,Forms
LocalFile,FormRules,ConfigureCalculateRuleExpression,,true,,true,,true,,Forms
LocalFile,FormRules,ConfigureRequireRule,,true,,true,,true,,Forms
LocalFile,FormRules,ConfigureShowRuleUsingAndCondition,,true,,true,,true,,Forms
LocalFile,FormRules,ConfigureUserBelongsToRule,,true,,true,,true,,Forms
LocalFile,FormRules,DeleteFieldThatBelongsToARule,,true,,true,,true,,Forms
LocalFile,FormRules,EditRule,,true,,true,,true,,Forms
LocalFile,FormRules,UseIsNotEmptyRuleToShowField,,true,,true,,true,,Forms
LocalFile,FormRules,ViewExistingFormRuleIsNotCopiedToNewForm,,true,,true,,true,,Forms
LocalFile,FormRules,ViewPredefinedValueCanBeUsedToRequireAnotherField,,true,,true,,true,,Forms
LocalFile,FormRules,ViewPreviousFormRuleIsCopiedToNewDuplicatedForm,,true,,true,,true,,Forms
LocalFile,FormRules,ViewRuleConditionOperatorFieldOptions,,true,,true,,true,,Forms
LocalFile,FormRules,ViewShowRuleActivationAfterInputtingUnrelatedField,,true,,true,,true,,Forms
LocalFile,FragmentsEditor,AutocompleteFragment,,true,,true,,true,,Fragments
LocalFile,FragmentsEditor,AutocompleteFragmentWithCollectionResource,,true,,true,,true,,Fragments
LocalFile,WebContentAutoTagging,AssertAutoTagAfterPublishingToLive,,,,true,,true,,Auto Tagging
LocalFile,WebContentAutoTagging,DeleteAssetWithTag,,,,true,,true,,Auto Tagging
LocalFile,WebContentAutoTagging,NoAutoTagForManuallyAddedEntry,,,,true,,true,,Auto Tagging
LocalFile,WebContentAutoTagging,PublishAutoTaggedDraft,,,,true,,true,,Auto Tagging
LocalFile,WebContentAutoTagging,Smoke,,,,true,,true,,Auto Tagging
LocalFile,FragmentsConfiguration,AddInvalidConfiguration,,,,true,,true,,Fragments
LocalFile,FragmentsConfiguration,AddValidConfiguration,,,,true,,true,,Fragments
LocalFile,FragmentsConfiguration,ViewValidationInTextFieldWithEmailConstraintRules,,,,true,,true,,Fragments
LocalFile,FragmentsConfiguration,ViewValidationInTextFieldWithNumberConstraintRules,,,,true,,true,,Fragments
LocalFile,FragmentsConfiguration,ViewValidationInTextFieldWithURLConstraintRules,,,,true,,true,,Fragments
LocalFile,FragmentsUI,AddFragmentToContentPage,,true,,true,,true,Theme,Fragments
LocalFile,FragmentsUI,EditFragment,,true,,true,,true,Training,Fragments
LocalFile,FragmentsUI,ViewReferenceToFragmentsToolkit,,,,true,,true,Theme,Fragments
LocalFile,FragmentsWithStaging,AssertFragmentsAlwaysPublished,,true,,true,,true,,Fragments
LocalFile,FragmentsWithStaging,AssertFragmentsAreOnlyEditableInStagingView,,true,,true,,true,,Fragments
LocalFile,FragmentsWithStaging,ViewAutoSavedBeforePublishingComponentInStaging,,,,true,,true,,Fragments
LocalFile,FragmentsWithReact,CannotEditAndExportReactFragment,,true,,true,,true,,Fragments
LocalFile,FragmentsWithReact,CannotExportReactFragmentWithCollection,,,,true,,true,,Fragments
LocalFile,FragmentsWithReact,ViewReactFragmentInPage,,true,,true,,true,,Fragments
LocalFile,FragmentsWithLocalizableConfiguration,ViewLocalizableConfigurationFieldValueInTranslatedLanguages,,,,true,,true,,Fragments
LocalFile,FragmentsDeploy,CanDeleteSiteScopedReadOnlyDeployedFragmentInThatSite,,true,,true,,true,,Fragments
LocalFile,FragmentsDeploy,CanDeleteSystemScopedReadOnlyDeployedFragmentInGlobalSiteOfDefaultInstance,,true,,true,,true,,Fragments
LocalFile,FragmentsDeploy,CanDeleteVirtualInstanceScopedReadOnlyDeployedFragmentInGlobalSiteOfThatInstance,,true,,true,,true,,Fragments
LocalFile,FragmentsDeploy,CannotDeleteSystemAndVirtualInstanceScopedReadOnlyDeployedFragmentInNormalSite,,,,true,,true,,Fragments
LocalFile,FragmentsDeploy,CannotDeleteSystemScopedReadOnlyDeployedFragmentInOtherVirtualInstance,,,,true,,true,,Fragments
LocalFile,FragmentsDeploy,DeployFragmentsToSpecificSite,,true,,true,,true,,Fragments
LocalFile,FragmentsDeploy,DeployFragmentsToSpecificVirtualInstance,,true,,true,,true,,Fragments
LocalFile,FragmentsDeploy,ViewFragmentsDeployedToSystemWideAreAvailableForExistAndFutureSite,,true,,true,,true,,Fragments
LocalFile,FragmentsDeploy,ViewFragmentsDeployedToSystemWideAreAvailableForExistAndFutureVirtualInstance,,,,true,,true,,Fragments
LocalFile,CategoriesUseCase,AddCategorywithLocalization,,,,true,,true,"Categories,Localization",Categories
LocalFile,CategoriesUseCase,AddCategorywithSiteRole,,,,true,,true,"Categories,Permissions,Roles",Categories
LocalFile,CategoriesUseCase,AddSubcategoryConfigureParentCategory,,,,true,,true,,Categories
LocalFile,CategoriesUseCase,AddSubcategoryProperty,,,,true,,true,Categories,Categories
LocalFile,CategoriesUseCase,AddVocabularyWithAssetSubtype,,,,true,,true,"Categories,Web Content Administration",Categories
LocalFile,CategoriesUseCase,AddVocabularyWithMultipleAssetTypes,,,,true,,true,Categories,Categories
LocalFile,CategoriesUseCase,AddWCFailWithRequiredVocabularyAssetType,,,,true,,true,"Categories,Web Content Administration",Categories
LocalFile,CategoriesUseCase,AddWCWithOptionalVocabularyAssetType,,,,false,,true,"Categories,Web Content Administration",Categories
LocalFile,CategoriesUseCase,DeletePartialCategory,,,,true,,true,"Categories,Permissions,Roles",Categories
LocalFile,CategoriesUseCase,DisableMultipleCategories,,,,true,,true,"Categories,Web Content Administration",Categories
LocalFile,CategoriesUseCase,DuplicateCategoriesViaWebContentCopy,,,,true,,true,"Categories,Web Content Administration",Categories
LocalFile,CategoriesUseCase,ExportImportWCWithCategoryViaAP,,true,,true,,true,Training,Categories
LocalFile,CategoriesUseCase,ImportLAR,,true,,true,,true,Training,Categories
LocalFile,CategoriesUseCase,MoveSubcategory,,,,true,,true,Categories,Categories
LocalFile,CategoriesUseCase,SearchCategory,,,,true,,true,Categories,Categories
LocalFile,CategoriesUseCase,SearchCategoryWithNullResult,,,,true,,true,Categories,Categories
LocalFile,CategoriesUseCase,SearchEditedCategory,,,,true,,true,Categories,Categories
LocalFile,CategoriesUseCase,SearchSubcategory,,,,true,,true,Categories,Categories
LocalFile,CategoriesUseCase,SearchSubcategoryWithNullResult,,,,true,,true,Categories,Categories
LocalFile,CategoriesUseCase,SelectMultipleRequiredCategoriesWithBlankPageTemplate,,,,true,,true,Categories,Categories
LocalFile,CategoriesUseCase,SelectRequiredCategoryWhenEnterPageNameWithBlankPageTemplate,,true,,true,,true,Categories,Categories
LocalFile,CategoriesUseCase,SelectRequiredCategoryWhenEnterPageNameWithWidgetPageTemplate,,true,,true,,true,Categories,Categories
LocalFile,CategoriesUseCase,UseCategoryFromParentSiteViaSiteHierarchy,,,,true,,true,"Categories,Site Administration,Web Content Administration",Categories
LocalFile,CategoriesUseCase,ViewCannotAddDuplicateSubCategory,,,,true,,true,Categories,Categories
LocalFile,CategoriesUseCase,ViewFlattenedTreeCategoryNavigationDisplayStyle,,,,true,,true,,Categories
LocalFile,CategoriesUseCase,ViewNavigation,,,,true,,true,Categories,Categories
LocalFile,ContentDisplayWithStaging,SelectCustomWebContentTemplateInContentDisplay,,,,true,,true,,"Content Pages,Fragments"
LocalFile,FragmentsWithImageResolutionInDisplayPageTemplate,ViewAutoImageResolutionForBackgroundImageDirectlySelectedInBannerCenter,,true,,true,,true,,Fragments
LocalFile,FragmentsWithImageResolutionInDisplayPageTemplate,ViewAutoImageResolutionForBackgroundImageDirectlySelectedInContainer,,true,,true,,true,,Fragments
LocalFile,FragmentsWithImageResolutionInDisplayPageTemplate,ViewAutoImageResolutionForImageDirectlySelectedInCard,,true,,true,,true,,Fragments
LocalFile,FragmentsWithImageResolutionInDisplayPageTemplate,ViewAutoImageResolutionForMappingBackgroundImageInBannerCenter,,true,,true,,true,,Fragments
LocalFile,FragmentsWithImageResolutionInDisplayPageTemplate,ViewAutoImageResolutionForMappingBackgroundImageInContainer,,true,,true,,true,,Fragments
LocalFile,FragmentsWithImageResolutionInDisplayPageTemplate,ViewAutoImageResolutionForMappingImageInCard,,true,,true,,true,,Fragments
LocalFile,CPRolesCPWebcontent,AddFolderSiteRoleDefaultPermission,,true,,true,,true,Roles,Web Content Administration
LocalFile,CPRolesCPWebcontent,AddFolderSiteRoleDefinePermission,,true,,true,,true,Roles,Web Content Administration
LocalFile,CPRolesCPWebcontent,AddStructureSiteRoleDefaultPermission,,true,,true,,true,Roles,Web Content Administration
LocalFile,CPRolesCPWebcontent,AddStructureSiteRoleDefinePermission,,true,,true,,true,Roles,Web Content Administration
LocalFile,CPRolesCPWebcontent,AddTemplateSiteRoleDefaultPermission,,true,,true,,true,Roles,Web Content Administration
LocalFile,CPRolesCPWebcontent,AddTemplateSiteRoleDefinePermission,,true,,true,,true,Roles,Web Content Administration
LocalFile,CPRolesCPWebcontent,AddWebContentSiteRoleDefaultPermission,,true,,true,,true,Roles,Web Content Administration
LocalFile,CPRolesCPWebcontent,AddWebContentSiteRoleDefinePermission,,true,,true,,true,Roles,Web Content Administration
LocalFile,CPRolesCPWebcontent,ViewWebContentPortletRegRole,,,,true,,true,Roles,Web Content Administration
LocalFile,CPRolesCPWebcontent,ViewWebContentPortletSiteRole,,,,true,,true,Roles,Web Content Administration
LocalFile,Dropdown,AddFragmentIntoDropdownPanel,,true,,true,,true,,Fragments
LocalFile,Dropdown,DefineDisplayedBehaviorOfDropdownPanel,,true,,true,,true,,Fragments
LocalFile,Dropdown,DefinePanelType,,true,,true,,true,,Fragments
LocalFile,Dropdown,EditInlineContent,,true,,true,,true,,Fragments
LocalFile,ContentDisplayWithWebContentTemplate,CannotDeleteSelectedTemplate,,,,true,,true,,"Content Pages,Fragments"
LocalFile,ContentDisplayWithWebContentTemplate,SelectCustomWebContentTemplate,,true,,true,,true,,"Content Pages,Fragments"
LocalFile,ContentDisplayWithWebContentTemplate,SelectWebContentTemplateFromGlobalSite,,,,true,,true,,"Content Pages,Fragments"
LocalFile,ContentDisplayWithWebContentTemplate,SelectWebContentTemplateFromScriptFile,,,,true,,true,,"Content Pages,Fragments"
LocalFile,ContentDisplayWithWebContentTemplate,ViewAvailableWebContentTemplates,,,,true,,true,,"Content Pages,Fragments"
LocalFile,ContentDisplayWithWebContentTemplate,ViewSelectedWebContentWithAllFields,,,,true,,true,,"Content Pages,Fragments"
LocalFile,AssetPublisherUseCase,AddAndEditAssetsViaVirtualHostOrganizations,,,,true,,true,,Asset Publisher
LocalFile,AssetPublisherUseCase,AssertAssetListScopeViaAssetPublisher,,,,true,,true,,Asset Publisher
LocalFile,AssetPublisherUseCase,AssertGuestRefreshNoConsoleErrors,,,,true,,true,,Asset Publisher
LocalFile,AssetPublisherUseCase,AssetPublisherCategoriesLocalization,,,,true,,true,,Asset Publisher
LocalFile,AssetPublisherUseCase,AssetPublisherCategoriesNavigation,,true,,true,,true,Training,Asset Publisher
LocalFile,AssetPublisherUseCase,AssetPublisherFilterAndOrderByFieldType,,false,,true,,true,Training,Asset Publisher
LocalFile,AssetPublisherUseCase,AssetPublisherHasOpenOfficeFileTypeLinks,,,,true,,true,,Asset Publisher
LocalFile,AssetPublisherUseCase,AssetPublisherSiteAndGlobalScopeAccessibility,,true,,true,,true,,Asset Publisher
LocalFile,AssetPublisherUseCase,AssetPublisherTogglingBetweenSites,,,,true,,true,,Asset Publisher
LocalFile,AssetPublisherUseCase,DisplayAssetsFilterByTagsOrCategoryViaAssetPublisher,,,,true,,true,,Asset Publisher
LocalFile,AssetPublisherUseCase,ViewAPPortletAsNewUserSiteAdministratorViaUserSite,,,,true,,true,,Asset Publisher
LocalFile,AssetPublisherUseCase,ViewAssetPaginationAndShowContentAddButtonViaAP,,true,,true,,true,Training,Asset Publisher
LocalFile,AssetPublisherUseCase,ViewAuthorChangeViaAP,,,,true,,true,,Asset Publisher
LocalFile,AssetPublisherUseCase,ViewBlogsEntriesViaRelatedAssets,,,,true,,true,,Asset Publisher
LocalFile,AssetPublisherUseCase,ViewDeletedWCDArticleAsAdminAndGuestCP,,,,true,,true,,Asset Publisher
LocalFile,AssetPublisherUseCase,ViewRelatedAssetsViaRelatedAssetsPortlet,,,,true,,true,,Asset Publisher
LocalFile,AssetPublisherUseCase,ViewRelatedAssetViaDMPortlet,,,,true,,true,,Asset Publisher
LocalFile,AssetPublisherUseCase,ViewWebContentWithConfiguredDisplayPageViaAP,,,,true,,true,,Asset Publisher
LocalFile,FragmentsWithImageResolution,SelectImageResolutionManuallyInTheDesktopViewport,,true,,true,,true,,Fragments
LocalFile,FragmentsWithImageResolution,SelectImageResolutionManuallyInTheTabletViewport,,,,true,,true,,Fragments
LocalFile,FragmentsWithImageResolution,ViewAutoImageResolutionForBackgroundImageDirectlySelected,,true,,true,,true,,Fragments
LocalFile,FragmentsWithImageResolution,ViewAutoImageResolutionForImageMappedToWebContent,,true,,true,,true,,Fragments
LocalFile,FragmentsWithImageResolution,ViewAutoImageResolutionForMappingBackgroundImageInBannerCenter,,true,,true,,true,,Fragments
LocalFile,FragmentsWithImageResolution,ViewAutoImageResolutionForMappingBackgroundImageInContainer,,true,,true,,true,,Fragments
LocalFile,FragmentsWithImageResolution,ViewAutoImageResolutionWhenImageResolutionIsGreaterThanOriginalImageAndOriginalImageIsGreaterThanViewport,,,,true,,true,,Fragments
LocalFile,FragmentsWithImageResolution,ViewAutoImageResolutionWhenImageResolutionIsGreaterThanViewportAndViewportIsGreaterThanOriginalImage,,,,true,,true,,Fragments
LocalFile,FragmentsWithImageResolution,ViewAutoImageResolutionWhenOriginalImageIsGreaterThanImageResolutionAndImageResolutionIsGreaterThanViewport,,true,,true,,true,,Fragments
LocalFile,FragmentsWithImageResolution,ViewAutoImageResolutionWhenOriginalImageIsGreaterThanViewportAndViewportIsGreaterThanImageResolution,,,,true,,true,,Fragments
LocalFile,FragmentsWithImageResolution,ViewAutoImageResolutionWhenViewportIsGreaterThanImageResolutionAndImageResolutionIsGreaterThanOriginalImage,,,,true,,true,,Fragments
LocalFile,FragmentsWithImageResolution,ViewAutoImageResolutionWhenViewportIsGreaterThanOriginalImageAndOriginalImageIsGreaterThanImageResolution,,,,true,,true,,Fragments
LocalFile,ContentDisplay,CannotViewAssetWithoutAssetViewPermission,,,,true,,true,,"Content Pages,Fragments"
LocalFile,ContentDisplay,DeletedContentIsInvisible,,,,true,,true,,"Content Pages,Fragments"
LocalFile,ContentDisplay,EditContentWithCreateAndUpdateWebContentPermissions,,true,,true,,true,,"Content Pages,Fragments"
LocalFile,ContentDisplay,UnconfiguredContentDisplayIsInvisible,,,,true,,true,,"Content Pages,Fragments"
LocalFile,ContentDisplay,ViewRestoredAsset,,,,true,,true,,"Content Pages,Fragments"
LocalFile,ContentDisplay,ViewSelectedBlog,,true,,true,,true,,"Content Pages,Fragments"
LocalFile,ContentDisplay,ViewSelectedDocument,,true,,true,,true,,"Content Pages,Fragments"
LocalFile,ContentDisplay,ViewSelectedWebContentInContentPage,,true,,true,,true,,"Content Pages,Fragments"
LocalFile,ContentDisplay,ViewSelectedWebContentInContentPageTemplate,,,,true,,true,,"Fragments,Layout Page Templates"
LocalFile,ContentDisplay,ViewSelectedWebContentInDisplayPageTemplate,,,,true,,true,,"Display Pages,Fragments"
LocalFile,MenuDisplay,DefineDisplayedSublevels,,true,,true,,true,,Fragments
LocalFile,MenuDisplay,DefineDisplayStyle,,true,,true,,true,,Fragments
LocalFile,MenuDisplay,DefineItemColorStyles,,true,,true,,true,,Fragments
LocalFile,MenuDisplay,NavigateViaMenuDisplayInStagingAndLiveSite,,,,true,,true,,Fragments
LocalFile,MenuDisplay,SelectNavigationMenuFromExistingOnes,,true,,true,,true,,Fragments
LocalFile,LocalizationWithWebContent,AddWCWithMultipleTranslations,,,,true,,true,"Localization,Web Content Administration",Web Content Administration
LocalFile,LocalizationWithWebContent,AddWebContentWithTranslatedTextField,,,,true,,true,,Web Content Administration
LocalFile,LocalizationWithWebContent,ViewChangedDefaultPortalLanguageViaWebContent,,,,true,,true,Localization,Web Content Administration
LocalFile,LocalizationWithWebContent,ViewLocalizedFriendlyURLInWCD,,,,true,,true,,Web Content Administration
LocalFile,LocalizationWithWebContent,ViewStructureDefaultValueInTranslatedTextField,,,,true,,true,,Web Content Administration
LocalFile,LocalizationWithWebContentUI,AddLocalizedWebContentViaSourceEditor,,true,,true,,true,"Training,Web Content Administration",Web Content Administration
LocalFile,LocalizationWithWebContentUI,AddWCWithTranslation,,true,,true,,true,"Localization,Web Content Administration",Web Content Administration
LocalFile,LocalizationWithWebContentUI,WebContentAdministrationLocalization,,,,true,,true,"Localization,Web Content Administration",Web Content Administration
LocalFile,AssetLists,AddAssetList,,true,,true,,true,,Asset Lists
LocalFile,AssetLists,AddDuplicateAssetList,,,,true,,true,,Asset Lists
LocalFile,AssetLists,DeleteAssetList,,true,,true,,true,,Asset Lists
LocalFile,AssetLists,RenameAssetList,,true,,true,,true,,Asset Lists
LocalFile,AssetLists,ViewAssetListContent,,,,true,,true,,Asset Lists
LocalFile,AssetLists,ViewAssetListUsages,,,,true,,true,,Asset Lists
LocalFile,AssetLists,ViewWCViaAPWithAssetListBasedOnGroupedKeywords,,,,true,,true,,Asset Lists
LocalFile,AssetLists,ViewWebContentViaAssetPublisherWithAssetListBasedOnKeywords,,true,,true,,true,,Asset Lists
LocalFile,WebContentTemplates,AddTemplateWithStructure,,true,,true,,true,Web Content Administration,Web Content Administration
LocalFile,WebContentTemplates,CannotAddTemplateWhenDisableTemplateCreation,,true,,true,,true,,Web Content Administration
LocalFile,WebContentTemplates,SaveChangesInExistingTemplateWhenDisableTemplateCreation,,true,,true,,true,,Web Content Administration
LocalFile,WebContentTemplates,ViewAndEditAsWellAsDeleteTemplateWithAllFieldsStructure,,,,true,,true,,Web Content Administration
LocalFile,WebContentTemplates,ViewTemplateCreationFailureWhenDisableTemplateCreation,,,,true,,true,,Web Content Administration
LocalFile,CPDynamicdatalists,AddDisplayTemplateFreeMarker,,,,true,,true,,Dynamic Data Lists
LocalFile,CPDynamicdatalists,AddDisplayTemplateVelocity,,,,true,,quarantine,,Dynamic Data Lists
LocalFile,CPDynamicdatalists,AddFormTemplate,,quarantine,,true,,true,,Dynamic Data Lists
LocalFile,CPDynamicdatalists,AddList,,,,true,,true,,Dynamic Data Lists
LocalFile,CPDynamicdatalists,AddListAndRecordWithContactsPredefinedDataDefinition,,,,true,,true,,Dynamic Data Lists
LocalFile,CPDynamicdatalists,AddListAndRecordWithEventsPredefinedDataDefinition,,,,true,,true,,Dynamic Data Lists
LocalFile,CPDynamicdatalists,AddListAndRecordWithInventoryPredefinedDataDefinition,,,,true,,true,,Dynamic Data Lists
LocalFile,CPDynamicdatalists,AddListAndRecordWithIssuesTrackingPredefinedDataDefinition,,,,true,,true,,Dynamic Data Lists
LocalFile,CPDynamicdatalists,AddListAndRecordWithMeetingMinutesPredefinedDataDefinition,,,,true,,true,,Dynamic Data Lists
LocalFile,CPDynamicdatalists,AddListAndRecordWithToDoPredefinedDataDefinition,,quarantine,,true,,quarantine,,Dynamic Data Lists
LocalFile,CPDynamicdatalists,AddListRecordWithBooleanField,,,,true,,true,,Dynamic Data Lists
LocalFile,CPDynamicdatalists,AddListRecordWithDateField,,,,true,,true,,Dynamic Data Lists
LocalFile,CPDynamicdatalists,AddListRecordWithDecimalField,,,,true,,true,,Dynamic Data Lists
LocalFile,CPDynamicdatalists,AddListRecordWithDocumentsAndMediaField,,,,true,,quarantine,,Dynamic Data Lists
LocalFile,CPDynamicdatalists,AddListRecordWithGeolocationField,,,,true,,true,,Dynamic Data Lists
LocalFile,CPDynamicdatalists,AddListRecordWithHTMLField,,,,true,,true,,Dynamic Data Lists
LocalFile,CPDynamicdatalists,AddListRecordWithIntegerField,,,,true,,quarantine,,Dynamic Data Lists
LocalFile,CPDynamicdatalists,AddListRecordWithLinkToPageField,,quarantine,,true,,true,,Dynamic Data Lists
LocalFile,CPDynamicdatalists,AddListRecordWithNumberField,,,,true,,true,,Dynamic Data Lists
LocalFile,CPDynamicdatalists,AddListRecordWithRadioField,,,,true,,true,,Dynamic Data Lists
LocalFile,CPDynamicdatalists,AddListRecordWithRequiredBooleanField,,,,true,,true,,Dynamic Data Lists
LocalFile,CPDynamicdatalists,AddListRecordWithSelectField,,,,true,,true,,Dynamic Data Lists
LocalFile,CPDynamicdatalists,AddListRecordWithTextBoxField,,,,true,,true,,Dynamic Data Lists
LocalFile,CPDynamicdatalists,AddListRecordWithTextField,,,,true,,true,,Dynamic Data Lists
LocalFile,CPDynamicdatalists,CopyDataDefinition,,,,true,,quarantine,,Dynamic Data Lists
LocalFile,CPDynamicdatalists,CopyDataDefinitionWithCopyDisplayTemplates,,,,true,,quarantine,,Dynamic Data Lists
LocalFile,CPDynamicdatalists,CopyDataDefinitionWithCopyFormTemplates,,,,true,,quarantine,,Dynamic Data Lists
LocalFile,CPDynamicdatalists,CopyDataDefinitionWithCopyFormTemplatesAndCopyDisplayTemplates,,,,true,,quarantine,,Dynamic Data Lists
LocalFile,CPDynamicdatalists,DeleteDataDefinition,,,,true,,true,,Dynamic Data Lists
LocalFile,CPDynamicdatalists,DeleteDisplayTemplateFreeMarker,,,,true,,true,,Dynamic Data Lists
LocalFile,CPDynamicdatalists,DeleteDisplayTemplateVelocity,,,,true,,true,,Dynamic Data Lists
LocalFile,CPDynamicdatalists,DeleteFormTemplate,,,,true,,true,,Dynamic Data Lists
LocalFile,CPDynamicdatalists,DeleteList,,true,,true,,true,,Dynamic Data Lists
LocalFile,CPDynamicdatalists,DeleteListRecord,,,,true,,true,,Dynamic Data Lists
LocalFile,CPDynamicdatalists,EditBooleanFieldFieldLabel,,,,true,,true,,Dynamic Data Lists
LocalFile,CPDynamicdatalists,EditBooleanFieldName,,,,true,,true,,Dynamic Data Lists
LocalFile,CPDynamicdatalists,EditBooleanFieldShowLabel,,,,true,,quarantine,,Dynamic Data Lists
LocalFile,CPDynamicdatalists,EditBooleanFieldTip,,,,true,,true,,Dynamic Data Lists
LocalFile,CPDynamicdatalists,EditDataDefinition,,true,,true,,true,,Dynamic Data Lists
LocalFile,CPDynamicdatalists,EditDisplayTemplateFreeMarker,,,,true,,true,,Dynamic Data Lists
LocalFile,CPDynamicdatalists,EditDisplayTemplateVelocity,,,,true,,true,,Dynamic Data Lists
LocalFile,CPDynamicdatalists,EditFormTemplate,,,,true,,true,,Dynamic Data Lists
LocalFile,CPDynamicdatalists,EditList,,,,true,,true,,Dynamic Data Lists
LocalFile,CPDynamicdatalists,EditListRecord,,true,,true,,true,,Dynamic Data Lists
LocalFile,CPDynamicdatalists,EditListRecordViaRecordView,,,,true,,true,,Dynamic Data Lists
LocalFile,CPDynamicdatalists,EditRadioFieldOptions,,,,true,,true,,Dynamic Data Lists
LocalFile,CPDynamicdatalists,EditRadioFieldOptionsWithUTF8Characters,,,,true,,true,,Dynamic Data Lists
LocalFile,CPDynamicdatalists,EditSelectFieldOptions,,,,true,,true,,Dynamic Data Lists
LocalFile,CPDynamicdatalists,EditSelectFieldOptionsWithUTF8Characters,,,,true,,true,,Dynamic Data Lists
LocalFile,CPDynamicdatalists,ImportLAR,,false,,true,,true,,Dynamic Data Lists
LocalFile,CPDynamicdatalists,ViewBooleanFieldPredefinedValue,,,,true,,true,,Dynamic Data Lists
LocalFile,CPDynamicdatalists,ViewCannotAddNonAlphanumericCharactersToFieldName,,,,true,,true,,Dynamic Data Lists
LocalFile,CPDynamicdatalists,ViewFormTemplateFieldReadOnlyWithEditMode,,,,true,,true,,Dynamic Data Lists
LocalFile,CPDynamicdatalists,ViewFormTemplateFields,,,,true,,quarantine,,Dynamic Data Lists
LocalFile,CPDynamicdatalists,ViewFormTemplateFieldsAfterSaveAndContinue,,,,true,,true,,Dynamic Data Lists
LocalFile,CPDynamicdatalists,ViewListRecordAndAssertAnchorLink,,,,true,,true,,Dynamic Data Lists
LocalFile,CPDynamicdatalists,ViewNoDuplicatesInOriginalAfterCopy,,,,true,,quarantine,,Dynamic Data Lists
LocalFile,CPDynamicdatalists,ViewRecordInfoSidebar,,,,true,,true,,Dynamic Data Lists
LocalFile,Fragments,AddAndDeleteResource,,,,true,,true,,Fragments
LocalFile,Fragments,AddContainerToLayoutElements,,,,true,,true,,Fragments
LocalFile,Fragments,AddFragmentWithTwoDropZones,,,,true,,true,,Fragments
LocalFile,Fragments,AddRowToSection,,true,,true,,true,,Fragments
LocalFile,Fragments,ConfigureBasicComponentButton,,,,true,,true,,Fragments
LocalFile,Fragments,ConfigureBasicComponentCard,,,,true,,true,,Fragments
LocalFile,Fragments,ConfigureBasicComponentHeading,,,,true,,true,,Fragments
LocalFile,Fragments,ConfigureBasicComponentImage,,true,,true,,true,,Fragments
LocalFile,Fragments,ConfigureBasicComponentParagraph,,true,,true,,true,,Fragments
LocalFile,Fragments,ConfigureBasicComponentSeparator,,,,true,,true,,Fragments
LocalFile,Fragments,ConfigureBasicComponentSpacer,,,,true,,true,,Fragments
LocalFile,Fragments,ConfigureBasicComponentVideo,,true,,true,,true,,Fragments
LocalFile,Fragments,ConfigureLayoutElements,true,true,,true,,true,,Fragments
LocalFile,Fragments,CopyFragment,,true,,true,,true,,Fragments
LocalFile,Fragments,CopyInheritedContributedFragment,,true,,true,,true,,Fragments
LocalFile,Fragments,DeleteFragment,,true,,true,,true,,Fragments
LocalFile,Fragments,DeleteFragmentCollection,,true,,true,,true,,Fragments
LocalFile,Fragments,MarkFragmentCreatedInPortalAsCacheable,,true,,true,,true,,Fragments
LocalFile,Fragments,MarkFragmentWithoutReadOnlyImportedToPortalAsCacheable,,,,true,,true,,Fragments
LocalFile,Fragments,PropagateGlobalFragmentChanges,,true,,true,,true,,Fragments
LocalFile,Fragments,RenameFragment,,,,true,,true,,Fragments
LocalFile,Fragments,SaveContainerAsCompositionInModuleOfGrid,,true,,true,,true,,Fragments
LocalFile,Fragments,SaveFragmentCompositionWithDropZoneInFragment,,,,true,,true,,Fragments
LocalFile,Fragments,ViewAutoSavedAfterPublishingComponent,,,,true,,true,,Fragments
LocalFile,Fragments,ViewAutoSavedBeforePublishingComponent,,true,,true,,true,,Fragments
LocalFile,Fragments,ViewCannotDeleteFragmentInUse,,true,,true,,true,,Fragments
LocalFile,Fragments,ViewContributedFragmentCollections,,true,,true,,true,,Fragments
LocalFile,Fragments,ViewGlobalFragments,,true,,true,,true,,Fragments
LocalFile,Fragments,ViewGlobalFragmentsSiteUsages,,true,,true,,true,,Fragments
LocalFile,WebContentDisplayWithStaging,StagingPublishExpiredWebContentViaWCD,,,,true,,true,"Staging,Web Content Administration",Web Content Display
LocalFile,WebContentDisplayWithStaging,StagingPublishWCWithImageFieldEdit,,true,,true,,true,,Web Content Display
LocalFile,WebContentDisplayWithStaging,ViewCommentAfterEditingViaStage,,,,true,,true,,Web Content Display
LocalFile,FragmentsImporter,CannotImportNonZip,,true,,true,,true,,Fragments
LocalFile,FragmentsImporter,ExportFragmentCompositionAndImport,,,,true,,true,,Fragments
LocalFile,FragmentsImporter,ExportImportCollectionViewFragment,,true,,true,,true,,Fragments
LocalFile,FragmentsImporter,ExportImportFragmentCompositionWithCheckingSaveMappingConfiguration,,,,true,,true,,Fragments
LocalFile,FragmentsImporter,ExportImportFragmentCompositionWithCustomConfigurations,,true,,true,,true,,Fragments
LocalFile,FragmentsImporter,ExportImportFragmentCompositionWithoutCheckingSaveMappingConfiguration,,,,true,,true,,Fragments
LocalFile,FragmentsImporter,ExportImportMultipleCollections,,,,true,,true,,Fragments
LocalFile,FragmentsImporter,ExportImportSavedCompositionWithoutSaveInlineContent,,true,,true,,true,,Fragments
LocalFile,FragmentsImporter,ExportImportSavedCompositionWithSaveInlineContent,,true,,true,,true,,Fragments
LocalFile,FragmentsImporter,ImportFragmentWithDuplicateFragmentComposition,,,,true,,true,,Fragments
LocalFile,FragmentsImporter,ImportFragmentWithHTMLCSSJSJSONReplaced,,,,true,,true,,Fragments
LocalFile,FragmentsImporter,ImportFragmentWithInlineContentEdited,,,,true,,true,,Fragments
LocalFile,FragmentsImporter,ValidateDependenciesFragments,,true,,true,,true,,Fragments
LocalFile,WebContentWithUserNotifications,ViewArticleEmailNotification,,,,true,,true,Web Content Administration,Web Content Administration
LocalFile,WebContentWithUserNotifications,ViewEditArticleEmailNotification,,,,true,,true,Web Content Administration,Web Content Administration
LocalFile,WebContentWithUserNotifications,ViewMoveArticleEmailNotification,,,,true,,true,Web Content Administration,Web Content Administration
LocalFile,DynamicdatalistsUsecase,AddDataDefinitionWithoutANameAndAssertErrorMessage,,,,true,,true,,Dynamic Data Lists
LocalFile,DynamicdatalistsUsecase,AddListWithoutDataDefinitionAndAssertErrorMessage,,,,true,,true,,Dynamic Data Lists
LocalFile,DynamicdatalistsUsecase,AddListWithXSSWorkflowDefinition,,,,true,,true,,Dynamic Data Lists
LocalFile,DynamicdatalistsUsecase,AddRecord,,,,true,,true,,Dynamic Data Lists
LocalFile,DynamicdatalistsUsecase,AddRecordBlankDateField,,,,true,,true,,Dynamic Data Lists
LocalFile,DynamicdatalistsUsecase,AddRecordWithBlankDocumentsAndMediaField,,,,true,,quarantine,,Dynamic Data Lists
LocalFile,DynamicdatalistsUsecase,AddRecordWithBlankLinkToPageField,,,,true,,quarantine,,Dynamic Data Lists
LocalFile,DynamicdatalistsUsecase,AddRecordWithBlankWebContentField,,quarantine,,true,,true,,Dynamic Data Lists
LocalFile,DynamicdatalistsUsecase,AddRecordWithPopulatedWebContentField,,quarantine,,true,,true,,Dynamic Data Lists
LocalFile,DynamicdatalistsUsecase,AddRecordWithRepeatableTextField,,quarantine,,true,,true,,Dynamic Data Lists
LocalFile,DynamicdatalistsUsecase,AddRepeatableFieldAndAssertOrderInTranslation,,,,true,,quarantine,,Dynamic Data Lists
LocalFile,DynamicdatalistsUsecase,AddRepeatableFieldAsNonAdminUser,,,,true,,true,,Dynamic Data Lists
LocalFile,DynamicdatalistsUsecase,AddSelectFieldWithTranslationAndViewInSpreadsheetView,,,,true,,quarantine,,Dynamic Data Lists
LocalFile,DynamicdatalistsUsecase,AddXSSToHTMLField,,,,true,,true,,Dynamic Data Lists
LocalFile,DynamicdatalistsUsecase,AssertConfigurationMenulist,,,,true,,true,,Dynamic Data Lists
LocalFile,DynamicdatalistsUsecase,AssertDecimalFieldInvalidDataErrorMessage,,,,true,,true,,Dynamic Data Lists
LocalFile,DynamicdatalistsUsecase,AssertFieldAfterNavigatingToManageTemplates,,,,true,,true,,Dynamic Data Lists
LocalFile,DynamicdatalistsUsecase,AssertGuestCannotEditRecord,,,,true,,quarantine,,Dynamic Data Lists
LocalFile,DynamicdatalistsUsecase,AssertIntegerFieldInvalidDataErrorMessage,,,,true,,true,,Dynamic Data Lists
LocalFile,DynamicdatalistsUsecase,AssertNumberFieldInvalidDataErrorMessage,,,,true,,true,,Dynamic Data Lists
LocalFile,DynamicdatalistsUsecase,AssertUserCannotDeleteEntryAfterPermissionRemoved,,,,true,,true,,Dynamic Data Lists
LocalFile,DynamicdatalistsUsecase,AssertUserUpdateRejectedRecord,,,,true,,quarantine,,Dynamic Data Lists
LocalFile,DynamicdatalistsUsecase,CreateSiteAndViewDefaultDataDefinitions,,,,true,,true,,Dynamic Data Lists
LocalFile,DynamicdatalistsUsecase,DeleteStructure,,,,true,,true,,Dynamic Data Lists
LocalFile,DynamicdatalistsUsecase,EditDefaultLanguageAndPublishRecord,,,,true,,true,,Dynamic Data Lists
LocalFile,DynamicdatalistsUsecase,EditListRecordWithNestedFieldViaSpreadsheetView,,,,true,,quarantine,,Dynamic Data Lists
LocalFile,DynamicdatalistsUsecase,FormTemplateUniqueField,,,,true,,quarantine,,Dynamic Data Lists
LocalFile,DynamicdatalistsUsecase,RemoveRepeatableDateField,,,,true,,true,,Dynamic Data Lists
LocalFile,DynamicdatalistsUsecase,RemoveRepeatableFieldAndAssertOrderInTranslation,,,,true,,quarantine,,Dynamic Data Lists
LocalFile,DynamicdatalistsUsecase,SelectLinkToPagePage,,,,true,,quarantine,,Dynamic Data Lists
LocalFile,DynamicdatalistsUsecase,TemplateAddDeletedField,,,,true,,quarantine,,Dynamic Data Lists
LocalFile,DynamicdatalistsUsecase,ViewCannotSaveWithDuplicateFieldNames,,,,true,,true,,Dynamic Data Lists
LocalFile,DynamicdatalistsUsecase,ViewDisplayTemplateClassLinks,,,,true,,true,,Dynamic Data Lists
LocalFile,DynamicdatalistsUsecase,ViewFieldsNestedInDDLRecord,,,,true,,quarantine,,Dynamic Data Lists
LocalFile,DynamicdatalistsUsecase,ViewFormTemplateFieldsAfterBackNavigation,,,,true,,true,,Dynamic Data Lists
LocalFile,DynamicdatalistsUsecase,ViewLinkToPageBreadcrumb,,,,true,,quarantine,,Dynamic Data Lists
LocalFile,DynamicdatalistsUsecase,ViewMultipleDDLRecordsInAssetPublisherAndSortByModifiedDate,,,,true,,true,,Dynamic Data Lists
LocalFile,DynamicdatalistsUsecase,ViewNestedFieldDoesNotDisplayInRecordTable,,,,true,,quarantine,,Dynamic Data Lists
LocalFile,DynamicdatalistsUsecase,ViewNestedFieldEntryWithBlankParentField,,,,true,,quarantine,,Dynamic Data Lists
LocalFile,DynamicdatalistsUsecase,ViewRepeatableNestedFields,,,,true,,true,,Dynamic Data Lists
LocalFile,DynamicdatalistsUsecase,ViewRequiredNestedDocumentsAndMediaField,,false,,true,,quarantine,Training,Dynamic Data Lists
LocalFile,DynamicdatalistsUsecase,ViewUniqueFieldLabels,,,,true,,true,,Dynamic Data Lists
LocalFile,WebContentUI,AddFolder,,true,,true,,true,"Training,Web Content Administration",Web Content Administration
LocalFile,WebContentUI,AddWebContent,,,,true,,true,Web Content Administration,Web Content Administration
LocalFile,WebContentUI,AddWebContentDraft,,,,true,,true,Web Content Administration,Web Content Administration
LocalFile,WebContentUI,AddWebContentMultiple,,,,true,,true,Web Content Administration,Web Content Administration
LocalFile,WebContentUI,EditWCAddLocalization,,,,true,,true,"Localization,Web Content Administration",Web Content Administration
LocalFile,ContentPagesWithEditables,AddContentPageWithEditedFragmentText,,true,,true,,true,Training,Content Pages
LocalFile,ContentPagesWithEditables,AddContentPageWithHTMLFragment,,true,,true,,true,,Content Pages
LocalFile,ContentPagesWithEditables,AddContentPageWithImageFragment,,true,,true,,true,,Content Pages
LocalFile,ContentPagesWithEditables,AddTraslationtoRichText,,true,,true,,true,,Content Pages
LocalFile,WebContentStructures,AddStructureViaLocaleURL,,,,true,,true,,Web Content Administration
LocalFile,WebContentStructures,EditFieldReferenceOfFieldOption,,,,true,,true,,Web Content Administration
LocalFile,WebContentStructures,EditStructureDefaultValuesForFieldsets,,,,true,,true,Web Content Administration,Web Content Administration
LocalFile,WebContentStructures,SelectDifferentTypePagesInLinkToPageField,,,,true,,true,,Web Content Administration
LocalFile,WebContentStructures,SelectGreatGrandChildPageInLinkToPageField,,,,true,,true,,Web Content Administration
LocalFile,WebContentStructures,SelectImageFromDocumentsAndMediaInImageField,,,,true,,true,,Web Content Administration
LocalFile,WebContentStructures,ValidateDDMNavigation,,,,true,,true,Web Content Administration,Web Content Administration
LocalFile,WebContentStructures,ViewAndEditAsWellAsDeleteStructureWithAllFields,,true,,true,,true,"Training,Web Content Administration",Web Content Administration
LocalFile,WebContentStructures,ViewFavoriteStructure,,,,true,,true,Web Content Administration,Web Content Administration
LocalFile,WebContentWithPermissions,AddAndViewStructureAndTemplateWithPermissions,,true,,true,,true,"Permissions,Roles,Training,Web Content Administration",Web Content Administration
LocalFile,WebContentWithPermissions,AddWebContentRemoveGuestViewPermission,,,,true,,true,"Permissions,Web Content Administration",Web Content Administration
LocalFile,WebContentSearch,SearchWebContent,,,,true,,true,"Categories,Web Content Search",Web Content Administration
LocalFile,WebContentSearch,SearchWebContentCategory,,,,true,,true,"Categories,Web Content Search",Web Content Administration
LocalFile,WebContentSearch,SearchWebContentCategoryQuotes,,,,true,,true,"Categories,Web Content Search",Web Content Administration
LocalFile,WebContentSearch,SearchWebContentQuotes,,,,true,,true,Web Content Search,Web Content Administration
LocalFile,WebContentSearch,SearchWebContentTag,,true,,true,,true,"Tags,Training,Web Content Display",Web Content Administration
LocalFile,WebContentSearch,SearchWebContentTagQuotes,,,,true,,true,Web Content Search,Web Content Administration
LocalFile,WebContentStaging,AssertWebContentFromStructureNotBeDeletedOnLiveViaSAP,,,,true,,true,,Web Content Administration
LocalFile,WebContentStaging,PublishInStagingWebContentFromStructure,,true,,true,,true,,Web Content Administration
LocalFile,WebContentStaging,PublishWebContentWithImportedStructureDefaultValues,,true,,true,,true,,Web Content Administration
LocalFile,WebContentStaging,StagingDraftWebContent,,true,,true,,true,,Web Content Administration
LocalFile,WebContentStaging,StagingEditWebContents,,true,,true,,true,,Web Content Administration
LocalFile,ContentPagesWithSearch,FilterByPageFacet,,true,,true,,true,,Content Pages
LocalFile,ContentPagesWithSearch,SearchContentPagesWithDeletedCategory,,,,true,,true,,Content Pages
LocalFile,ContentPagesWithSearch,SearchEditableText,,true,,true,,true,,Content Pages
LocalFile,ContentPagesWithSearch,SearchStaticText,,true,,true,,true,,Content Pages
LocalFile,ContentPagesWithEditMode,OnlyCanEditContentWhenSelectContentEdition,,true,,true,,true,,Content Pages
LocalFile,ContentPagesWithFragmentConfiguration,ActivateFragmentConfigurationViaTopper,,true,,true,,true,Theme,Fragments
LocalFile,ContentPagesWithFragmentConfiguration,AddCheckboxConfigurationFragmentToContentPage,,true,,true,,true,Theme,Fragments
LocalFile,ContentPagesWithFragmentConfiguration,AddColorPaletteConfigurationFragmentToContentPage,,true,,true,,true,Theme,Fragments
LocalFile,ContentPagesWithFragmentConfiguration,AddPlaceholderConfigurationFragmentToContentPage,,true,,true,,true,Theme,Fragments
LocalFile,ContentPagesWithFragmentConfiguration,AddSelectConfigurationFragmentToContentPage,,true,,true,,true,Theme,Fragments
LocalFile,ContentPagesWithFragmentConfiguration,AddTextConfigurationFragmentToContentPage,,true,,true,,true,Theme,Fragments
LocalFile,ContentPagesWithFragmentConfiguration,CanSelectSpecificWebContentUsingItemSelector,,,,true,,true,Theme,Fragments
LocalFile,ContentPagesWithFragmentConfiguration,ChangeConfigurationFragmentToContentPage,,true,,true,,true,Theme,Fragments
LocalFile,WebContentExportImport,AddCreatedStructureForImportedTemplate,,true,,true,,true,Training,Web Content Administration
LocalFile,WebContentExportImport,ExportLARWithNestedWebContent,,,,true,,true,Web Content Administration,Web Content Administration
LocalFile,WebContentExportImport,ExportWebContentWithEditedStructure,,,,true,,true,,Web Content Administration
LocalFile,WebContentExportImport,ImportAndUseGlobalStructureAndTemplate,,true,,true,,true,Training,Web Content Administration
LocalFile,WebContentExportImport,ImportLAR,,,,true,,true,Web Content Administration,Web Content Administration
LocalFile,WebContentExportImport,ImportLARLinkToPageValidation,,,,true,,true,Web Content Administration,Web Content Administration
LocalFile,WebContentExportImport,ImportLARWithTheSameTitle,,,,true,,true,Training,Web Content Administration
LocalFile,WebContentExportImport,MoveImportedWebContentArticlesToFolders,,true,,true,,true,"Training,Web Content Administration",Web Content Administration
LocalFile,WebContentExportImport,ResetImportedStructureDefaultValues,,,,true,,true,Web Content Administration,Web Content Administration
LocalFile,WebContentDisplay,AddAudioViaWebContent,,true,,true,,true,"Training,Web Content Administration",Web Content Display
LocalFile,WebContentDisplay,AddDraftNotApproved,,,,true,,true,Web Content Display,Web Content Display
LocalFile,WebContentDisplay,AddExistingPageAsDisplayPageInSiteCP,,true,,true,,true,"Training,Web Content Administration",Web Content Display
LocalFile,WebContentDisplay,AddImageToWebContentViaItemSelector,,true,,true,,true,"Training,Web Content Administration",Web Content Display
LocalFile,WebContentDisplay,AddNewWebContentViaAddContentPanel,,,,true,,true,Web Content Display,Web Content Display
LocalFile,WebContentDisplay,AddVideoViaWebContent,true,,,true,,true,Web Content Administration,Web Content Display
LocalFile,WebContentDisplay,AddWebContent,,true,,true,,true,Web Content Display,Web Content Display
LocalFile,WebContentDisplay,AddWebContentPortalScopeCurrentPage,,,,true,,true,Web Content Display,Web Content Display
LocalFile,WebContentDisplay,AddWebContentViaAddContentPanel,,true,,true,,true,"Web Content Display,Training",Web Content Display
LocalFile,WebContentDisplay,AddWebContentWithPortletURL,,true,,true,,true,,Web Content Display
LocalFile,WebContentDisplay,AddWithStructure,,false,,true,,true,"Web Content Display,Training",Web Content Display
LocalFile,WebContentDisplay,AssertExpired,,,,true,,true,Web Content Display,Web Content Display
LocalFile,WebContentDisplay,ChangeTemplate,,,,true,,true,Web Content Display,Web Content Display
LocalFile,WebContentDisplay,DisplayWebContentFromOtherSite,,true,,true,,true,,Web Content Display
LocalFile,WebContentDisplay,EditWebContent,,,,true,,true,Web Content Display,Web Content Display
LocalFile,WebContentDisplay,LocalizeWebContent,,,,true,,true,"Localization,Web Content Display",Web Content Display
LocalFile,WebContentDisplay,SearchWebContent,,,,true,,true,Web Content Display,Web Content Display
LocalFile,WebContentDisplay,SelectWebContent,,true,,true,,true,"Web Content Display,Training",Web Content Display
LocalFile,WebContentDisplay,SelectWebContentScopeGlobal,,,,true,,true,Web Content Display,Web Content Display
LocalFile,WebContentDisplay,UndeployWebContentDisplayModuleViaGogoShell,,true,,true,,true,,Web Content Display
LocalFile,WebContentDisplay,ViewAllFileTypesEnabled,,,,true,,true,Web Content Display,Web Content Display
LocalFile,WebContentDisplay,ViewAllSettingsEnabledWCDConfiguration,,,,true,,true,Web Content Display,Web Content Display
LocalFile,WebContentDisplay,ViewArticleWithGuestViewPermission,,,,true,,true,"Permissions,Web Content Display",Web Content Display
LocalFile,WebContentDisplay,ViewEditTemplate,,,,true,,true,Web Content Display,Web Content Display
LocalFile,WebContentDisplay,ViewPortletWCDShowAvailableLocales,,,,true,,true,"Localization,Web Content Display",Web Content Display
LocalFile,WebContentDisplay,ViewWebContentDisplayPortletMessages,,,,true,,true,Web Content Display,Web Content Display
LocalFile,WebContentDisplay,ViewWithPaginationScript,,,,true,,true,Web Content Display,Web Content Display
LocalFile,Staging,ActivateStagingAfterChangingInstanceLanguageToSpanish,,,,true,,true,,Staging
LocalFile,Staging,ActivateStagingOnGlobalSiteWithDDMStructure,,,,true,,true,,Staging
LocalFile,Staging,ActivateStagingPageVersioningWithCustomDefaultLanguage,,,,true,,true,,Staging
LocalFile,Staging,ActivateStagingWithPageScopedWebContent,,,,true,,true,,Staging
LocalFile,Staging,ActivateStagingWithWCDOnFragment,,,,true,,true,,Staging
LocalFile,Staging,ConfigureDDMStructureViaAPWhenNotStagedAssets,,,,true,,true,,Staging
LocalFile,Staging,CreateWidgetTemplateWhenNotStagedADT,,,,true,,true,,Staging
LocalFile,Staging,DeletePublishTemplate,,,,true,,true,,Staging
LocalFile,Staging,EditPageCreatedBasedOnPageTemplateWithPageVersioning,,,,true,,true,,Staging
LocalFile,Staging,EditWikiPageInLiveSiteWhenWikiNotStaged,,,,true,,true,,Staging
LocalFile,Staging,EnableStagingWithWebContentReferencedFromDeletedSite,,,,true,,true,,Staging
LocalFile,Staging,ImportLarFrom70ToCurrent,,true,,true,,true,,Staging
LocalFile,Staging,ModifyInitalPageVariationSetup,,,,true,,true,,Staging
LocalFile,Staging,NotStagedAssets,,true,,true,,true,,Staging
LocalFile,Staging,PublishChildPageWithoutItsParentPage,,,,true,,true,,Staging
LocalFile,Staging,PublishChildSiteViaRemoteStagingWithParentStructure,,,,true,,true,,Staging
LocalFile,Staging,PublishContentPageWithCategory,,,,true,,true,,Staging
LocalFile,Staging,PublishCustomFieldDeletionviaRemoteStaging,,,,true,,true,,Staging
LocalFile,Staging,PublishPageDeletions,,,,true,,true,,Staging
LocalFile,Staging,PublishPageRevisionWithPortletSettingsChanges,,,,true,,true,,Staging
LocalFile,Staging,PublishRenamedTags,,,,true,,true,,Staging
LocalFile,Staging,PublishReviewedPageRevision,,,,true,,true,,Staging
LocalFile,Staging,PublishTemplateWithPages,,,,true,,true,,Staging
LocalFile,Staging,PublishVocabularyDeletionViaRemoteStagingOnGlobalSite,,,,true,,true,,Staging
LocalFile,Staging,PublishWCFriendlyURL,,,,true,,true,,Staging
LocalFile,Staging,PublishWebContentWithUnchangedReferencedContent,,,,true,,true,,Staging
LocalFile,Staging,RemoveTagsFromPublishBlogAndDM,,,,true,,true,,Staging
LocalFile,Staging,SinglePublicationAfterDeleteDocument,,,,true,,true,,Staging
LocalFile,Staging,StagingAssetPublisher,,,,true,,true,,Staging
LocalFile,Staging,StagingCopyFromLive,,,,true,,true,,Staging
LocalFile,Staging,StagingKaleoWebContentLinkingUnapprovedContent,,,,true,,true,,Staging
LocalFile,Staging,StagingMultipleDM,,quarantine,,true,,true,Training,Staging
LocalFile,Staging,StagingOnlyApprovedPublishToLive,,quarantine,,true,,true,Training,Staging
LocalFile,Staging,StagingRemoteDMDocumentType,,,,true,,true,,Staging
LocalFile,Staging,StagingRemoteLivePolls,,,,false,,true,,Staging
LocalFile,Staging,StagingRemoteLiveWebContent,,,,true,,true,,Staging
LocalFile,Staging,StagingRemoteLiveWebContentViaPortletCP,,true,,true,,true,,Staging
LocalFile,Staging,StagingRemoteLiveWebContentViaPortletPG,,,,true,,true,,Staging
LocalFile,Staging,StagingRemoteLiveWebContentWithManualChosenID,,,,true,,true,,Staging
LocalFile,Staging,StagingRemoteWithDynamicExportLimit,,,,true,,true,,Staging
LocalFile,Staging,StagingWithPublishTemplate,,,,true,,true,,Staging
LocalFile,Staging,StagingWithReplicateIndividualDeletionsByDefault,,,,true,,true,,Staging
LocalFile,Staging,SubscribeWebContentWithStaging,,,,true,,true,,Staging
LocalFile,Staging,ValidateFriendlyURLWithSpecialCharacters,,,,true,,true,,Staging
LocalFile,Staging,ViewHistoryVersionWithDeletedUser,,,,true,,true,,Staging
LocalFile,Staging,ViewInfoMessageAfterShutDownRemoteSite,,,,true,,true,,Staging
LocalFile,Staging,ViewLastPublishDateBehaviourAfterInitialPublication,,,,false,,true,,Staging
LocalFile,Staging,ViewPageOrderWithStaging,,,,true,,true,,Staging
LocalFile,Staging,ViewParentPageNameAfterPublishChangesInChildPage,,,,true,,true,,Staging
LocalFile,Staging,ViewPublishDocumentTypeWithConfiguredAssetType,,,,true,,true,,Staging
LocalFile,Staging,ViewPublishedContentAfterStagingUndo,,,,false,,true,,Staging
LocalFile,Staging,ViewPublishedContentWithSpecialCharsInDocumentTitle,,,,true,,quarantine,,Staging
LocalFile,Staging,ViewPublishedWCWithApostropheInImageField,,,,true,,true,,Staging
LocalFile,Staging,ViewPublishWCWithConfiguredCategoriesFilter,,,,true,,true,,Staging
LocalFile,Staging,ViewSearchPageKeywordsParameterWithStaging,,,,true,,true,,Staging
LocalFile,Staging,ViewSimplePublicationAfterDeleteDocumentInGlobal,,,,true,,true,,Staging
LocalFile,Staging,ViewSingleAssetPublication,,,,false,,true,,Staging
LocalFile,Staging,ViewSingleAssetRemotePublication,,,,true,,true,,Staging
LocalFile,Staging,ViewSummaryScreenWithDraftPage,,,,true,,true,,Staging
LocalFile,ContentPagesWithWidgets,APWithPermissionsInheritedFromContentPageTemplateTogether,,,,true,,true,,Content Pages
LocalFile,ContentPagesWithWidgets,APWithPermissionsInheritedFromMasterPageTemplateTogether,,,,true,,true,,Content Pages
LocalFile,ContentPagesWithWidgets,ConfigurePermissionsOfAP,,true,,true,,true,,Content Pages
LocalFile,ContentPagesWithWidgets,ViewWebContentArticleInAP,,true,,true,,true,,Content Pages
LocalFile,ContentPagesWithWidgets,ViewWebContentArticleInWCD,,true,,true,,true,,Content Pages
LocalFile,ContentPagesWithStagingAndPageTemplates,PublishContentPage,,true,,true,,true,,Content Pages
LocalFile,ContentPagesWithStagingAndPageTemplates,UndoPageTemplateChangeTwice,,,,true,,true,,Content Pages
LocalFile,ContentPagesWithUndo,ConfigureHeadingFragmentAndRefreshPageWithUndoEnabled,,,,true,,true,,Content Pages
LocalFile,ContentPagesWithUndo,RestoreSavedInteractionsViaUndoHistory,,true,,true,,true,,Content Pages
LocalFile,ContentPagesWithUndo,UndoAndRedoPagechanges,,true,,true,,true,,Content Pages
LocalFile,ContentPagesWithUndo,UndoDeletedFragmentAndWidgetInPage,,true,,true,,true,,Content Pages
LocalFile,ContentPagesWithUndo,UndoDeletedFragmentComposition,,true,,true,,true,,Content Pages
LocalFile,ContentPagesWithUndo,UndoDeletedFragmentWithCollection,,,,true,,true,,Content Pages
LocalFile,ContentPagesWithUndo,UndoDeletedFragmentWithCustomConfiguration,,,,true,,true,,Content Pages
LocalFile,ContentPagesWithUndo,UndoDeletedFragmentWithInlineContent,,,,true,,true,,Content Pages
LocalFile,ContentPagesWithUndo,UndoDeletedFragmentWithMappedContent,,,,true,,true,,Content Pages
LocalFile,ContentPagesWithUndo,UndoPagechangeHundredTimes,,true,,true,,true,,Content Pages
LocalFile,ContentPagesWithUndo,UndoPagechangeThreeTimes,,true,,true,,true,,Content Pages
LocalFile,ContentPagesWithUndo,ViewSavedInteractionsViaUndoHistory,,true,,true,,true,,Content Pages
LocalFile,ContentPagesWithViewport,CustomizeLayoutOfGridInEachViewport,,,,true,,true,,Content Pages
LocalFile,ContentPagesWithViewport,PropagateCommonFragmentStyleDefinedInDesktopToOtherViewports,,,,true,,true,,Content Pages
LocalFile,ContentPagesWithViewport,ResizeDeviceViewport,,true,,true,,true,,Content Pages
LocalFile,ContentPagesWithViewport,ViewCommonFragmentStyleFieldSets,,true,,true,,true,,Content Pages
LocalFile,WebContent,AddWebContentExpirationDate,,,,true,,true,Web Content Administration,Web Content Administration
LocalFile,WebContent,AddWebContentTitleEscapeCharacter,,,,true,,true,"Web Content Administration,XSS",Web Content Administration
LocalFile,WebContent,CannotRepublishExpiredWebContent,,,,true,,true,Web Content Administration,Web Content Administration
LocalFile,WebContent,CompareWebContentVersionsHistory,,,,true,,true,Web Content Administration,Web Content Administration
LocalFile,WebContent,DeleteWebContent,,true,,true,,true,Web Content Administration,Web Content Administration
LocalFile,WebContent,DeleteWebContentTitleEscapeCharacter,,,,true,,true,"Web Content Administration,XSS",Web Content Administration
LocalFile,WebContent,EditBasicWebContentStructureAndTemplate,,,,true,,true,Web Content Administration,Web Content Administration
LocalFile,WebContent,EditWebContent,,true,,true,,true,"Web Content Administration,WYSIWYG",Web Content Administration
LocalFile,WebContent,EditWebContentViaArticleTitle,,true,,true,,true,Web Content Administration,Web Content Administration
LocalFile,WebContent,EditWebContentWithUploadedFeaturedImage,,,,true,,true,Web Content Administration,Web Content Administration
LocalFile,WebContent,ExpireEditWebContent,,,,true,,true,Web Content Administration,Web Content Administration
LocalFile,WebContent,ExpireLastestVersion,,,,true,,true,,Web Content Administration
LocalFile,WebContent,ExpireMultipleWebContent,,,,true,,true,Web Content Administration,Web Content Administration
LocalFile,WebContent,ExpireWebContent,,,,true,,true,Web Content Administration,Web Content Administration
LocalFile,WebContent,MoveMultipleWebContentToFolder,,,,true,,true,Web Content Administration,Web Content Administration
LocalFile,WebContent,MoveWebContentToFolder,,,,true,,true,Web Content Administration,Web Content Administration
LocalFile,WebContent,MoveWebContentToFolderTraining,,true,,true,,true,Training,Web Content Administration
LocalFile,WebContent,PreviewDraftWebContentInWCD,,true,,true,,true,,Web Content Administration
LocalFile,WebContent,PreviewPendingWebContentInWCD,,true,,true,,true,,Web Content Administration
LocalFile,WebContent,PreviewScheduledWebContentInWCD,,true,,true,,true,,Web Content Administration
LocalFile,WebContent,PublishDraftWebContent,,,,true,,true,Web Content Administration,Web Content Administration
LocalFile,WebContent,SearchWebContent,,true,,true,,true,Web Content Administration,Web Content Administration
LocalFile,WebContent,UserEditWebContent,,,,true,,true,"Permissions,Roles,Users and Organizations,Web Content Administration",Web Content Administration
LocalFile,WebContent,ViewContentNotLostWithBlankTitle,,,,true,,true,Web Content Administration,Web Content Administration
LocalFile,WebContent,ViewDisplayStyleCP,,,,true,,true,Web Content Administration,Web Content Administration
LocalFile,WebContent,ViewMultipleCategoriesViaWebContent,,,,true,,true,"Categories,Web Content Administration",Web Content Administration
LocalFile,WebContent,ViewMultipleVocabulariesViaAddWebContent,,,,true,,true,"Categories,Web Content Administration",Web Content Administration
LocalFile,WebContent,ViewWebContentArticleUsages,,true,,true,,true,,Web Content Administration
LocalFile,WebContent,WebContentAdministrationPaginatingRelatedAssets,,,,true,,true,"Related Assets,Web Content Administration",Web Content Administration
LocalFile,CPRolesPGPage,RemoveNoGuestInlineView,,true,,true,,true,Roles,Site Pages Administration
LocalFile,LocalizationWithSitePages,AddPageAndChildPageTranslations,,,,true,,true,"Localization,Site Administration,Site Localization,Site Pages Administration",Site Pages Administration
LocalFile,ContentPagesWithSelectionPanel,CanOrderElementInfoOfFragmentWithDropZoneInSelectionPanel,,,,true,,true,,Content Pages
LocalFile,ContentPagesWithSelectionPanel,CanOrderElementInfoOfFragmentWithEditableFieldInSelectionPanel,,,,true,,true,,Content Pages
LocalFile,ContentPagesWithSelectionPanel,ChangeOrderOfElementsViaSelectionPanel,,true,,true,,true,,Content Pages
LocalFile,ContentPagesWithSelectionPanel,MoveElementsIntoLayoutElementsViaSelectionPanel,,true,,true,,true,,Content Pages
LocalFile,ContentPagesWithSelectionPanel,MoveFragmentsIntoCollectionDisplayViaSelectionPanel,,true,,true,,true,,Content Pages
LocalFile,ContentPagesWithSelectionPanel,ViewBackgroundColorOfNodesInSelectionPanel,,,,true,,true,,Content Pages
LocalFile,ContentPagesWithSelectionPanel,ViewElementInfoOrderOfSliderInSelectionPanel,,true,,true,,true,,Content Pages
LocalFile,ContentPagesWithSelectionPanel,ViewElementInfoOrderOfTabsInSelectionPanel,,true,,true,,true,,Content Pages
LocalFile,ContentPageConverterWithStaging,ViewContentPageInLiveAfterConvertingWidgetPageWithPublish,,,,true,,true,,Site Pages Administration
LocalFile,ContentPageConverterWithStaging,ViewWidgetPageInLiveAfterConvertingWidgetPageWithoutPublish,,,,true,,true,,Site Pages Administration
LocalFile,ContentPagesWithWorkflow,GuestCannotViewModificationUntilApprove,,,,true,,true,,Site Pages Administration
LocalFile,ContentPagesWithWorkflow,PageAuthorCanEditAfterRejectOrApprove,,,,true,,true,,Site Pages Administration
LocalFile,ContentPagesWithWorkflow,PageAuthorCanPreviewModificationButCannotEditAfterSubmit,,true,,true,,true,,Site Pages Administration
LocalFile,ContentPagesWithWorkflow,ReviewerCanPreviewModificationAndEditAfterSubmit,,true,,true,,true,,Site Pages Administration
LocalFile,PagesAdminWithStaging,CanMoveMultiplePagesInStagingSiteButCannotInLiveSite,,,,true,,true,,Site Pages Administration
LocalFile,PagesAdminWithStaging,ViewCollectionItemInformationInStaging,,,,true,,true,,Site Pages Administration
LocalFile,ContentPageTemplatesWithContributedFragments,AddRowWithoutSection,,,,true,,true,,Layout Page Templates
LocalFile,PagesFinderWithStaging,AddCollectionPageViaPageFinder,,,,true,,true,,Site Pages Administration
LocalFile,PagesFinderWithStaging,CanReorganizePagesViaPageFinderInStagingSiteNotInLiveSite,,,,true,,true,,Site Pages Administration
LocalFile,ContentPagesWithPermissions,CannotEditAssetWithoutAssetUpdatePermission,,,,true,,true,,Content Pages
LocalFile,ContentPagesWithPermissions,EditBlogsEntryWithBlogEntryUpdatePermission,,,,true,,true,,Content Pages
LocalFile,ContentPagesWithPermissions,EditContentWithUpdateWebContentAndUpdatePageContentPermissions,,true,,true,,true,,Content Pages
LocalFile,ContentPagesWithPermissions,EditContentWithWebContentArticleUpdatePermission,,true,,true,,true,,Content Pages
LocalFile,ContentPagesWithPermissions,EditInlineContentWithUpdatePageContentPermission,,true,,true,,true,,Content Pages
LocalFile,ContentPagesWithPermissions,MapInlineContentWithUpdatePageContentPermission,,true,,true,,true,,Content Pages
LocalFile,ContentPagesWithPermissions,ViewContentViaContentPanelWithWebContentArticleUpdatePermission,,,,true,,true,,Content Pages
LocalFile,ContentPagesWithStagingPageVersioning,ChangeSitePagesVariationInViewMode,,true,,true,,true,,Content Pages
LocalFile,ContentPagesWithStagingPageVersioning,ManageSitePagesVariationInViewMode,,true,,true,,true,,Content Pages
LocalFile,ContentPagesWithStagingPageVersioning,PublishContentPage,,true,,true,,true,,Content Pages
LocalFile,ContentPagesWithStagingPageVersioning,SitePagesVariationOnlyShownInViewMode,,,,true,,true,,Content Pages
LocalFile,ContentPageTemplatesWithStaging,AssertPageTemplatesAreOnlyEditableInStagingView,,true,,true,,true,,Layout Page Templates
LocalFile,CollectionCategoryFilter,FilterResultsOfCollectionPageBasedOnManualCollectionByContainsAllCategories,,,,true,,true,,Fragments
LocalFile,CollectionCategoryFilter,FilterResultsOfCollectionPageBasedOnManualCollectionByContainsAnyCategories,,true,,true,,true,,Fragments
LocalFile,CollectionCategoryFilter,FilterResultsOfCollectionPageBasedOnManualCollectionBySingleCategory,,true,,true,,true,,Fragments
LocalFile,CollectionCategoryFilter,FilterResultsOfCollectionPageBasedOnManualCollectionBySubcategoryFromGlobalSite,,,,true,,true,,Fragments
LocalFile,ContentPageTemplatesWithWidgets,ConfigurePermissionsOfAP,,true,,true,,true,,Layout Page Templates
LocalFile,PagesFinder,AddChildPageViaPageFinder,,true,,true,,true,,Site Pages Administration
LocalFile,PagesFinder,AddCollectionPageViaPageFinder,,true,,true,,true,,Site Pages Administration
LocalFile,PagesFinder,AddCollectionViaAddingCollectionPage,,true,,true,,true,,Site Pages Administration
LocalFile,PagesFinder,AddPagesOfDifferentTypesViaPageFinder,,,,true,,true,,Site Pages Administration
LocalFile,PagesFinder,AddPageViaPageFinder,,true,,true,,true,,Site Pages Administration
LocalFile,PagesFinder,ConfigurePageViaPageFinder,,,,true,,true,,Site Pages Administration
LocalFile,PagesFinder,NavigateToBothPageTypesViaPageFinder,,true,,true,,true,,Site Pages Administration
LocalFile,PagesFinder,NavigateToDifferentPageViaPageFinder,,,,true,,true,,Site Pages Administration
LocalFile,PagesFinder,ReorganizePagesViaPageFinder,,,,true,,true,,Site Pages Administration
LocalFile,PagesFinder,SearchAllPageTypes,,true,,true,,true,,Site Pages Administration
LocalFile,PagesFinder,SearchPageAndViewViaSidebar,,,,true,,true,,Site Pages Administration
LocalFile,ContentPageTemplates,ChangeEditableImage,,true,,true,,true,Training,Layout Page Templates
LocalFile,ContentPageTemplates,ChangeEditableText,,true,,true,,true,,Layout Page Templates
LocalFile,ContentPageTemplates,ConfigureBasicComponentHeading,,true,,true,,true,,Layout Page Templates
LocalFile,ContentPageTemplates,DeleteCollection,,true,,true,,true,,Layout Page Templates
LocalFile,ContentPageTemplates,DeletePageTemplate,,true,,true,,true,,Layout Page Templates
LocalFile,ContentPageTemplates,RenameCollection,,,,true,,true,,Layout Page Templates
LocalFile,ContentPageTemplates,RenamePageTemplate,,,,true,,true,,Layout Page Templates
LocalFile,ContentPageTemplates,ViewDraftFragmentDoesNotDisplayInSidebar,,,,true,,true,,Layout Page Templates
LocalFile,ContentPagesWithStaging,AddAllThreeContentFragmentsInCollectionDisplayOneCellWithLocalLiveStaging,,,,true,,true,,Content Pages
LocalFile,ContentPagesWithStaging,AddCollectionPageInLocalLiveStaging,,,,true,,true,,Content Pages
LocalFile,ContentPagesWithStaging,DeactivateStagingAfterPublish,,,,true,,true,,Content Pages
LocalFile,ContentPagesWithStaging,EditWebContentViaContentsPanel,,,,true,,true,,Content Pages
LocalFile,ContentPagesWithStaging,MapWebContentImageToBackgroundImageOfBannerCenter,,,,true,,true,,Content Pages
LocalFile,ContentPagesWithStaging,PublishContentPage,,true,,true,,true,,Content Pages
LocalFile,ContentPagesWithStaging,PublishEditedContentPage,,true,,true,,true,,Content Pages
LocalFile,ContentPagesWithStaging,RestoreSavedInteractionsViaUndoHistoryInStagingSite,,,,true,,true,,Content Pages
LocalFile,ContentPagesWithStaging,UndoDeletedFragmentInStagingSite,,,,true,,true,,Content Pages
LocalFile,ContentPagesWithStaging,ViewWCViaContentDisplayInCollectionDisplayWithLocalLiveStaging,,,,true,,true,,Content Pages
LocalFile,DisplayPages,AddBlankDisplayPage,,,,true,,true,,Display Pages
LocalFile,DisplayPages,AddDisplayPage,,true,,true,,true,,Display Pages
LocalFile,DisplayPages,AssertAssetTypeOnlySelectableOnce,,,,true,,true,,Display Pages
LocalFile,DisplayPages,AssertDisplayPageEditorFunctionality,,true,,true,,true,,Display Pages
LocalFile,DisplayPages,ConfigureDraftStatusDisplayPage,,true,,true,,true,,Display Pages
LocalFile,DisplayPages,DeleteDisplayPage,,true,,true,,true,,Display Pages
LocalFile,DisplayPages,EditDisplayPage,,true,,true,,true,,Display Pages
LocalFile,DisplayPages,ViewCannotDeleteActiveDisplayPage,,,,true,,true,,Display Pages
LocalFile,ContentPageTemplatesWithFragmentConfiguration,AddCheckboxConfigurationFragmentToContentPageTemplate,,true,,true,,true,,Fragments
LocalFile,ContentPageTemplatesWithFragmentConfiguration,AddItemSelectorConfigurationFragmentToContentPageTemplate,,,,true,,true,,Fragments
LocalFile,ContentPageTemplatesWithFragmentConfiguration,AddSelectConfigurationFragmentToContentPageTemplate,,true,,true,,true,,Fragments
LocalFile,ContentPageTemplatesWithFragmentConfiguration,AddTextConfigurationFragmentToContentPageTemplate,,true,,true,,true,,Fragments
LocalFile,DisplayPageTemplatesWithFragmentConfiguration,AddCheckboxConfigurationFragmentToDisplayPageTemplate,,true,,true,,true,Theme,Fragments
LocalFile,DisplayPageTemplatesWithFragmentConfiguration,AddItemSelectorConfigurationFragmentToDisplayPageTemplate,,,,true,,true,Theme,Fragments
LocalFile,DisplayPageTemplatesWithFragmentConfiguration,AddSelectConfigurationFragmentToDisplayPageTemplate,,true,,true,,true,Theme,Fragments
LocalFile,DisplayPageTemplatesWithFragmentConfiguration,AddTextConfigurationFragmentToDisplayPageTemplate,,true,,true,,true,Theme,Fragments
LocalFile,DisplayPageTemplatesWithWidgets,ConfigurePermissionsOfAP,,true,,true,,true,,Display Pages
LocalFile,DisplayPageTemplatesExportImport,ExportImportDisplayPageTemplateBasedOnCustomMaster,,,,true,,true,,Layout Page Templates
LocalFile,DisplayPageTemplatesExportImport,ExportImportDisplayPageTemplateWithCollectionDisplayContainingMappingContent,,,,true,,true,,Layout Page Templates
LocalFile,DisplayPagesWithRemoteStaging,PublishDisplayPageMapWebContentWithAssetPublisher,,,,true,,true,,Display Pages
LocalFile,DisplayPagesWithStaging,AssertDisplayPagesAreOnlyEditableInStagingView,,true,,true,,true,,Display Pages
LocalFile,DisplayPagesWithStaging,ExportImportDisplayPageTemplateInStagingSite,,,,true,,true,,Display Pages
LocalFile,DisplayPagesWithStaging,PublishDisplayPageWithFragment,,true,,true,,true,,Display Pages
LocalFile,DisplayPageTemplatesWithViewUsage,ViewAssetsOrderInViewUsagesOfDisplayPageTemplate,,true,,true,,true,,Display Pages
LocalFile,DisplayPageTemplatesWithViewUsage,ViewUsageOfDisplayPageTemplate,,true,,true,,true,,Display Pages
LocalFile,DisplayPageTemplatesWithContributedFragments,AddRowWithoutSection,,,,true,,true,,Display Pages
LocalFile,DisplayPageTemplatesWithContributedFragments,DisplayRelatedAssetsInCollectionDisplay,,true,,true,,true,,Display Pages
LocalFile,ContentPages,AddContentPage,,true,,true,,true,Training,Content Pages
LocalFile,ContentPages,AddContentPageFromPageTemplate,,true,,true,,true,,Content Pages
LocalFile,ContentPages,AddContentPageWithOOTBFragment,,true,,true,,true,,Content Pages
LocalFile,ContentPages,AddGridToColumnOfAnotherGrid,,true,,true,,true,,Content Pages
LocalFile,ContentPages,AddGridToCustomModuleOfAnotherGrid,,,,true,,true,,Content Pages
LocalFile,ContentPages,CanAccessContentPanel,,true,,true,,true,,Content Pages
LocalFile,ContentPages,CannotDuplicateSectionWithOnlyAllowedAppearOnceWidget,,,,true,,true,,Content Pages
LocalFile,ContentPages,CannotEditInViewMode,,true,,true,,true,,Content Pages
LocalFile,ContentPages,ChangeLayoutElementProperties,,true,,true,,true,,Content Pages
LocalFile,ContentPages,DiscardContentPageDraft,,true,,true,,true,,Content Pages
LocalFile,ContentPages,DropButtonFragmentToFrgamentWithOneDropZone,,true,,true,,true,,Content Pages
LocalFile,ContentPages,DuplicateRowInSection,,true,,true,,true,,Content Pages
LocalFile,ContentPages,DuplicateRowWithElements,,,,true,,true,,Content Pages
LocalFile,ContentPages,DuplicateSectionWithRow,,true,,true,,true,,Content Pages
LocalFile,ContentPages,EditContentPage,,true,,true,,true,Training,Content Pages
LocalFile,ContentPages,EditWebContentInAPViaContentPanel,,,,true,,true,,Content Pages
LocalFile,ContentPages,EditWebContentInWCDViaContentPanel,,,,true,,true,,Content Pages
LocalFile,ContentPages,HeaderOnlyShownWhenElementSelected,,true,,true,,true,,Content Pages
LocalFile,ContentPages,ReorganizeFragmentsInContentPage,,true,,true,,true,,Content Pages
LocalFile,ContentPages,ResizeModuleOfGrid,,,,true,,true,,Content Pages
LocalFile,ContentPages,ViewConfigurationDuplicatedWhenDuplicateSectionWithHeading,,,,true,,true,,Content Pages
LocalFile,ContentPages,ViewEditedInlineContentDuplicatedWhenDuplicateSectionWithHeading,,,,true,,true,,Content Pages
LocalFile,ContentPages,ViewEditModeHeaderFooterTheme,,true,,true,,true,,Content Pages
LocalFile,ContentPages,ViewHeaderOfFragmentMoveInsideBodyWhenReachTheManagementToolbar,,true,,true,,true,,Content Pages
LocalFile,ContentPages,ViewHeaderOfWidgetMoveInsideBodyWhenReachTheManagementToolbar,,,,true,,true,,Content Pages
LocalFile,ContentPages,ViewMappedContentDuplicatedWhenDuplicateSectionWithHeading,,,,true,,true,,Content Pages
LocalFile,ContentPages,ViewSavedCompositionMenuItem,,true,,true,,true,,Content Pages
LocalFile,ContentPages,ViewSelectedImageName,,true,,true,,true,,Content Pages
LocalFile,MastersPageTemplatesWithWidgets,ConfigurePermissionsOfAP,,true,,true,,true,Page Templates,Page Templates
LocalFile,PagesAdmin,AddCollectionItemsInCollectionPageBasedOnDynamicCollection,,true,,true,,true,,Site Pages Administration
LocalFile,PagesAdmin,AddcollectionViaAddingCollectionPage,,true,,true,,true,,Site Pages Administration
LocalFile,PagesAdmin,AddDraftPageAndViewLabel,,,,true,,true,Site Pages Administration,Site Pages Administration
LocalFile,PagesAdmin,AddPageWithFourthLevelChildPagesToSite,,true,,true,,true,Site Pages Administration,Site Pages Administration
LocalFile,PagesAdmin,AddSingleTypeCollectionItemsInCollectionPageBasedOnManualCollectionWithSingleItemType,,,,true,,true,,Site Pages Administration
LocalFile,PagesAdmin,CheckAndViewCountViaManagementToolbar,,true,,true,,true,Site Pages Administration,Site Pages Administration
LocalFile,PagesAdmin,GoToCollectionItemDisplayPage,,true,,true,,true,,Site Pages Administration
LocalFile,PagesAdmin,GoToCollectionItemEditMode,,,,true,,true,,Site Pages Administration
LocalFile,PagesAdmin,MouseOverNonRootPageAndViewPage,,true,,true,,true,Site Pages Administration,Site Pages Administration
LocalFile,PagesAdmin,MoveChildPageToParentLevel,,,,true,,true,Site Pages Administration,Site Pages Administration
LocalFile,PagesAdmin,MoveMultipleDifferentLevelsPagesToTheSameLevel,,,,true,,true,,Site Pages Administration
LocalFile,PagesAdmin,MoveMultiplePagesInSameLevel,,true,,true,,true,,Site Pages Administration
LocalFile,PagesAdmin,MoveMultipleSameLevelPagesToChildLevel,,,,true,,true,,Site Pages Administration
LocalFile,PagesAdmin,MovePageInSameLevel,,true,,true,,true,Site Pages Administration,Site Pages Administration
LocalFile,PagesAdmin,MoveParentPageToChildLevel,,,,true,,true,Site Pages Administration,Site Pages Administration
LocalFile,PagesAdmin,SearchPages,,true,,true,,true,,Site Pages Administration
LocalFile,PagesAdmin,SelectNonRootPageAndViewPage,,,,true,,true,Site Pages Administration,Site Pages Administration
LocalFile,PagesAdmin,ViewCollectionItemViaPageFinderAndPageAdmin,,true,,true,,true,,Site Pages Administration
LocalFile,PagesAdmin,ViewCollectionItemWithPagination,,,,true,,true,,Site Pages Administration
LocalFile,ContentPageTemplatesWithMapping,MapManualURLToImageFragment,,,,true,,true,,Layout Page Templates
LocalFile,ContentPageTemplatesWithMapping,MapManualURLToLinkFragment,,true,,true,,true,,Layout Page Templates
LocalFile,ContentPageTemplatesWithMapping,MapManualURLToTextFragment,,,,true,,true,,Layout Page Templates
LocalFile,ContentPageTemplatesWithMapping,MapWebContentFieldWithURLToImageFragment,,,,true,,true,,Layout Page Templates
LocalFile,ContentPageTemplatesWithMapping,MapWebContentFieldWithURLToLinkFragment,,,,true,,true,,Layout Page Templates
LocalFile,ContentPageTemplatesWithMapping,MapWebContentFieldWithURLToTextFragment,,,,true,,true,,Layout Page Templates
LocalFile,ContentPageTemplatesWithMapping,MapWebContentImageToBackgroundImageOfBannerCenter,,,,true,,true,,Layout Page Templates
LocalFile,ContentPageTemplatesWithMapping,MapWebContentImageToBackgroundImageOfContainer,,,,true,,true,,Layout Page Templates
LocalFile,PageTemplatesAdmin,AssertPageTemplatesTabsAreVisible,,true,,true,,true,,Page Templates
LocalFile,DisplayPagesWithStagingAndWebContent,DeactivateStagingAfterPublish,,,,true,,true,,Display Pages
LocalFile,DisplayPagesWithStagingAndWebContent,PublishDisplayPage,,true,,true,,true,,Display Pages
LocalFile,DisplayPagesWithStagingAndWebContent,PublishDisplayPageMarkedAsDefault,,true,,true,,true,,Display Pages
LocalFile,DisplayPagesWithStagingAndWebContent,PublishEditedDisplayPage,,true,,true,,true,,Display Pages
LocalFile,WidgetPageTemplatesUseCase,ViewNoAddPageTabViaPageTemplatesCP,,,,true,,true,Page Templates,Page Templates
LocalFile,MasterPageTemplatesWithStaging,ChangeMasterOfContentPageViaPageDesignOptionsPanelInStagingSite,,,,true,,true,Page Templates,Page Templates
LocalFile,MasterPageTemplatesWithStaging,UndoMasterPageChangesInStagingSite,,,,true,,true,Page Templates,Page Templates
LocalFile,DisplayPagesWithWebContent,ConfigureDisplayPageShowHeaderAndFooter,,,,true,,true,,Display Pages
LocalFile,DisplayPagesWithWebContent,ConfigureDisplayPageTheme,,,,true,,true,,Display Pages
LocalFile,DisplayPagesWithWebContent,EditDisplayPageWhenViewingInDisplayPage,,true,,true,,true,,Display Pages
LocalFile,DisplayPagesWithWebContent,EditWebContentWhenViewingInDisplayPage,,true,,true,,true,,Display Pages
LocalFile,DisplayPagesWithWebContent,PreviewDraftWebContent,,true,,true,,true,,Display Pages
LocalFile,DisplayPagesWithWebContent,PreviewPendingWebContent,,true,,true,,true,,Display Pages
LocalFile,DisplayPagesWithWebContent,PreviewPublishedWebContent,,true,,true,,true,,Display Pages
LocalFile,DisplayPagesWithWebContent,ViewDisplayPageAsGuest,,true,,true,,true,,Display Pages
LocalFile,DisplayPagesWithWebContent,ViewDisplayPageMarkedAsDefault,,true,,true,,true,,Display Pages
LocalFile,DisplayPagesWithWebContent,ViewDisplayPageMetadata,,,,true,,true,,Display Pages
LocalFile,DisplayPagesWithWebContent,ViewDisplayPageViaAssetPublisher,,true,,true,,true,,Display Pages
LocalFile,DisplayPagesWithWebContent,ViewDisplayPageViaFriendlyURL,,true,,true,,true,,Display Pages
LocalFile,DisplayPagesWithWebContent,ViewNonDefaultDisplayPage,,true,,true,,true,,Display Pages
LocalFile,DisplayPagesWithWebContent,ViewNoSelectedDisplayPage,,,,true,,true,,Display Pages
LocalFile,ContentPageConverter,ConvertBasicWidgetPageToContentPage,,true,,true,,true,,Site Pages Administration
LocalFile,ContentPageConverter,ConvertMultipleWidgetPagesToContentPagesViaAPI,,true,,true,,true,,Site Pages Administration
LocalFile,ContentPageConverter,ConvertMultipleWidgetPagesWithContentPagesViaAPI,,,,true,,true,,Site Pages Administration
LocalFile,ContentPageConverter,ConvertWidgetPageDecoratorsToContentPage,,true,,true,,true,,Site Pages Administration
LocalFile,ContentPageConverter,ConvertWidgetPagesWithNestedApplicationAndCustomizationSettingToContentPagesViaAPI,,true,,true,,true,,Site Pages Administration
LocalFile,ContentPageConverter,ConvertWidgetPageWithCustomizableColumnContainingWidgets,,true,,true,,true,,Site Pages Administration
LocalFile,ContentPageConverter,ConvertWidgetPageWithNestedApplicationsContainingWidgets,,true,,true,,true,,Site Pages Administration
LocalFile,ContentPageConverter,ConvertWidgetPageWithNonStandardLayout,,true,,true,,true,,Site Pages Administration
LocalFile,ContentPageConverter,ConvertWidgetPageWithNonStandardLayoutAndCustomizableColumns,,,,true,,true,,Site Pages Administration
LocalFile,ContentPageConverter,ConvertWidgetPageWithNonStandardLayoutAndNestedApplicationsContainingWidgets,,,,true,,true,,Site Pages Administration
LocalFile,ContentPageConverter,ConvertWidgetPageWithWebContentsToContentPage,,,,true,,true,,Site Pages Administration
LocalFile,ContentPageConverter,EditConvertedContentPageWithDecorator,,true,,true,,true,,Site Pages Administration
LocalFile,ContentPageConverter,ViewAndEditConversionDraftPage,,true,,true,,true,,Site Pages Administration
LocalFile,ToggleControls,HideAndShowExistingInvisiblePortlet,,true,,true,,true,,Site Pages Administration
LocalFile,ToggleControls,HideAndShowHeaderOfExistingVisiblePortlet,,true,,true,,true,,Site Pages Administration
LocalFile,ToggleControls,HideFutureInvisiblePortletAndHeaderOfFutureVisiblePortlet,,,,true,,true,,Site Pages Administration
LocalFile,ToggleControls,ToggleControlsNotAffectPortletsOnContentPage,,,,true,,true,,Site Pages Administration
LocalFile,ToggleControls,ToggleControlsOnlyAffectCurrentInstance,,,,true,,true,,Site Pages Administration
LocalFile,WidgetPageTemplates,AddGlobalPageTemplate,,,,true,,true,Page Templates,Page Templates
LocalFile,WidgetPageTemplates,AddPageBasedOnGlobalPageTemplate,,true,,true,,true,Training,Page Templates
LocalFile,WidgetPageTemplates,AddPageTemplate,,true,,true,,true,Page Templates,Page Templates
LocalFile,WidgetPageTemplates,CannotDeletePageTemplateIsUsedByAPage,,true,,true,,true,Page Templates,Page Templates
LocalFile,WidgetPageTemplates,DeactivateAndActivateGlobalPageTemplate,,,,true,,true,Page Templates,Page Templates
LocalFile,WidgetPageTemplates,DeleteGlobalPageTemplate,,true,,true,,true,Page Templates,Page Templates
LocalFile,WidgetPageTemplates,DeletePageTemplate,,true,,true,,true,Page Templates,Page Templates
LocalFile,WidgetPageTemplates,EditGlobalPageTemplate,,true,,true,,true,Page Templates,Page Templates
LocalFile,WidgetPageTemplates,EditGlobalPageTemplateDescription,,,,true,,true,Page Templates,Page Templates
LocalFile,WidgetPageTemplates,EditPageTemplate,,true,,true,,true,Page Templates,Page Templates
LocalFile,WidgetPageTemplates,ImportLAR,,true,,true,,true,Training,Page Templates
LocalFile,WidgetPageTemplates,LocalizeGlobalDefaultPageTemplates,,,,true,,true,Page Templates,Page Templates
LocalFile,WidgetPageTemplates,RenameGlobalPageTemplate,,,,true,,true,Page Templates,Page Templates
LocalFile,PageCustomizations,AddPortletAsUserWithCustomizePermission,,,,true,,true,"Personalization and Customization,Site Pages Administration",Site Pages Administration
LocalFile,PageCustomizations,PortletConfigurationChangesWithinCustomizableColumnShouldNotAffectAllUsers,,,,true,,true,"Personalization and Customization,Site Pages Administration",Site Pages Administration
LocalFile,PageCustomizations,SiteMembershouldAddAndRemovePortletFromHisCustomizableView,,,,true,,true,"Personalization and Customization,Site Pages Administration",Site Pages Administration
LocalFile,PageCustomizations,SiteMemberWithCustomizablePagePermissionsWillOnlySeePortletsInCustomizableView,,,,true,,true,"Personalization and Customization,Site Pages Administration",Site Pages Administration
LocalFile,WidgetPages,AddPageFromExistingPage,,true,,true,,true,Training,Site Pages Administration
LocalFile,WidgetPages,AddPagesFullPageApplication,,,,false,,true,Site Pages Administration,Site Pages Administration
LocalFile,WidgetPages,AddPagesFullPageApplicationForRelease,,,,true,,false,Site Pages Administration,Site Pages Administration
LocalFile,WidgetPages,AddPageWithEscapeCharacter,,,,true,,true,Site Pages Administration,Site Pages Administration
LocalFile,WidgetPages,AddPageWithMultipleChildPagesToSite,,,,true,,true,Site Pages Administration,Site Pages Administration
LocalFile,WidgetPages,AddSitePrivateChildPage,,,,true,,true,Site Pages Administration,Site Pages Administration
LocalFile,WidgetPages,AddSitePrivatePagePortlet,,,,true,,true,Site Pages Administration,Site Pages Administration
LocalFile,WidgetPages,AddSitePublicPage,,,,true,,true,Site Pages Administration,Site Pages Administration
LocalFile,WidgetPages,AddSitePublicPagePortlet,,,,true,,true,Site Pages Administration,Site Pages Administration
LocalFile,WidgetPages,ChangePageLayout,,true,,true,,true,"Site Pages Administration,Training",Site Pages Administration
LocalFile,WidgetPages,DeleteSitePages,,true,,true,,true,Site Pages Administration,Site Pages Administration
LocalFile,WidgetPages,EditSitePage,,true,,true,,true,"Site Pages Administration,Training",Site Pages Administration
LocalFile,WidgetPages,SaveEmbeddedPageType,,,,true,,true,Site Pages Administration,Site Pages Administration
LocalFile,WidgetPages,SavePortletPageType,,,,true,,true,Site Pages Administration,Site Pages Administration
LocalFile,WidgetPages,ViewNoInfoMessageWhenChangingSiteTemplateAsUser,,,,true,,true,"Site and Page Templates,Site Pages Administration",Site Pages Administration
LocalFile,WidgetPagesUI,AddPageMultiplePagesToSite,,,,true,,true,Site Pages Administration,Site Pages Administration
LocalFile,WidgetPagesUI,AddSitePrivatePage,,,,true,,true,Site Pages Administration,Site Pages Administration
LocalFile,WidgetPagesUI,AddSitePublicChildPage,,true,,true,,true,Site Pages Administration,Site Pages Administration
LocalFile,WidgetPagesUI,AddThenDeleteWidgetFromPage,,true,,true,,true,"Web Content Display,Training",Site Pages Administration
LocalFile,HighestRelatedAssets,AssertHighestRatededAsset,,,,true,,true,"Asset Publisher,Highest Rated Assets",Highest Rated Assets
LocalFile,IFrame,ViewIFramePortlet,,,,true,,true,IFrame Portlet,IFrame Portlet
LocalFile,MostViewedAssets,AssertMostViewedAsset,,,,true,,true,"Asset Publisher,Most Viewed Assets",Most Viewed Assets
LocalFile,LookAndFeel,ConfigureCustomStylesViaLookAndFeelPG,,true,,true,,true,Training,Look And Feel
LocalFile,Localization,CheckLocalizationChinese,,,,true,,true,Site Localization,Site Localization
LocalFile,Localization,CheckLocalizationFrench,,,,true,,true,Site Localization,Site Localization
LocalFile,Localization,CheckLocalizationSpanish,,,,true,,true,Site Localization,Site Localization
LocalFile,MastersPageTemplatesExportImport,CannotExportMastersPageTemplateWithoutPublishedVersion,,true,,true,,true,,Layout Page Templates
LocalFile,MastersPageTemplatesExportImport,ExportImportMastersPageTemplateWithCompositionOfFragments,,true,,true,,true,,Layout Page Templates
LocalFile,MastersPageTemplatesExportImport,ExportImportMastersPageTemplateWithCustomConfigurationSettingOfFragments,,true,,true,,true,,Layout Page Templates
LocalFile,MastersPageTemplatesExportImport,ExportImportMastersPageTemplateWithCustomLookAndFeel,,,,true,,true,,Layout Page Templates
LocalFile,MastersPageTemplatesExportImport,ExportImportMastersPageTemplateWithEditedInlineContentOfFragments,,,,true,,true,,Layout Page Templates
LocalFile,MastersPageTemplatesExportImport,ExportImportMastersPageTemplateWithOrganizationRolePermissionSettingsOfWidgets,,,,true,,true,,Layout Page Templates
LocalFile,MastersPageTemplatesExportImport,ExportImportMastersPageTemplateWithThumbnail,,,,true,,true,,Layout Page Templates
LocalFile,MastersPageTemplatesExportImport,OverwriteExistingEntryWithThumbnailIfCheckOverwriteExistingEntries,,,,true,,true,,Layout Page Templates
LocalFile,MastersPageTemplatesExportImport,ShowSpecificErrorMessageWhenImportMastersPageTemplateWithInvalidValue,,,,true,,true,,Layout Page Templates
LocalFile,NestedPortlets,ViewWCDNestedPortlets,,true,,true,,true,Training,Nested Portlets
LocalFile,StyleBooks,CanNavigateToPreviewPageViaPagePreviewInfoBarButNotAllowInteractWithPreviewPage,,,,true,,true,,Style Books
LocalFile,StyleBooks,CannotPreviewStyleBookWhenSiteWithoutPage,,,,true,,true,,Style Books
LocalFile,StyleBooks,ChangeConfigurationOfPageBasedOnStyleBook,,true,,true,,true,Frontend Token,Style Books
LocalFile,StyleBooks,ChangeStyleBookOfContentPageViaLookAndFeel,,,,true,,true,,Style Books
LocalFile,StyleBooks,ChangeStyleBookOfWidgetPageViaLookAndFeel,,,,true,,true,,Style Books
LocalFile,StyleBooks,PreviewTheEffectOnPageInStyleBookEditor,,true,,true,,true,,Style Books
LocalFile,ContentPageTemplatesExportImport,CannotExportMultipleWhenOneOfSelectedIsWidgetPageTemplate,,,,true,,true,,Layout Page Templates
LocalFile,ContentPageTemplatesExportImport,CannotExportMultipleWhenOneOfSelectedWithoutPublishedVersion,,,,true,,true,,Layout Page Templates
LocalFile,ContentPageTemplatesExportImport,ExportImportContentPageTemplateBasedOnCustomMaster,,,,true,,true,,Layout Page Templates
LocalFile,ContentPageTemplatesExportImport,ExportImportContentPageTemplateWithCustomFragment,,,,true,,true,,Layout Page Templates
LocalFile,ContentPageTemplatesExportImport,ExportImportContentPageTemplateWithCustomLookAndFeel,,,,true,,true,,Layout Page Templates
LocalFile,ContentPageTemplatesExportImport,ExportImportContentPageTemplateWithTeamRolePermissionSettingsOfWidgets,,,,true,,true,,Layout Page Templates
LocalFile,ContentPageTemplatesExportImport,IgnoreFragmentNotExistInSiteWhenImportContentPageTemplate,,,,true,,true,,Layout Page Templates
LocalFile,ContentPageTemplatesExportImport,OnlyPublishedVersionIsExported,,,,true,,true,,Layout Page Templates
LocalFile,ContentPageTemplatesExportImport,ShowSpecificWarningMessageWhenImportContentPageTemplateWithPermissionSettingsOfWidgetsToSiteWhereTheSpecificRoleNotExist,,,,true,,true,,Layout Page Templates
LocalFile,SiteMap,DisplayPrivatePageWithChildPage,,,,true,,true,,Sitemap
LocalFile,SitesDirectory,DisplayStyleOptions,,true,,,,true,Navigation,Navigation
LocalFile,DisplayPagesWithMapping,MapCustomFieldToTextFragment,,,,true,,true,,Display Pages
LocalFile,DisplayPagesWithMapping,MapManualURLToImageFragment,,,,true,,true,,Display Pages
LocalFile,DisplayPagesWithMapping,MapManualURLToLinkFragment,,true,,true,,true,,Display Pages
LocalFile,DisplayPagesWithMapping,MapManualURLToTextFragment,,,,true,,true,,Display Pages
LocalFile,DisplayPagesWithMapping,MapWebContentFieldWithURLToImageFragment,,,,true,,true,,Display Pages
LocalFile,DisplayPagesWithMapping,MapWebContentFieldWithURLToLinkFragment,,,,true,,true,,Display Pages
LocalFile,DisplayPagesWithMapping,MapWebContentFieldWithURLToTextFragment,,,,true,,true,,Display Pages
LocalFile,DisplayPagesWithMapping,MapWebContentImageToBackgoundImageOfBannerCenter,,,,true,,true,,Display Pages
LocalFile,DisplayPagesWithMapping,MapWebContentImageToBackgroundImageOfContainer,,,,true,,true,,Display Pages
LocalFile,DisplayPagesWithMapping,ViewMappableFieldsAreGroupedByFieldset,,,,true,,true,,Display Pages
LocalFile,DisplayPagesWithMapping,ViewMappedImageAfterSortDocumentsInDisplayPageTemplate,,,,true,,true,,Display Pages
LocalFile,DisplayPagesWithMapping,ViewTypesDuringCreation,,true,,true,,true,,Display Pages
LocalFile,ProductMenu,ViewProductMenuStyles,,true,,true,,true,,Control Menu
LocalFile,StyleBooksWithStaging,ChangeStyleBookOfContentPageViaLookAndFeelInStagingSite,,,,true,,true,,Style Books
LocalFile,StyleBooksWithStaging,ChangeStyleBookOfContentPageViaPageDesignOptionsPanelInStagingSite,,,,true,,true,,Style Books
LocalFile,StyleBooksWithStaging,ChangeStyleBookOfWidgetPageViaLookAndFeelInStagingSite,,,,true,,true,,Style Books
LocalFile,StyleBooksWithStaging,PreviewTheEffectOnPageInStyleBookEditorInStagingSite,,,,true,,true,,Style Books
LocalFile,StyleBooksWithStaging,ViewDataChangesOfStyleBookAreImmediatelyAvailableToLiveSite,,true,,true,,true,,Style Books
LocalFile,DisplayPagesUseCase,AssignBlogUsageToDefaultDisplayPageTemplate,,,,true,,true,,Display Pages
LocalFile,DisplayPagesUseCase,AssignToDefaultAndDeleteDisplayPageMappedSpecificDPT,,true,,true,,true,,Display Pages
LocalFile,DisplayPagesUseCase,AssignToDefaultAndViewSelectedDisplayPageTemplate,,,,true,,true,,Display Pages
LocalFile,DisplayPagesUseCase,DeleteDisplayPageMappedDefaultDPT,,true,,true,,true,,Display Pages
LocalFile,DisplayPagesUseCase,EditWhenViewingInDisplayPageAsUser,,true,,true,,true,,Display Pages
LocalFile,DisplayPagesUseCase,MapDMImageToFragmentBackground,,true,,true,,true,,Display Pages
LocalFile,DisplayPagesUseCase,MapSpecificDPTAndCheckAllUsages,,,,true,,true,,Display Pages
LocalFile,DisplayPagesUseCase,MapSpecificDPTAndCheckMultipleUsages,,,,true,,true,,Display Pages
LocalFile,DisplayPagesUseCase,MapWebContentAuthor,,true,,true,,true,,Display Pages
LocalFile,DisplayPagesUseCase,MapWebContentLastEditor,,true,,true,,true,,Display Pages
LocalFile,DisplayPagesUseCase,UnassignAndDeleteDisplayPageMappedSpecificDPT,,true,,true,,true,,Display Pages
LocalFile,DisplayPagesUseCase,UnassignAndViewSelectedDisplayPageTemplate,,,,true,,true,,Display Pages
LocalFile,DisplayPagesUseCase,ViewDisplayPageWithComplexRichTextFragments,,,,true,,true,Training,Display Pages
LocalFile,DisplayPagesUseCase,ViewDisplayPageWithNewStructureMapInFragments,,,,true,,true,Training,Display Pages
LocalFile,DisplayPagesUseCase,ViewlanguageSelectorRedirect,,,,true,,true,,Display Pages
LocalFile,CanonicalURL,ExportSiteWithCustomURL,,,,true,,true,,SEO
LocalFile,CanonicalURL,SetCustomURLAtPageLevel,,,,true,,true,,SEO
LocalFile,CanonicalURL,SetCustomURLAtPageLevelForEachActiveLanguage,,,,true,,true,,SEO
LocalFile,CanonicalURL,SetCustomURLWith76Characters,,,,true,,true,,SEO
LocalFile,CanonicalURL,SetDefaultURLAtSystemLevel,,,,true,,true,,SEO
LocalFile,CanonicalURL,SetLocalizedURLAtSystemLevel,,,,true,,true,,SEO
LocalFile,SitesUI,AddChildSite,,true,,true,,true,Training,Site Administration
LocalFile,SitesUI,AddSitesMultiple,,,,true,,true,Site Administration,Site Administration
LocalFile,SitesUI,DeleteSite,,true,,true,,true,Site Administration,Site Administration
LocalFile,SitesExportImport,ExportImportSiteWithEmbeddedWCDInFragment,,true,,true,,true,"Content Pages,Site Administration",Site Administration
LocalFile,SitesExportImport,ExportImportSiteWithMappedImage,,true,,true,,true,,Site Administration
LocalFile,MySites,DisplayMySitesPagination,,,,true,,true,Site Administration,Site Administration
LocalFile,MySites,JoinSiteOpen,,,,true,,true,"Site Administration,Users and Organizations",Site Administration
LocalFile,MySites,JoinSitePrivateNo,,true,,true,,true,"Site Administration,Users and Organizations",Site Administration
LocalFile,MySites,JoinSiteRestricted,,true,,true,,true,"Site Administration,Users and Organizations",Site Administration
LocalFile,MySites,LeaveSite,,true,,true,,true,"Site Administration,Users and Organizations",Site Administration
LocalFile,MySites,SearchSite,,,,true,,true,Site Administration,Site Administration
LocalFile,MySites,ViewMembershipAssignViaSiteCP,,,,true,,true,"Site Administration,Users and Organizations",Site Administration
LocalFile,MySites,ViewNoInactiveSite,,,,true,,true,Site Administration,Site Administration
LocalFile,MySites,ViewNoJoinOption,,,,true,,true,"Site Administration,Users and Organizations",Site Administration
LocalFile,MySites,ViewNoLeaveOption,,,,true,,true,Site Administration,Site Administration
LocalFile,MySites,ViewSitePages,,,,true,,true,Site Administration,Site Administration
LocalFile,MySites,ViewSiteWithTags,,,,true,,true,"Site Administration,Tags",Site Administration
LocalFile,RSS,AddFeedBetweenFeeds,,,,true,,true,RSS,RSS
LocalFile,RSS,AddFeedWithWrongUrl,,,,true,,true,RSS,RSS
LocalFile,RSS,AddRSSFeed,,true,,true,,true,RSS,RSS
LocalFile,RSS,CannotChangeNumberOfEntriesPerFeedToInvalidValue,,,,true,,true,RSS,RSS
LocalFile,RSS,ChangeDefaultToNavigationDisplay,,,,true,,true,RSS,RSS
LocalFile,RSS,ChangeNumberOfEntriesPerFeedToEleven,,true,,true,,true,RSS,RSS
LocalFile,RSS,ChangeOrderOfRSSFeeds,,,,true,,true,RSS,RSS
LocalFile,RSS,DeleteFeedFromRSS,,,,true,,true,RSS,RSS
LocalFile,RSS,DisabledFeedTitle,,,,true,,true,RSS,RSS
LocalFile,RSS,RemoveRSSPortlet,,,,true,,true,RSS,RSS
LocalFile,RSS,UpdateRSSFeedViaAssetpublisher,,,,true,,true,"Asset Publisher,RSS",RSS
LocalFile,ContentPagesWithMapping,MapAllCategoriesToEditableField,,,,true,,true,,Content Pages
LocalFile,ContentPagesWithMapping,MapCustomDDMFieldToFragment,,,,true,,true,,Content Pages
LocalFile,ContentPagesWithMapping,MapCustomDDMFieldToFragmentInCollectionDisplayBasedOnSingleTypeCollection,,,,true,,true,,Content Pages
LocalFile,ContentPagesWithMapping,MapDisplayPageURLToContainerElement,,true,,true,,true,,Content Pages
LocalFile,ContentPagesWithMapping,MapDocumentTitleToLinkFragment,,,,true,,true,,Content Pages
LocalFile,ContentPagesWithMapping,MapManualURLToContainerElement,,true,,true,,true,,Content Pages
LocalFile,ContentPagesWithMapping,MapManualURLToImageFragment,,true,,true,,true,,Content Pages
LocalFile,ContentPagesWithMapping,MapManualURLToLinkFragment,,true,,true,,true,,Content Pages
LocalFile,ContentPagesWithMapping,MapManualURLToTextFragment,,true,,true,,true,,Content Pages
LocalFile,ContentPagesWithMapping,MapSingleCategoryFromAssetEntryToEditableField,,true,,true,,true,,Content Pages
LocalFile,ContentPagesWithMapping,MapTagsToEditableField,,true,,true,,true,,Content Pages
LocalFile,ContentPagesWithMapping,MapTagToEditableField,,true,,true,,true,,Content Pages
LocalFile,ContentPagesWithMapping,MapWebContentFieldsToLinkFragment,,,,true,,true,,Content Pages
LocalFile,ContentPagesWithMapping,MapWebContentFieldWithURLToImageFragment,,,,true,,true,,Content Pages
LocalFile,ContentPagesWithMapping,MapWebContentFieldWithURLToLinkFragment,,,,true,,true,,Content Pages
LocalFile,ContentPagesWithMapping,MapWebContentFieldWithURLToTextFragment,,,,true,,true,,Content Pages
LocalFile,ContentPagesWithMapping,MapWebContentImageToFragmentBackground,,true,,true,,true,,Content Pages
LocalFile,ContentPagesWithMapping,MapWebContentImageToLayoutSection,,true,,true,,true,,Content Pages
LocalFile,ContentPagesWithMapping,MapWebContentsToBannerFragment,,,,true,,true,,Content Pages
LocalFile,ContentPagesWithMapping,MapWebContentTitleToLinkFragment,,true,,true,,true,,Content Pages
LocalFile,ContentPagesWithMapping,PreviewContentPageWithMappedAndInlineContent,,,,true,,true,,Content Pages
LocalFile,ContentPagesWithMapping,ViewEditableFieldValueWhenMappedContentMissing,,,,true,,true,,Content Pages
LocalFile,ContentPagesWithMapping,ViewItemTypeLabelMappedInCollectionWithMultipleItemTypes,,,,true,,true,,Content Pages
LocalFile,ContentPagesWithMapping,ViewItemTypeLabelMappedInCollectionWithSingleAndSpecificItemType,,,,true,,true,,Content Pages
LocalFile,ContentPagesWithMapping,ViewItemTypeLabelMappedInCollectionWithSingleItemType,,,,true,,true,,Content Pages
LocalFile,ContentPagesWithMapping,ViewMappableFieldsAreGroupedByFieldset,,true,,true,,true,,Content Pages
LocalFile,ContentPagesWithMapping,ViewMappableFieldsAreGroupedByFieldsetInCollectionDisplayBasedOnSingleTypeCollection,,,,true,,true,,Content Pages
LocalFile,ContentPagesWithMapping,ViewPermissionsAndUsageViaSidebarWithMappedWebContent,,,,true,,true,,Content Pages
LocalFile,Sites,ActivateSite,,,,true,,true,Site Administration,Site Administration
LocalFile,Sites,AddChildChildSite,,,,true,,true,Site Administration,Site Administration
LocalFile,Sites,AddPublicVirtualHostsSiteURL,,,,true,,true,Site Administration,Site Administration
LocalFile,Sites,AddSiteWithCommaInName,,,,true,,true,Site Administration,Site Administration
LocalFile,Sites,AddSiteWithInvalidDuplicateName,,,,true,,true,Site Administration,Site Administration
LocalFile,Sites,AddSiteWithInvalidName,,,,true,,true,Site Administration,Site Administration
LocalFile,Sites,DeleteSiteFriendlyURL,,,,true,,true,Site Administration,Site Administration
LocalFile,Sites,EditSite,,true,,true,,true,Site Administration,Site Administration
LocalFile,Sites,EditSiteFriendlyURL,,,,true,,true,Site Administration,Site Administration
LocalFile,Sites,EditSiteFriendlyURLInvalid,,true,,true,,true,Site Administration,Site Administration
LocalFile,Sites,SearchSite,,true,,true,,true,Site Administration,Site Administration
LocalFile,Sites,SiteCannotBeItsOwnParent,,,,true,,true,Site Administration,Site Administration
LocalFile,Sites,SiteCannotBeItsOwnParentStaging,,,,true,,true,Site Administration,Site Administration
LocalFile,Sites,ViewDefaultGlobalScopeLandingPage,,,,true,,true,Site Administration,Site Administration
LocalFile,Sites,ViewDisplayParentSiteViaSitesDirectory,,,,true,,true,Site Administration,Site Administration
LocalFile,Sites,ViewSiteHierarchiesViaSitesDirectory,,,,true,,true,Site Administration,Site Administration
LocalFile,CPRolesCPSites,AddSiteRegRole,,,,true,,true,Roles,Site Administration
LocalFile,CPRolesCPSites,SearchPermissions,,true,,true,,true,Training,Site Administration
LocalFile,CPRolesCPSites,ViewSiteManageChildSiteSiteRole,,,,true,,true,Roles,Site Administration
LocalFile,CPRolesCPSites,ViewSiteManagePagesRegRole,,,,true,,true,Roles,Site Administration
LocalFile,SitesExportImportWithStaging,ImportLiveSiteToStagingSite,,true,,true,,true,,Site Administration
LocalFile,Forms,Add20Forms,,true,,true,,true,,Forms
LocalFile,Forms,Add30Fields,,true,,true,,true,,Forms
LocalFile,Forms,AddElementSetsWithTranslation,,true,,true,,true,Training,Forms
LocalFile,Forms,AddFormInGlobal,,true,,true,,true,Training,Forms
LocalFile,Forms,AddFormToUserSiteAndViewNoDuplicates,,true,,true,,true,,Forms
LocalFile,Forms,AddFormWithDuplicateTextFields,,true,,true,,true,,Forms
LocalFile,Forms,AddFormWithSpanishAsDefaultPortalLanguage,,true,,true,,true,,Forms
LocalFile,Forms,ChangeFieldType,,true,,true,,true,,Forms
LocalFile,Forms,ConfigureAutosave,,true,,true,,true,,Forms
LocalFile,Forms,CreateReadUpdateDeleteImageField,,true,,true,,true,,Forms
LocalFile,Forms,CreateUntitledForm,,true,,true,,true,,Forms
LocalFile,Forms,DeleteDateFieldAndViewEntries,,true,,true,,true,,Forms
LocalFile,Forms,DeletePages,,true,,true,,true,,Forms
LocalFile,Forms,DeleteSelectFromListOptionAndViewEntries,,true,,true,,true,,Forms
LocalFile,Forms,DeleteSelectFromListOptionValue,,true,,true,,true,,Forms
LocalFile,Forms,EditAllFormFieldNames,,true,,true,,true,,Forms
LocalFile,Forms,EditAllFormFieldsTypesUsedBySystemSettings,,true,,true,,true,,Forms
LocalFile,Forms,EditFormsConfigurationViaSystemSettings,,true,,true,,true,,Forms
LocalFile,Forms,EditFormWithUpdatedSiteAndUserLocale,,true,,true,,true,,Forms
LocalFile,Forms,EditTranslatedGridField,,true,,true,,true,,Forms
LocalFile,Forms,NavigateToCorrectForm,,true,,true,,true,,Forms
LocalFile,Forms,PreviewAndPublishForm,,true,,true,,true,,Forms
LocalFile,Forms,ReorderFieldOptions,,true,,true,,true,,Forms
LocalFile,Forms,SearchFormRecordMultipleEntries,,true,,true,,true,,Forms
LocalFile,Forms,SelectAndRemoveMultipleOptionsInSelectFromListField,,true,,true,,true,,Forms
LocalFile,Forms,SubmitFormAfterEditingFields,,true,,true,,true,Training,Forms
LocalFile,Forms,SubmitFormAndViewEmailNotification,,true,,true,,true,,Forms
LocalFile,Forms,SubmitFormContainingCaptchaAndViewTextFieldValue,,true,,true,,true,,Forms
LocalFile,Forms,SubmitFormWithAllFieldTypesAndThreePages,,true,,true,,true,Training,Forms
LocalFile,Forms,SubmitFormWithCustomizedSubmitLabel,,true,,true,,true,,Forms
LocalFile,Forms,SubmitFormWithCustomTextContainingValidation,,true,,true,,true,,Forms
LocalFile,Forms,SubmitFormWithMultipleFieldsAndViewEntriesViaDescriptiveDisplay,,true,,true,,true,,Forms
LocalFile,Forms,SubmitFormWithRequiredCheckboxField,,true,,true,,true,,Forms
LocalFile,Forms,SubmitFormWithRequiredImageField,,true,,true,,true,,Forms
LocalFile,Forms,SubmitFormWithRequiredMultiLineTextField,,true,,true,,true,,Forms
LocalFile,Forms,SubmitFormWithRequiredRadioField,,true,,true,,true,,Forms
LocalFile,Forms,SubmitFormWithRequiredRepeatingTextField,,true,,true,,true,,Forms
LocalFile,Forms,SubmitFormWithRequiredTextField,,true,,true,,true,Training,Forms
LocalFile,Forms,SubmitFormWithSwitcherCheckboxField,,true,,true,,true,,Forms
LocalFile,Forms,SubmitFormWithUploadField,,true,,true,,true,,Forms
LocalFile,Forms,SubmitFormWithUploadFieldAsGuestUser,,true,,true,,true,,Forms
LocalFile,Forms,SubmitFormWithUploadFieldAsNewUser,,true,,true,,true,,Forms
LocalFile,Forms,SubmitWithRequiredDateField,,true,,true,,true,,Forms
LocalFile,Forms,UploadFileWithInvalidSizeAsGuestUser,,true,,true,,true,,Forms
LocalFile,Forms,ViewBlankLabelWhenAddingNewField,,true,,true,,true,,Forms
LocalFile,Forms,ViewConfirmationWhenLeavingFormWithoutSaving,,true,,true,,true,,Forms
LocalFile,Forms,ViewDefaultFieldNamesWithPunctuationCharacters,,true,,true,,true,,Forms
LocalFile,Forms,ViewFieldValidationIsNotBypassedWhenNextButtonIsHitTwice,,true,,true,,true,,Forms
LocalFile,Forms,ViewFormWithMultipleSelectionFieldAsASwitcherAndHideLabel,,true,,true,,true,,Forms
LocalFile,Forms,ViewRepeatableTextFieldLabel,,true,,true,,true,,Forms
LocalFile,Forms,ViewSaveNotification,,true,,true,,true,,Forms
LocalFile,Forms,ViewSuccessPage,,true,,true,,true,Training,Forms
LocalFile,LocalizationWithSites,AddSiteNameTranslations,,,,true,,true,"Localization,Site Administration",Site Localization
LocalFile,LocalizationWithSites,AvailableSiteLocalesSubsetNotAllowed,,true,,true,,true,Site Localization,Site Localization
LocalFile,LocalizationWithSites,LocalizationStyle0,,,,true,,true,Site Localization,Site Localization
LocalFile,LocalizationWithSites,LocalizationStyle1,,,,true,,true,Site Localization,Site Localization
LocalFile,LocalizationWithSites,LocalizationStyle2,,,,true,,true,Site Localization,Site Localization
LocalFile,LocalizationWithSites,LocalizeCountryName,,,,true,,true,"Site Localization,Users and Organizations",Site Localization
LocalFile,LocalizationWithSites,NoLocalePrependedWhenLocaleMatchMyPreferredLocalization,,,,true,,true,Site Localization,Site Localization
LocalFile,LocalizationWithSites,PortletInteractionLocalization,,,,true,,true,Site Localization,Site Localization
LocalFile,LocalizationWithSites,RedirectLocalizedFriendlyURL,,,,true,,true,,Site Localization
LocalFile,LocalizationWithSites,SiteTemplateLocalization,,true,,true,,true,"Site and Page Templates,Site Localization",Site Localization
LocalFile,LocalizationWithSites,ViewAvailableSiteLocaleAlternatives,,,,true,,true,Site Localization,Site Localization
LocalFile,LocalizationWithSites,ViewEditURLLocale,,,,true,,true,Site Localization,Site Localization
LocalFile,LocalizationWithSites,ViewSiteLocalizationAfterDeletingOriginalLocale,,true,,true,,true,Site Localization,Site Localization
LocalFile,WidgetPagesUseCase,AddSitePageXSS,,,,true,,true,"Site Pages Administration,XSS",Site Pages Administration
LocalFile,WidgetPagesUseCase,CannotDeleteLastPublicPageOnLiferay,,,,true,,true,Site Pages Administration,Site Pages Administration
LocalFile,WidgetPagesUseCase,ChangingPageTypeLayoutToLinkToAPageOfThisSiteHidesChildPages,,,,true,,true,Site Pages Administration,Site Pages Administration
LocalFile,WidgetPagesUseCase,DefaultLanguageWithEmptyFriendlyURLThrowsErrorExceptions,,,,true,,true,Site Pages Administration,Site Pages Administration
LocalFile,WidgetPagesUseCase,EditPageViaControlMenu,,true,,true,,true,Training,Site Pages Administration
LocalFile,WidgetPagesUseCase,SitesPanelLayout,,,,true,,true,Site Pages Administration,Site Pages Administration
LocalFile,WidgetPagesUseCase,SitesPrivatePagesPermissions,,true,,true,,true,"Permissions,Roles,Site Pages Administration,Training",Site Pages Administration
LocalFile,WidgetPagesUseCase,ViewSecureContentAndPageAsGuest,,,,true,,true,"Message Boards,Site Pages Administration",Site Pages Administration
LocalFile,WidgetPagesUseCase,ViewSecureContentAndPageAsSiteMember,,,,true,,true,"Message Boards,Site Pages Administration",Site Pages Administration
LocalFile,WidgetPagesUseCase,ViewSecureContentAndPageAsUser,,,,true,,true,"Message Boards,Site Pages Administration,Training",Site Pages Administration
LocalFile,WidgetPagesUseCase,WebContentAdministrationSitesPagesPanel,,,,true,,true,Site Pages Administration,Site Pages Administration
LocalFile,WidgetPagesUseCase,WebContentAdministrationSitesPageTypes,,true,,true,,true,"Site Pages Administration,Training",Site Pages Administration
LocalFile,SitesWithPermissions,SitesTemplatePermissionPersistence,,,,true,,true,"Permissions,Site Administration",Site Administration
LocalFile,BreadcrumbUseCase,BreadcrumbConfiguration,,,,true,,true,"Breadcrumb,Navigation",Navigation
LocalFile,BreadcrumbUseCase,BreadcrumbLinkPointsToLocalhost,,,,true,,true,"Breadcrumb,Navigation",Navigation
LocalFile,SiteTeams,AddSiteTeam,,,,true,,true,Site Administration,Site Administration
LocalFile,SiteTeams,AddSiteTeamAssignUser,,,,true,,true,"Site Administration,Users and Organizations",Site Administration
LocalFile,SiteTeams,AddSiteTeamAssignUserGroup,,,,true,,true,"Site Administration,User Groups",Site Administration
LocalFile,SiteTeams,AddSiteTeamMultiple,,true,,true,,true,Site Administration,Site Administration
LocalFile,SiteTeams,AddSiteTeamRemoveUser,,true,,true,,true,"Site Administration,Users and Organizations",Site Administration
LocalFile,SiteTeams,AddSiteTeamRemoveUserGroup,,,,true,,true,"Site Administration,User Groups",Site Administration
LocalFile,SiteTeams,AddSiteTeamSearchUserGroups,,,,true,,true,"Site Administration,User Groups",Site Administration
LocalFile,SiteTeams,AddSiteTeamSearchUsers,,,,true,,true,"Site Administration,Users and Organizations",Site Administration
LocalFile,SiteTeams,DeleteSiteTeam,,true,,true,,true,Site Administration,Site Administration
LocalFile,SiteTeams,EditSiteTeam,,true,,true,,true,Site Administration,Site Administration
LocalFile,LocalizationUseCase,MoveCurrentLanguagesToAvailable,,,,true,,true,Localization,Localization
LocalFile,LocalizationUseCase,ViewDisplayOptionsViaLanguagePortlet,,,,true,,true,Localization,Localization
LocalFile,LocalizationUseCase,ViewRemovedCurrentPortalLanguagesViaLanguagePortlet,,,,true,,true,Localization,Localization
LocalFile,LocalizationUseCase,ViewRemovedCurrentSiteLanguagesViaLanguagePortlet,,,,true,,true,Localization,Localization
LocalFile,AssetPublisherUpgrade,ViewAssetPublisherArchive625,,,,true,,true,"Asset Publisher,Upgrades WEM",Upgrades WEM
LocalFile,AssetPublisherUpgrade,ViewAssetPublisherArchive713,,,,true,,true,"Asset Publisher,Upgrades WEM",Upgrades WEM
LocalFile,AssetPublisherUpgrade,ViewAssetPublisherArchive70106,,,,true,,true,"Asset Publisher,Upgrades WEM",Upgrades WEM
LocalFile,AssetPublisherUpgrade,ViewAssetPublisherArchive621015,,,,true,,true,"Asset Publisher,Upgrades WEM",Upgrades WEM
LocalFile,AssetPublisherUpgrade,ViewAssetPublisherArchive621021,,,,true,,true,"Asset Publisher,Upgrades WEM",Upgrades WEM
LocalFile,SiteMemberships,AddMember,,,,true,,true,"Site Administration,Users and Organizations",Site Administration
LocalFile,SiteMemberships,AddMemberAssignSiteRole,,true,,true,,true,"Site Administration,Training,Users and Organizations",Site Administration
LocalFile,SiteMemberships,AddMemberOrganization,,,,true,,true,"Site Administration,Users and Organizations",Site Administration
LocalFile,SiteMemberships,AddMembersSiteUser,,true,,true,,true,"Site Administration,Users and Organizations",Site Administration
LocalFile,SiteMemberships,AddMemberUserGroup,,,,true,,true,"Site Administration,User Groups",Site Administration
LocalFile,SiteMemberships,AddMemberUserGroupAssignSiteRole,,,,true,,true,"Site Administration,User Groups",Site Administration
LocalFile,SiteMemberships,LimitMembershipParentSite,,,,true,,true,Site Administration,Site Administration
LocalFile,SiteMemberships,OrganizationsView,,true,,true,,true,"Site Administration,Users and Organizations",Site Administration
LocalFile,SiteMemberships,RemoveMember,,true,,true,,true,"Site Administration,Users and Organizations",Site Administration
LocalFile,SiteMemberships,SiteMembershipSearchOrganization,,,,true,,true,"Site Administration,Users and Organizations",Site Administration
LocalFile,SiteMemberships,SiteMembershipSearchUserGroup,,,,true,,true,"Site Administration,User Groups",Site Administration
LocalFile,SiteMemberships,SiteMembershipsPagination,,,,true,,true,"Site Administration,Users and Organizations",Site Administration
LocalFile,SiteMemberships,SiteMembershipsSearch,,,,true,,true,"Site Administration,Users and Organizations",Site Administration
LocalFile,SiteMemberships,ViewMembershipRequestWithSiteMembershipScope,,,,true,,true,"Site Administration,Users and Organizations",Site Administration
LocalFile,SiteMemberships,ViewNoManualMembershipManagement,,,,true,,true,Site Administration,Site Administration
LocalFile,PageEditorUpgrade,ConfigurePageEditorAfterUpgrade721,,,,true,,true,,Upgrades WEM
LocalFile,PageEditorUpgrade,ConfigurePageEditorAfterUpgrade72101,,,,true,,true,,Upgrades WEM
LocalFile,PageEditorUpgrade,ViewContributedFragmentStyleAfterUpgrade721,,,,true,,true,,Upgrades WEM
LocalFile,PageEditorUpgrade,ViewContributedFragmentStyleAfterUpgrade72101,,,,true,,true,,Upgrades WEM
LocalFile,PageEditorUpgrade,ViewEditableFieldValueAfterUpgrade721,,,,true,,true,,Upgrades WEM
LocalFile,PageEditorUpgrade,ViewEditableFieldValueAfterUpgrade72101,,,,true,,true,,Upgrades WEM
LocalFile,NavigationMenuWidgetUsingPageHierarchy,AddChildPage,,true,,true,,true,,Navigation
LocalFile,NavigationMenuWidgetUsingPageHierarchy,AddMultiplePages,,true,,true,,true,,Navigation
LocalFile,NavigationMenuWidgetUsingPageHierarchy,AssertPagesHierarchyNavigationIsDefault,,,,true,,true,,Navigation
LocalFile,NavigationMenuWidgetUsingPageHierarchy,EditSitePage,,,,true,,true,,Navigation
LocalFile,NavigationMenuWidgetUsingPageHierarchy,HidePages,,,,true,,true,,Navigation
LocalFile,MSBUpgrade,ViewMSBAndAddContentPageAfterUpgrade713,,,,true,,true,,Upgrades WEM
LocalFile,MSBUpgrade,ViewMSBAndAddContentPageAfterUpgrade71102,,,,true,,true,,Upgrades WEM
LocalFile,WebContentStagingUpgrade,PublishStagingArchiveAfterUpgrade625,,,,true,,true,"Upgrades Staging,Upgrades WEM,Web Content Administration",Upgrades WEM
LocalFile,WebContentStagingUpgrade,PublishStagingArchiveAfterUpgrade704,,,,true,,true,"Upgrades Staging,Upgrades WEM,Web Content Administration",Upgrades WEM
LocalFile,WebContentStagingUpgrade,PublishStagingArchiveAfterUpgrade713,,,,true,,true,"Upgrades Staging,Upgrades WEM,Web Content Administration",Upgrades WEM
LocalFile,WebContentStagingUpgrade,PublishStagingArchiveAfterUpgrade721,,,,true,,true,"Upgrades Staging,Upgrades WEM,Web Content Administration",Upgrades WEM
LocalFile,WebContentStagingUpgrade,PublishStagingArchiveAfterUpgrade7110,,,,true,,true,"Upgrades Staging,Upgrades WEM,Web Content Administration",Upgrades WEM
LocalFile,WebContentStagingUpgrade,PublishStagingArchiveAfterUpgrade70106,,,,true,,true,"Upgrades Staging,Upgrades WEM,Web Content Administration",Upgrades WEM
LocalFile,WebContentStagingUpgrade,PublishStagingArchiveAfterUpgrade72101,,,,true,,true,"Upgrades Staging,Upgrades WEM,Web Content Administration",Upgrades WEM
LocalFile,WebContentStagingUpgrade,PublishStagingArchiveAfterUpgrade621015,,,,true,,true,"Upgrades Staging,Upgrades WEM,Web Content Administration",Upgrades WEM
LocalFile,WebContentStagingUpgrade,PublishStagingArchiveAfterUpgrade621021,,,,true,,true,"Upgrades Staging,Upgrades WEM,Web Content Administration",Upgrades WEM
LocalFile,RecycleBinWithWebContent,DeleteWebcontent,,,,true,,true,"Recycle Bin,Web Content Administration",Recycle Bin
LocalFile,RecycleBinWithWebContent,MoveFolderWithWebContentToRecycleBin,,,,true,,true,"Recycle Bin,Web Content Administration",Recycle Bin
LocalFile,RecycleBinWithWebContent,RecycleWebContentViaDeleteIcon,,,,true,,true,"Recycle Bin,Web Content Administration",Recycle Bin
LocalFile,RecycleBinWithWebContent,RestoreWebcontent,,true,,true,,true,"Recycle Bin,Web Content Administration",Recycle Bin
LocalFile,RecycleBinWithWebContent,UndoMoveToRecycleBin,,,,true,,true,"Recycle Bin,Web Content Administration",Recycle Bin
LocalFile,RecycleBinWithWebContent,ViewDuplicateAssetNamesInRecycleBin,,,,true,,true,"Recycle Bin,Web Content Administration",Recycle Bin
LocalFile,RecycleBinWithWebContent,ViewDuplicateFolderNamesInRecycleBin,,,,true,,true,"Recycle Bin,Web Content Administration",Recycle Bin
LocalFile,RecycleBinWithWebContent,ViewRecycleBinEntryViaSuccessMessageLink,,,,true,,true,"Recycle Bin,Web Content Administration",Recycle Bin
LocalFile,NestedPortletsUpgrade,ViewNestedPortletsArchive625,,,,true,,true,"Nested Portlets,Upgrades WEM",Upgrades WEM
LocalFile,NestedPortletsUpgrade,ViewNestedPortletsArchive621015,,,,true,,true,"Nested Portlets,Upgrades WEM",Upgrades WEM
LocalFile,NestedPortletsUpgrade,ViewNestedPortletsArchive621021,,,,true,,true,"Nested Portlets,Upgrades WEM",Upgrades WEM
LocalFile,NestedPortletsUpgrade,ViewStagingNestedPortletsArchive625,,,,true,,true,"Nested Portlets,Upgrades WEM",Upgrades WEM
LocalFile,NestedPortletsUpgrade,ViewStagingNestedPortletsArchive621015,,,,true,,true,"Nested Portlets,Upgrades WEM",Upgrades WEM
LocalFile,NestedPortletsUpgrade,ViewStagingNestedPortletsArchive621021,,,,true,,true,"Nested Portlets,Upgrades WEM",Upgrades WEM
LocalFile,Breadcrumb,AddADTViaBreadcrumb,,,,true,,true,"Breadcrumb,Content and Appliation Templates",Breadcrumb
LocalFile,Breadcrumb,ConfigureNoSave,,,,true,,true,Breadcrumb,Breadcrumb
LocalFile,Breadcrumb,DisableShowApplicationBreadcrumb,,,,true,,true,Breadcrumb,Breadcrumb
LocalFile,Breadcrumb,DisableShowCurrentSite,,true,,true,,true,Breadcrumb,Breadcrumb
LocalFile,Breadcrumb,DisableShowPage,,true,,true,,true,Breadcrumb,Breadcrumb
LocalFile,Breadcrumb,DisableShowParentSite,,,,true,,true,Breadcrumb,Breadcrumb
LocalFile,Breadcrumb,DisplayTemplateWithHorizontalStyle,,,,true,,true,Breadcrumb,Breadcrumb
LocalFile,Breadcrumb,DisplayTemplateWithVerticalStyle,,,,true,,true,Breadcrumb,Breadcrumb
LocalFile,Breadcrumb,EnableShowGuestSite,,,,true,,true,Breadcrumb,Breadcrumb
LocalFile,PGSharepoint,ViewDocumentAsGuest,,,,false,,true,,Sharepoint
LocalFile,WebContentUpgrade,ViewAndEditWebContentWCStructureWCTemplateWCDAndAssetPublisher704,,,,true,,true,"Upgrades WEM,Web Content Administration",Upgrades WEM
LocalFile,WebContentUpgrade,ViewAndEditWebContentWCStructureWCTemplateWCDAndAssetPublisher713,,,,true,,true,"Upgrades WEM,Web Content Administration",Upgrades WEM
LocalFile,WebContentUpgrade,ViewAndEditWebContentWCStructureWCTemplateWCDAndAssetPublisher721,,,,true,,true,"Upgrades WEM,Web Content Administration",Upgrades WEM
LocalFile,WebContentUpgrade,ViewAndEditWebContentWCStructureWCTemplateWCDAndAssetPublisher735,,,,true,,true,"Upgrades WEM,Web Content Administration",Upgrades WEM
LocalFile,WebContentUpgrade,ViewAndEditWebContentWCStructureWCTemplateWCDAndAssetPublisher7310,,,,true,,true,"Upgrades WEM,Web Content Administration",Upgrades WEM
LocalFile,WebContentUpgrade,ViewAndEditWebContentWCStructureWCTemplateWCDAndAssetPublisher71103,,,,true,,true,"Upgrades WEM,Web Content Administration",Upgrades WEM
LocalFile,WebContentUpgrade,ViewAndEditWebContentWCStructureWCTemplateWCDAndAssetPublisher72101,,,,true,,true,"Upgrades WEM,Web Content Administration",Upgrades WEM
LocalFile,WebContentUpgrade,ViewAndEditWebContentWCStructureWCTemplateWCDAndAssetPublisher701014,,,,true,,true,"Upgrades WEM,Web Content Administration",Upgrades WEM
LocalFile,WebContentUpgrade,ViewLayoutArchive625,,,,true,,true,"Upgrades WEM,Web Content Administration",Upgrades WEM
LocalFile,WebContentUpgrade,ViewLayoutArchive621015,,,,true,,true,"Upgrades WEM,Web Content Administration",Upgrades WEM
LocalFile,WebContentUpgrade,ViewLayoutArchive621021,,,,true,,true,"Upgrades WEM,Web Content Administration",Upgrades WEM
LocalFile,WebContentUpgrade,ViewMultiWCDArchive625,,,,true,,true,"Upgrades WEM,Web Content Administration",Upgrades WEM
LocalFile,WebContentUpgrade,ViewMultiWCDArchive621015,,,,true,,true,"Upgrades WEM,Web Content Administration",Upgrades WEM
LocalFile,WebContentUpgrade,ViewMultiWCDArchive621021,,,,true,,true,"Upgrades WEM,Web Content Administration",Upgrades WEM
LocalFile,WebContentUpgrade,ViewWebContentArchive625,,,,true,,true,"Upgrades WEM,Web Content Administration",Upgrades WEM
LocalFile,WebContentUpgrade,ViewWebContentArchive621015,,,,true,,true,"Upgrades WEM,Web Content Administration",Upgrades WEM
LocalFile,WebContentUpgrade,ViewWebContentArchive621021,,,,true,,true,"Upgrades WEM,Web Content Administration",Upgrades WEM
LocalFile,WebContentUpgrade,ViewWebContentWithAllFieldsArchive621021,,,,true,,true,"Upgrades WEM,Web Content Administration",Upgrades WEM
LocalFile,WebContentUpgrade,ViewWebContentWithImageArchive704,,,,true,,true,"Upgrades WEM,Web Content Administration",Upgrades WEM
LocalFile,WebContentUpgrade,ViewWebContentWithImageArchive70106,,,,true,,true,"Upgrades WEM,Web Content Administration",Upgrades WEM
LocalFile,WebContentUpgrade,ViewWebContentWithPredefinedValueInWebContentFieldArchive713,,,,true,,true,"Upgrades WEM,Web Content Administration",Upgrades WEM
LocalFile,WebContentUpgrade,ViewWebContentWithPredefinedValueInWebContentFieldArchive721,,,,true,,true,"Upgrades WEM,Web Content Administration",Upgrades WEM
LocalFile,WebContentUpgrade,ViewWebContentWithPredefinedValueInWebContentFieldArchive730,,,,true,,true,"Upgrades WEM,Web Content Administration",Upgrades WEM
LocalFile,WebContentUpgrade,ViewWebContentWithPredefinedValueInWebContentFieldArchive71103,,,,true,,true,"Upgrades WEM,Web Content Administration",Upgrades WEM
LocalFile,WebContentUpgrade,ViewWebContentWithPredefinedValueInWebContentFieldArchive72101,,,,true,,true,"Upgrades WEM,Web Content Administration",Upgrades WEM
LocalFile,WebContentUpgrade,ViewWebContentWithPredefinedValueInWebContentFieldArchive701014,,,,true,,true,"Upgrades WEM,Web Content Administration",Upgrades WEM
LocalFile,fragments,PagesFragments704,,,,true,,true,Upgrades Foundation,Upgrades Foundation
LocalFile,fragments,PagesFragments713,,,,true,,true,Upgrades Foundation,Upgrades Foundation
LocalFile,fragments,PagesFragments721,,,,true,,true,Upgrades Foundation,Upgrades Foundation
LocalFile,fragments,PagesFragments7016,,,,true,,true,Upgrades Foundation,Upgrades Foundation
LocalFile,fragments,PagesFragments71103,,,,true,,true,Upgrades Foundation,Upgrades Foundation
LocalFile,fragments,PagesFragments72101,,,,true,,true,Upgrades Foundation,Upgrades Foundation
LocalFile,MarketplaceSmoke,MarketplaceSmoke,,,,,,,,Marketplace
LocalFile,WebContentWithCustomStructures,AddEmbeddedPortletFreemarkerTemplate,,,,true,,helloworld,Web Content Administration,Web Content Administration
LocalFile,WebContentWithCustomStructures,AddStructureWithSeparatorField,,,,true,,true,,Web Content Administration
LocalFile,WebContentWithCustomStructures,AddStructureWithSubfield,,,,true,,true,Web Content Administration,Web Content Administration
LocalFile,WebContentWithCustomStructures,AddStructureWithWebContentAndGeolocationFields,,true,,true,,true,Web Content Administration,Web Content Administration
LocalFile,WebContentWithCustomStructures,AddWCWithFirstComplexStructure,,,,true,,true,,Web Content Administration
LocalFile,WebContentWithCustomStructures,AddWCWithSecondComplexStructure,,,,true,,true,,Web Content Administration
LocalFile,WebContentWithCustomStructures,AddWebContentViaWCDWithGlobalStructureAndLocalTemplate,,,,true,,true,Web Content Administration,Web Content Administration
LocalFile,WebContentWithCustomStructures,AddWebContentWithColorField,,,,true,,true,Web Content Administration,Web Content Administration
LocalFile,WebContentWithCustomStructures,AddWebContentWithGlobalStructureAndEditedDefaultValues,,,,true,,true,Web Content Administration,Web Content Administration
LocalFile,WebContentWithCustomStructures,AddWebContentWithImageField,,,,true,,true,Web Content Administration,Web Content Administration
LocalFile,WebContentWithCustomStructures,AddWebContentWithoutTemplate,,,,true,,true,Web Content Administration,Web Content Administration
LocalFile,WebContentWithCustomStructures,AddWebContentWithRepeatableRichTextField,,,,true,,true,,Web Content Administration
LocalFile,WebContentWithCustomStructures,AddWebContentWithRequiredRichTextField,,,,true,,true,,Web Content Administration
LocalFile,WebContentWithCustomStructures,AddWebContentWithStructure,,,,true,,true,Web Content Administration,Web Content Administration
LocalFile,WebContentWithCustomStructures,DeleteTemplateAndStructureWithReferencedWebContent,,,,true,,true,Web Content Administration,Web Content Administration
LocalFile,WebContentWithCustomStructures,EditArticleMadeFromGlobalStructure,,,,true,,true,Web Content Administration,Web Content Administration
LocalFile,WebContentWithCustomStructures,EditContentWithTitleAndAllFieldsNull,,true,,true,,true,"Training,Web Content Administration",Web Content Administration
LocalFile,WebContentWithCustomStructures,EditGlobalWebContentTemplate,,,,true,,true,Web Content Administration,Web Content Administration
LocalFile,WebContentWithCustomStructures,EditWebContentTemplate,,,,true,,true,Web Content Administration,Web Content Administration
LocalFile,WebContentWithCustomStructures,ResetStructureDefaultValues,,,,true,,true,Web Content Administration,Web Content Administration
LocalFile,WebContentWithCustomStructures,UseStructureAndTemplateFromParentSiteHierarchy,,,,true,,true,Web Content Administration,Web Content Administration
LocalFile,WebContentWithCustomStructures,ViewAndEditAsWellAsDeleteContentWithTitleAndAllFields,,true,,true,,true,,Web Content Administration
LocalFile,WebContentWithCustomStructures,ViewFieldWithPredefinedValue,,,,true,,true,,Web Content Administration
LocalFile,WebContentWithCustomStructures,ViewGlobalStructureViaAddMenuInLiferaySite,,,,true,,true,Web Content Administration,Web Content Administration
LocalFile,WebContentWithCustomStructures,ViewSourceContainsNoGarbageData,,,,true,,true,Web Content Administration,Web Content Administration
LocalFile,WebContentWithCustomStructures,WebContentAdministrationDataValidation,,,,true,,true,Web Content Administration,Web Content Administration
LocalFile,NavigationMenuWidget,AddURLNavigationMenuItemWithBlankTarget,,true,,true,,true,,Navigation
LocalFile,NavigationMenuWidget,AddURLNavigationMenuItemWithSelfTarget,,true,,true,,true,,Navigation
LocalFile,NavigationMenuWidget,CannotViewGlobalNavigationMenuWithoutPermission,,,,true,,true,,Navigation
LocalFile,NavigationMenuWidget,EditGlobalNavigationMenuViaWidgetInNormalSite,,,,true,,true,,Navigation
LocalFile,NavigationMenuWidget,EditNavigationMenuPageItemName,,true,,true,,true,,Navigation
LocalFile,NavigationMenuWidget,SelectGlobalNavigationMenuInNormalSite,,true,,true,,true,,Navigation
LocalFile,NavigationMenuWidget,ViewCustomFieldOfNavigationMenu,,,,true,,true,,Navigation
LocalFile,MastersPageTemplates,AddFragmentToIndividualTabOfTabsFragmentInMasterPageTemplate,,,,true,,true,Page Templates,Page Templates
LocalFile,MastersPageTemplates,AddPageBasedOnCustomMaster,,true,,true,,true,Page Templates,Page Templates
LocalFile,MastersPageTemplates,CanDuplicateMastersPageTemplate,,true,,true,,true,Page Templates,Page Templates
LocalFile,MastersPageTemplates,CannotDeleteBlankPageTemplate,,true,,true,,true,Page Templates,Page Templates
LocalFile,MastersPageTemplates,CannotEditBlankPageTemplate,,true,,true,,true,Page Templates,Page Templates
LocalFile,MastersPageTemplates,ChangeConfigurationOfPageBasedOnMasterPage,,,,true,,true,Page Templates,Page Templates
LocalFile,MastersPageTemplates,ChangeMasterOfContentPageAmongExistingMasters,,true,,true,,true,Page Templates,Page Templates
LocalFile,MastersPageTemplates,ChangeMasterOfContentPageTemplateAmongExistingMasters,,true,,true,,true,Page Templates,Page Templates
LocalFile,MastersPageTemplates,ChangeMasterOfDisplayPageTemplateAmongExistingMasters,,true,,true,,true,Page Templates,Page Templates
LocalFile,MastersPageTemplates,ChangeMasterOfWidgetPageAmongExistingMasters,,true,,true,,true,Page Templates,Page Templates
LocalFile,MastersPageTemplates,ChangeMasterOfWidgetPageTemplateAmongExistingMasters,,true,,true,,true,Page Templates,Page Templates
LocalFile,MastersPageTemplates,ChangeMasterPageWithAllowedFragments,,,,true,,true,Page Templates,Page Templates
LocalFile,MastersPageTemplates,CheckSelectNewFragmentsAutomaticallyInAllowedFragments,,true,,true,,true,Page Templates,Page Templates
LocalFile,MastersPageTemplates,ConfigureAllowedFragmentsInDropZone,,true,,true,,true,Page Templates,Page Templates
LocalFile,MastersPageTemplates,ConfigureBasicComponentsAsAllowedFragments,,,,true,,true,Page Templates,Page Templates
LocalFile,MastersPageTemplates,ContentInDropZoneIsNotChangedWhenChangeMasterofPage,,,,true,,true,Page Templates,Page Templates
LocalFile,MastersPageTemplates,ContentInWidgetPageIsNotChangedWhenChangeMasterofPage,,,,true,,true,Page Templates,Page Templates
LocalFile,MastersPageTemplates,EditAllowedFragments,,,,true,,true,Page Templates,Page Templates
LocalFile,MastersPageTemplates,EditMasterPageTemplateViaPageEditorLookAndFeel,,true,,true,,true,Page Templates,Page Templates
LocalFile,MastersPageTemplates,MoveDropZoneToOneTabOfTabsFragment,,,,true,,true,Page Templates,Page Templates
LocalFile,MastersPageTemplates,OnlyAddElementsInDropZoneOfPageAndElementsInheritedAreChangeless,,,,true,,true,Page Templates,Page Templates
LocalFile,MastersPageTemplates,PropagateChangesFromCustomMastersToAllBasedOnCustomMasters,,true,,true,,true,Page Templates,Page Templates
LocalFile,MastersPageTemplates,ViewNoDropzoneAtIndividualTabOfTabsFragmentInContentPage,,,,true,,true,Page Templates,Page Templates
LocalFile,NavigationMenus,AddNavigationMenuEntriesAllTypes,,true,,true,,true,,Navigation
LocalFile,NavigationMenus,AssertNavigationMenuNotCreatedByDefault,,,,true,,true,,Navigation
LocalFile,NavigationMenus,CannotAddPageItemInGlobalNavigationMenu,,true,,true,,true,,Navigation
LocalFile,NavigationMenus,CannotAddPageToGlobalNavigationMenuWhenCreatingPageInNormalSite,,true,,true,,true,,Navigation
LocalFile,NavigationMenus,ConfigurePrimaryNavigationMenu,,,,true,,true,,Navigation
LocalFile,NavigationMenus,ConfigureSecondaryNavigationMenu,,,,true,,true,,Navigation
LocalFile,NavigationMenus,ConfigureSocialNavigationMenu,,,,true,,true,,Navigation
LocalFile,NavigationMenus,DeleteNavigationMenu,,true,,true,,true,,Navigation
LocalFile,NavigationMenus,RenameNavigationMenu,,true,,true,,true,,Navigation
LocalFile,NavigationMenus,ToggleAutomaticallyAddNewPagesToNavigationMenu,,true,,true,,true,,Navigation
LocalFile,NavigationMenus,TranslateItemName,,true,,true,,true,,Navigation
LocalFile,NavigationMenus,ViewNavigationMenuPropertiesSidebar,,true,,true,,true,,Navigation
LocalFile,NavigationMenus,ViewPageItemPrepopulatedWithTranslation,,true,,true,,true,,Navigation
LocalFile,NavigationMenus,ViewSuccessMessageAfterAddingMenuItem,,true,,true,,true,,Navigation
LocalFile,PGSharepoint2013,ViewDocumentAsGuest,,,,false,,,,Sharepoint
LocalFile,LCSClientSmoke,LCSClientSmoke,,true,true,true,false,quarantine,,Smoke
LocalFile,PortalSmoke,Smoke,,false,,true,true,helloworld,Training,Smoke
LocalFile,PortalSmoke,SmokeWithDeveloperProperties,,true,,true,false,helloworld,,Smoke
LocalFile,PortalSmoke,SmokeWithJNDI,,true,,true,false,helloworld,,Smoke
LocalFile,PortalSmoke,SmokeWithRuntimeJSPCompile,,true,,true,false,true,,Smoke
LocalFile,PortalSmoke,SmokeWithSPADisabled,,true,,true,false,true,,Smoke
LocalFile,NavigationMenuWidgetUseCase,AutomaticChangesToDisplayStyle,,,,true,,true,Navigation,Navigation
LocalFile,NavigationMenuWidgetUseCase,NavigationMenuConfigureDisplayTemplate,,true,,true,,true,,Navigation
LocalFile,NavigationMenuWidgetUseCase,ShowMoreThanTwoSublevelsWhenSelectCustomMenuAndBarMinimallyStyled,,,,true,,true,,Navigation
LocalFile,NavigationMenuWidgetUseCase,ShowMoreThanTwoSublevelsWhenSelectPublicPagesHierarchyAndBarMinimallyStyled,,true,,true,,true,,Navigation
LocalFile,NavigationMenuWidgetUseCase,ShowMoreThanTwoSublevelsWhenSelectPublicPagesHierarchyAndListMenu,,,,true,,true,,Navigation
LocalFile,NavigationMenuWidgetUseCase,ShowTheSameAmountOfLevelsWithTheNumberOfLevelsToDisplay,,true,,true,,true,,Navigation
LocalFile,NavigationMenuWidgetUseCase,ValidateReturnToDefaultStyle,,,,true,,true,Navigation,Navigation
LocalFile,NavigationMenuWidgetUseCase,ViewNoAddPagePermissionsPG,,,,true,,true,"Navigation,Permissions",Navigation
LocalFile,LiferayOnline,Smoke,,,,true,,helloworld,,Liferay Online
LocalFile,PatchingTool,RevertFixPack,,,true,,,,,Patching Tool
LocalFile,PatchingTool,RevertHotfix,,,true,true,,,,Patching Tool
LocalFile,PatchingTool,RevertToLatestHeavyFixPack,,,true,,,,,Patching Tool
LocalFile,CPSharepoint,CheckinDocument,,,,false,,true,,Sharepoint
LocalFile,CPSharepoint,DeleteDocumentInSubfolder,,,,false,,true,,Sharepoint
LocalFile,CPSharepoint,DeleteSubfolder,,,,false,,true,,Sharepoint
LocalFile,CPSharepoint,EditDocumentFile,,,,false,,true,,Sharepoint
LocalFile,CPSharepoint,EditRepository,,,,false,,true,,Sharepoint
LocalFile,CPSharepoint,MoveCheckedoutDocumentToFolder,,,,false,,true,,Sharepoint
LocalFile,CPSharepoint,MoveDocumentToHome,,,,false,,true,,Sharepoint
LocalFile,CPSharepoint,SearchDocumentViaHome,,,,false,,true,,Sharepoint
LocalFile,CPSharepoint,ViewEditedCheckedoutDocument,,,,false,,true,,Sharepoint
LocalFile,CPSharepoint,ViewOriginalFileExtensionAfterUnsuccessfulExtensionChange,,,,false,,true,,Sharepoint
LocalFile,CPSharepoint,ViewOriginalFileExtensionAfterUnsuccessfulExtensionRemoval,,,,false,,true,,Sharepoint
LocalFile,SitesUseCase,AddChildSiteFromImportedSiteTemplate,,true,,true,,true,Training,Site Administration
LocalFile,SitesUseCase,AddOrganizationSitesAndDeactivate,,true,,true,,true,"Site Administration,Training,Users and Organizations",Site Administration
LocalFile,SitesUseCase,MySitesDropDownDoesNotShowUserOrganizationOnTop,,,,true,,true,"Site Administration,Users and Organization",Site Administration
LocalFile,SitesUseCase,OnlySiteOwnersCanAssignSiteRolesToUserGroups,,,,true,,true,"Site Administration,User Groups",Site Administration
LocalFile,SitesUseCase,PrivateVirtualHostUrlDoesNotRedirectUserToLoginPage,,,,true,,true,Site Administration,Site Administration
LocalFile,SitesUseCase,ReturnWrongLayoutForSignedInUserWithVirtualHostsConfigured,,,,true,,true,Site Administration,Site Administration
LocalFile,SitesUseCase,SiteFriendlyURLLayoutImporter,,,,true,,true,Site Administration,Site Administration
LocalFile,SitesUseCase,SitesDeactivated,,,,true,,true,Site Administration,Site Administration
LocalFile,SitesUseCase,SitesDemoSiteManagement,,,,true,,true,"Site Administration,Site Pages Administration",Site Administration
LocalFile,SitesUseCase,SiteTeamsPermissions,,,,true,,true,"Permissions,Site Administration",Site Administration
LocalFile,SitesUseCase,SiteTeamsXSS,,,,true,,true,"Site Administration,XSS",Site Administration
LocalFile,SitesUseCase,ViewSiteLogo,,,,true,,true,,Site Administration
LocalFile,CPSharepoint2013,CheckinDocument,,,,false,,,,Sharepoint
LocalFile,CPSharepoint2013,DeleteDocumentInSubfolder,,,,false,,,,Sharepoint
LocalFile,CPSharepoint2013,DeleteSubfolder,,,,false,,,,Sharepoint
LocalFile,CPSharepoint2013,EditDocumentFile,,,,false,,,,Sharepoint
LocalFile,CPSharepoint2013,EditRepository,,,,false,,,,Sharepoint
LocalFile,CPSharepoint2013,MoveCheckedoutDocumentToFolder,,,,false,,,,Sharepoint
LocalFile,CPSharepoint2013,MoveDocumentToHome,,,,false,,,,Sharepoint
LocalFile,CPSharepoint2013,SearchDocumentViaHome,,,,false,,,,Sharepoint
LocalFile,CPSharepoint2013,ViewEditedCheckedoutDocument,,,,false,,,,Sharepoint
LocalFile,CPSharepoint2013,ViewOriginalFileExtensionAfterUnsuccessfulExtensionChange,,,,false,,,,Sharepoint
LocalFile,CPSharepoint2013,ViewOriginalFileExtensionAfterUnsuccessfulExtensionRemoval,,,,false,,,,Sharepoint
LocalFile,SiteInitializer,ViewInitialStuffs,,true,,false,,true,Site Administration,Site Administration
LocalFile,RecycleBin,BulkRestoreMultipleAssetsFromRecycleBin,,true,,true,,true,,Recycle Bin
LocalFile,RecycleBin,DisableRecycleBin,,,,true,,true,,Recycle Bin
LocalFile,RecycleBin,MoveWebContentToRecycleBinViaDragAndDrop,,,,true,,true,,Recycle Bin
LocalFile,RecycleBin,RecycleBinBlogs,,,,true,,true,,Recycle Bin
LocalFile,RecycleBin,RecycleBinBookmarks,,,,false,,true,,Recycle Bin
LocalFile,RecycleBin,RecycleBinMBAttachment,,,,true,,true,,Recycle Bin
LocalFile,RecycleBin,RecycleBinScheduledCleanup,,,,true,,true,,Recycle Bin
LocalFile,RecycleBin,RecycleBinSearchBlogsEntries,,,,true,,true,,Recycle Bin
LocalFile,RecycleBin,RecycleBinSearchDMEntriesInFolder,,,,true,,true,,Recycle Bin
LocalFile,RecycleBin,RecycleBinStaging,,,,true,,true,,Recycle Bin
LocalFile,RecycleBin,RecycleBinWebContent,,,,true,,true,,Recycle Bin
LocalFile,RecycleBin,RecycleBinWiki,,,,true,,true,,Recycle Bin
LocalFile,RecycleBin,RenameBulkRestoreDocumentsAutomaticallyWhenDocumentNamesAlreadyExistInTheDestination,,true,,true,,true,,Recycle Bin
LocalFile,RecycleBin,RestoreDMDocumentFromFolderCP,,true,,true,,true,,Recycle Bin
LocalFile,RecycleBin,RestoreWebContentFromFolderCP,,,,true,,true,,Recycle Bin
LocalFile,RecycleBin,RestoreWebContentWithArticleVersions,,,,true,,true,,Recycle Bin
LocalFile,RecycleBin,SearchBlogsEntryByComments,,,,true,,true,,Recycle Bin
LocalFile,RecycleBin,ViewErrorMessageWhenRestoreDocumentHasTheSameNameWithExistingOne,,,,true,,true,,Recycle Bin
LocalFile,RecycleBin,ViewRestoredDocumentInSubFolderAfterRestoreParentFolder,,,,true,,true,,Recycle Bin
LocalFile,NavigationMenusWithStaging,CannotEditNavigationMenuInLive,,true,,true,,true,,Navigation
LocalFile,NavigationMenusWithStaging,DeletedNavigationMenuNotInLiveAfterPublish,,,,true,,true,,Navigation
LocalFile,NavigationMenusWithStaging,PublishEditedNavigationMenu,,true,,true,,true,,Navigation
LocalFile,NavigationMenusWithStaging,PublishEditedPrimaryNavigationMenu,,true,,true,,true,,Navigation
LocalFile,NavigationMenusWithStaging,PublishNavigationMenu,,true,,true,,true,,Navigation
LocalFile,NavigationMenusWithStaging,PublishNavigationMenuWithDeletedPages,,true,,true,,true,,Navigation
LocalFile,NavigationMenusWithStaging,PublishPrimaryNavigationMenu,,true,,true,,true,,Navigation
LocalFile,NavigationMenusWithStaging,PublishPrimaryNavigationMenuWithDeletedPages,,true,,true,,true,,Navigation
LocalFile,NavigationMenusWithStaging,ShowMoreThanTwoSublevelsWhenSelectPublicPagesHierarchyAndBarMinimallyStyled,,,,true,,true,,Navigation
LocalFile,SharepointREST,CheckinDocument,,,,false,,true,,Sharepoint
LocalFile,SharepointREST,DeleteDocumentInSubfolder,,,,false,,true,,Sharepoint
LocalFile,SharepointREST,DeleteSubfolder,,,,false,,true,,Sharepoint
LocalFile,SharepointREST,EditDocumentFile,,,,false,,true,,Sharepoint
LocalFile,SharepointREST,MoveCheckedoutDocumentToFolder,,,,false,,true,,Sharepoint
LocalFile,SharepointREST,MoveDocumentToHome,,,,false,,true,,Sharepoint
LocalFile,SharepointREST,SearchDocumentViaHome,,,,false,,true,,Sharepoint
LocalFile,SharepointREST,ViewDocumentAsGuest,,,,false,,true,,Sharepoint
LocalFile,SharepointREST,ViewEditedCheckedoutDocument,,,,false,,true,,Sharepoint
LocalFile,SharepointREST,ViewOriginalFileExtensionAfterUnsuccessfulExtensionChange,,,,false,,true,,Sharepoint
LocalFile,SharepointREST,ViewOriginalFileExtensionAfterUnsuccessfulExtensionRemoval,,,,false,,true,,Sharepoint
LocalFile,SharepointREST,ViewRepository,,,,false,,true,,Sharepoint
LocalFile,ContentPagesWithContributedFragments,AddAllThreeContentFragmentsInCollectionDisplayOneCell,,,,true,,true,,Content Pages
LocalFile,ContentPagesWithContributedFragments,AddFragmentToIndividualTabOfTabsFragment,,true,,true,,true,,Content Pages
LocalFile,ContentPagesWithContributedFragments,AddFragmentToOneCellOfCollectionDisplay,,true,,true,,true,,Content Pages
LocalFile,ContentPagesWithContributedFragments,AddFragmentWithTabsFragmentInTheMiddle,,,,true,,true,,Content Pages
LocalFile,ContentPagesWithContributedFragments,AddTabsFragmentToLayoutElements,,,,true,,true,,Content Pages
LocalFile,ContentPagesWithContributedFragments,ClickTabsFragmentTabAndViewHeader,,true,,true,,true,,Content Pages
LocalFile,ContentPagesWithContributedFragments,ClickUnmappedEditableFieldAndMouseOver,,true,,true,,true,,Content Pages
LocalFile,ContentPagesWithContributedFragments,DisplayHighestRatedAssetsInCollectionDisplay,,true,,true,,true,,Content Pages
LocalFile,ContentPagesWithContributedFragments,DisplayMostViewedAssetsInCollectionDisplay,,true,,true,,true,,Content Pages
LocalFile,ContentPagesWithContributedFragments,DisplayRecentContentInCollectionDisplay,,true,,true,,true,,Content Pages
LocalFile,ContentPagesWithContributedFragments,DynamicCollectionWithAnyAssetTypeIsAvailableInCollectionDisplay,,true,,true,,true,,Content Pages
LocalFile,ContentPagesWithContributedFragments,DynamicCollectionWithMoreThanOneAssetTypeIsAvailableInCollectionDisplay,,,,true,,true,,Content Pages
LocalFile,ContentPagesWithContributedFragments,ManualCollectionWithAssetTypesIsAvailableToCollectionDisplay,,true,,true,,true,,Content Pages
LocalFile,ContentPagesWithContributedFragments,MapContentToEditableFieldOfFragmentInCollectionDisplay,,,,true,,true,,Content Pages
LocalFile,ContentPagesWithContributedFragments,MapImageToBackgroundImageOfContainerInCollectionDisplay,,,,true,,true,,Content Pages
LocalFile,ContentPagesWithContributedFragments,MapImageToImageTypeEditableFieldInCollectionDisplay,,,,true,,true,,Content Pages
LocalFile,ContentPagesWithContributedFragments,OnlySelectDocumentsAndMediaViaFragmentWhenItemTypeIsFileEntry,,,,true,,true,,Content Pages
LocalFile,ContentPagesWithContributedFragments,OnlySelectWebContentBasedOnCustomStructureViaFragmentWhenSetItemSubtype,,,,true,,true,,Content Pages
LocalFile,ContentPagesWithContributedFragments,OnlySelectWebContentViaFragmentWhenItemTypeIsJournalArticle,,true,,true,,true,,Content Pages
LocalFile,ContentPagesWithContributedFragments,PropagateChangesOfInlineContentToOtherCellsOfCollectionDisplay,,,,true,,true,,Content Pages
LocalFile,ContentPagesWithContributedFragments,ResizeConfigurationPanelAndCheckRestore,,,,true,,true,,Content Pages
LocalFile,ContentPagesWithContributedFragments,ShowTitleOfCollectionItemsInCollectionDisplay,,true,,true,,true,,Content Pages
LocalFile,ContentPagesWithContributedFragments,ViewAbstractInContentDisplayWithCollectionProvider,,true,,true,,true,,Content Pages
LocalFile,ContentPagesWithContributedFragments,ViewAbstractListItemStyleInDifferentListStyles,,true,,true,,true,,Content Pages
LocalFile,ContentPagesWithContributedFragments,ViewAssetTitleInContentDisplayWithCollectionProvider,,true,,true,,true,,Content Pages
LocalFile,ContentPagesWithContributedFragments,ViewBlogEntryViaContentInCollectionDisplay,,,,true,,true,,Content Pages
LocalFile,ContentPagesWithContributedFragments,ViewDocumentViaContentInCollectionDisplay,,,,true,,true,,Content Pages
LocalFile,ContentPagesWithContributedFragments,ViewFlagsViaContentFlagsInCollectionDisplay,,true,,true,,true,,Content Pages
LocalFile,ContentPagesWithContributedFragments,ViewFullContentInContentDisplayWithCollectionProvider,,true,,true,,true,,Content Pages
LocalFile,ContentPagesWithContributedFragments,ViewFullContentListItemStyleInDifferentListStyles,,true,,true,,true,,Content Pages
LocalFile,ContentPagesWithContributedFragments,ViewNestedContentWhenIncreaseNumberOfTabs,,,,true,,true,,Content Pages
LocalFile,ContentPagesWithContributedFragments,ViewRatingsViaContentRatingsInCollectionDisplay,,true,,true,,true,,Content Pages
LocalFile,ContentPagesWithContributedFragments,ViewTitleListItemStyleInDifferentListStyles,,true,,true,,true,,Content Pages
LocalFile,ContentPagesWithContributedFragments,ViewWebContentViaContentInCollectionDisplay,,true,,true,,true,,Content Pages
LocalFile,ContentPagesWithContributedFragments,ViewWebContentWithCustomTemplateViaContentDisplayInCollectionDisplay,,true,,true,,true,,Content Pages
LocalFile,AccountGroups,AssignAccount,,,,false,,true,,Accounts
LocalFile,AccountGroups,AssignMultipleAccounts,,,,false,,true,,Accounts
LocalFile,AccountGroups,DeleteAccountGroup,,,,false,,true,,Accounts
LocalFile,AccountGroups,RemoveAccount,,,,false,,true,,Accounts
LocalFile,AccountUsers,AddAccountUser,,true,,false,,true,,Accounts
LocalFile,AccountUsers,AddAccountUserViaAssignUser,,,,false,,true,,Accounts
LocalFile,AccountUsers,AssignExistingUserToAccount,,,,false,,true,,Accounts
LocalFile,AccountUsers,DeactivateUser,,,,false,,true,,Accounts
LocalFile,AccountUsers,EditAccountUser,,,,false,,true,,Accounts
LocalFile,AccountUsers,FilterAccountUserInTheUsersAdminPortlet,,,,false,,true,,Accounts
LocalFile,AccountUsers,FilterByAccounts,,,,false,,true,,Accounts
LocalFile,AccountUsers,FilterByNoAssignedAccount,,,,false,,true,,Accounts
LocalFile,AccountUsers,FilterByStatus,,,,false,,true,,Accounts
LocalFile,AccountUsers,ImpersonateUser,,,,false,,true,,Accounts
LocalFile,AccountUsers,RemoveUserFromAccount,,,,false,,true,,Accounts
LocalFile,Accounts,AddAccountWithMultiDomains,,,,false,,true,,Accounts
LocalFile,Accounts,AddBlockedEmailDomain,,,,false,,true,,Accounts
LocalFile,Accounts,AddNewUserViaPersonAccount,,,,false,,true,,Accounts
LocalFile,Accounts,AddPersonAccount,,,,false,,true,,Accounts
LocalFile,Accounts,AddUserWithDifferentDomain,,,,false,,true,,Accounts
LocalFile,Accounts,AddUserWithSameDomain,,,,false,,true,,Accounts
LocalFile,Accounts,AssignOrganizationToAccount,,,,false,,true,,Accounts
LocalFile,Accounts,AssignUserToAccountWithDomain,,,,false,,true,,Accounts
LocalFile,Accounts,CancelAccountCreation,,,,false,,true,,Accounts
LocalFile,Accounts,ChangeAddressType,,true,,false,,true,,Accounts
LocalFile,Accounts,DeleteAccount,,true,,false,,true,,Accounts
LocalFile,Accounts,DeleteAddress,,,,false,,true,,Accounts
LocalFile,Accounts,DeleteInactiveAccount,,,,false,,true,,Accounts
LocalFile,Accounts,EditAccount,,,,false,,true,,Accounts
LocalFile,Accounts,EditAccountCustomField,,,,false,,true,,Accounts
LocalFile,Accounts,FilterByType,,,,false,,true,,Accounts
LocalFile,Accounts,InactiveAccount,,,,false,,true,,Accounts
LocalFile,Accounts,NoFilterByNavigationForPersonAccount,,,,false,,true,,Accounts
LocalFile,Accounts,PersonAccountSmoke,,,,false,,true,,Accounts
LocalFile,Accounts,RemoveAddress,,,,false,,true,,Accounts
LocalFile,Accounts,RemoveDomain,,,,false,,true,,Accounts
LocalFile,Accounts,RemoveDomainFromBlacklist,,,,false,,true,,Accounts
LocalFile,Accounts,SetDefaultAddresses,,,,false,,true,,Accounts
LocalFile,Accounts,Smoke,,true,,false,,true,,Accounts
LocalFile,Accounts,UnassignOrganizationFromAccount,,true,,false,,true,,Accounts
LocalFile,Accounts,UpdateInactiveAccountViaNameLink,,,,false,,true,,Accounts
LocalFile,Accounts,ViewAccountPagination,,,,false,,true,,Accounts
LocalFile,SharedAppBuilder,CreateRemoveUpdateDeleteEntriesOfProductMenuApp,,true,,true,,true,,Shared App Builder
LocalFile,SharedAppBuilder,CreateRemoveUpdateDeleteEntriesOfStandaloneApp,,quarantine,,true,,true,,Shared App Builder
LocalFile,SharedAppBuilder,CreateRemoveUpdateDeleteEntriesOfWidgetApp,,quarantine,,true,,true,,Shared App Builder
LocalFile,SharedAppBuilder,CreateTableViewsWithFixedEntriesFilter,,true,,true,,true,,Shared App Builder
LocalFile,SharedAppBuilder,DeleteFormViewFieldFromObject,,true,,true,,true,,Shared App Builder
LocalFile,SharedAppBuilder,RemoveFormViewFields,,true,,true,,true,,Shared App Builder
LocalFile,SharedAppBuilder,ReuseExistingFormViewFields,,quarantine,,true,,true,,Shared App Builder
LocalFile,AppBuilder,AccessAndSetPermissionsForCustomObject,,true,,true,,true,,App Builder
LocalFile,AppBuilder,AddCustomObjectWithValidName,,true,,true,,true,,App Builder
LocalFile,AppBuilder,AddMultipleFormViewsToTheSameObject,,true,,true,,true,,App Builder
LocalFile,AppBuilder,AddRulesViaFormView,,true,,true,,true,,App Builder
LocalFile,AppBuilder,AddSimpleFormViewWithDateField,,true,,true,,true,,App Builder
LocalFile,AppBuilder,AddSimpleFormViewWithMultipleSelectionField,,true,,true,,true,,App Builder
LocalFile,AppBuilder,AddSimpleFormViewWithNumericField,,true,,true,,true,,App Builder
LocalFile,AppBuilder,AddSimpleFormViewWithSelectFromListField,,true,,true,,true,,App Builder
LocalFile,AppBuilder,AddSimpleFormViewWithSingleSelectionField,,true,,true,,true,,App Builder
LocalFile,AppBuilder,AddSimpleFormViewWithTextField,,true,,true,,true,,App Builder
LocalFile,AppBuilder,AddSimpleFormViewWithUploadField,,true,,true,,true,,App Builder
LocalFile,AppBuilder,AddSimpleTableView,,true,,true,,true,,App Builder
LocalFile,AppBuilder,AttemptToAddCustomObjectWithoutValidName,,true,,true,,true,,App Builder
LocalFile,AppBuilder,ChangeFormViewsListOrderByDate,,true,,true,,true,,App Builder
LocalFile,AppBuilder,ChangeFormViewsListOrderByName,,true,,true,,true,,App Builder
LocalFile,AppBuilder,ChangeTableViewsListOrderByDate,,true,,true,,true,,App Builder
LocalFile,AppBuilder,ChangeTableViewsListOrderByName,,true,,true,,true,,App Builder
LocalFile,AppBuilder,CheckNonRequiredForm,,true,,true,,true,,App Builder
LocalFile,AppBuilder,CheckRequiredForm,,true,,true,,true,,App Builder
LocalFile,AppBuilder,CreateAnEntryWithRepeatableField,,true,,true,,true,,App Builder
LocalFile,AppBuilder,CreateAnEntryWithTranslaedFieldLabel,,quarantine,,true,,true,,App Builder
LocalFile,AppBuilder,DefineDifferentFieldLabelsForDifferentForm,,true,,true,,true,,App Builder
LocalFile,AppBuilder,DefineTranslationCreatedFieldSets,,true,,true,,true,,App Builder
LocalFile,AppBuilder,DefineTranslationForFieldSets,,true,,true,,true,,App Builder
LocalFile,AppBuilder,DeleteCustomObjectWithAssociatedRelationship,,true,,true,,true,,App Builder
LocalFile,AppBuilder,DeleteCustomObjectWithNoAssociatedRelationship,,true,,true,,true,,App Builder
LocalFile,AppBuilder,DeleteFieldSet,,true,,true,,true,,App Builder
LocalFile,AppBuilder,DeleteFormViewThroughActionMenu,,true,,true,,true,,App Builder
LocalFile,AppBuilder,DeletePublishing,,true,,true,,true,,App Builder
LocalFile,AppBuilder,DeleteTableViewThroughActionMenu,,true,,true,,true,,App Builder
LocalFile,AppBuilder,DeployAnAppChoosingBetweenTheExistingFormViews,,true,,true,,true,,App Builder
LocalFile,AppBuilder,DeployAppChoosingBetweenDifferentTableViews,,true,,true,,true,,App Builder
LocalFile,AppBuilder,DeployAppsWithSameFVandTV,,true,,true,,true,,App Builder
LocalFile,AppBuilder,FieldLabelsAreShownAcoordingToTheCurrentFormViewOnRulesSummary,,quarantine,,true,,true,,App Builder
LocalFile,AppBuilder,FormViewClearSearchResults,,true,,true,,true,,App Builder
LocalFile,AppBuilder,FormViewSearchByTerm,,true,,true,,true,,App Builder
LocalFile,AppBuilder,FormViewSearchNoResultsFound,,true,,true,,true,,App Builder
LocalFile,AppBuilder,MakeSureIsNotPossibleSaveEmptyFormView,,,,true,,true,,App Builder
LocalFile,AppBuilder,PlaceFormViewWidget,,true,,true,,true,,App Builder
LocalFile,AppBuilder,PredefinedValuesArePersistedInFormView,,true,,true,,true,,App Builder
LocalFile,AppBuilder,PropagateChangeInTranslatedFieldSet,,true,,true,,true,,App Builder
LocalFile,AppBuilder,PropagateChangesInFieldset,,true,,true,,true,,App Builder
LocalFile,AppBuilder,PropagateChangeTranslatedFieldSetSameObject,,true,,true,,true,,App Builder
LocalFile,AppBuilder,PublishAppAsWidgetAndSubmitEntry,,true,,true,,true,,App Builder
LocalFile,AppBuilder,PublishAppAsWidgetWithOnlyTableView,,true,,true,,true,,App Builder
LocalFile,AppBuilder,PublishAppsInOneOrMoreSites,,quarantine,,true,,true,,App Builder
LocalFile,AppBuilder,PublishAppsInProductMenuAndReuseItsViews,,true,,true,,true,,App Builder
LocalFile,AppBuilder,PublishAppsInStandaloneAndReuseItsViews,,true,,true,,true,,App Builder
LocalFile,AppBuilder,RemoveFieldInMultipleFormViews,,true,,true,,true,,App Builder
LocalFile,AppBuilder,RenameCustomObject,,true,,true,,true,,App Builder
LocalFile,AppBuilder,ReusedTranslatedFieldset,,true,,true,,true,,App Builder
LocalFile,AppBuilder,SearchColumnListInTableViewBuilder,,true,,true,,true,,App Builder
LocalFile,AppBuilder,SearchForDeployedItem,,true,,true,,true,,App Builder
LocalFile,AppBuilder,SearchForObject,,true,,true,,true,,App Builder
LocalFile,AppBuilder,SetAppBuilderManagePermissionFor2RolesAndPerformCRUD,,quarantine,,true,,true,,App Builder
LocalFile,AppBuilder,SetPermissionsFor2RolesAndPerformCRUD,,quarantine,,true,,true,,App Builder
LocalFile,AppBuilder,TableViewClearSearchResults,,true,,true,,true,,App Builder
LocalFile,AppBuilder,TableViewSearchByTerm,,true,,true,,true,,App Builder
LocalFile,AppBuilder,TableViewSearchNoResultsFound,,true,,true,,true,,App Builder
LocalFile,AppBuilder,TranslationsForFormViewObject,,true,,true,,true,,App Builder
LocalFile,AppBuilder,UnpublishAndRepublish,,true,,true,,true,,App Builder
LocalFile,AppBuilder,UpdateDeployment,,quarantine,,true,,true,,App Builder
LocalFile,AppBuilder,UploadFieldEditProperties,,true,,true,,true,,App Builder
LocalFile,AppBuilder,UseExistingFieldSet,,true,,true,,true,,App Builder
LocalFile,AppBuilder,ValidateAppLocalization,,true,,true,,true,,App Builder
LocalFile,AppBuilder,ValidateDisabledFieldInTableView,,true,,true,,true,,App Builder
LocalFile,AppBuilder,ValidateEmptyStateOfAppsListingScreen,,true,,true,,true,,App Builder
LocalFile,AppBuilder,ValidateEmptyStateOfCustomObjectListingScreen,,true,,true,,true,,App Builder
LocalFile,AppBuilder,ValidateEmptyStateOfFormViewListingScreen,,true,,true,,true,,App Builder
LocalFile,AppBuilder,ValidateEmptyStateOfTableViewListingScreen,,true,,true,,true,,App Builder
LocalFile,AppBuilder,ViewEntryDetails,,quarantine,,true,,true,,App Builder
LocalFile,AppBuilder,ViewFieldSetsInTableView,,true,,true,,true,,App Builder
LocalFile,AppBuilder,ViewFormViewRules,,true,,true,,true,,App Builder
LocalFile,AppBuilder,VisualPropertiesAreOverwrittenAndNotPropagatedToTheOthersFormViews,,true,,true,,true,,App Builder
LocalFile,BulkEditing,AddTagToSingleAsset,,,,true,,true,,Bulk Editing
LocalFile,BulkEditing,DeleteCommonCategoryTags,,,,true,,true,,Bulk Editing
LocalFile,BulkEditing,EditAndAppendCategoryTags,,true,,true,,true,,Bulk Editing
LocalFile,BulkEditing,EditAndAppendTags,,,,true,,true,,Bulk Editing
LocalFile,BulkEditing,EditAndReplaceTags,,,,true,,true,,Bulk Editing
LocalFile,BulkEditing,MoveDocumentsToFolder,,,,true,,true,,Bulk Editing
LocalFile,BulkEditing,ReplaceUncommonCategoryTags,,,,true,,true,,Bulk Editing
LocalFile,BulkEditing,SaveTags,,,,true,,true,,Bulk Editing
LocalFile,BulkEditing,ViewEditTagsIconWithWorkflow,,,,true,,true,,Bulk Editing
LocalFile,CalendarCreateResource,AddAndViewOtherCalendars,,,,true,,true,,Calendar
LocalFile,CalendarLocalization,EditLanguageSelectorAndViewEvent,,,,true,,true,,Calendar
LocalFile,CalendarLocalization,ViewShowMoreLocalization,,,,true,,true,,Calendar
LocalFile,CalendarComment,AddToEventAllDay,,,,true,,quarantine,,Calendar
LocalFile,CalendarComment,AddToEventRegular,,true,,true,,quarantine,,Calendar
LocalFile,CalendarComment,AddToEventRepeating,,,,true,,quarantine,,Calendar
LocalFile,CalendarUpgrade,ViewCalendarArchive625,,,,true,,true,Calendar,Upgrades Calendar
LocalFile,CalendarUpgrade,ViewCalendarArchive621015,,,,true,,true,Calendar,Upgrades Calendar
LocalFile,CalendarUpgrade,ViewCalendarArchive621021,,,,true,,true,Calendar,Upgrades Calendar
LocalFile,CalendarEmailTemplate,EditInviteForCalendarResourceCalendar,,,,true,,true,,Calendar
LocalFile,CalendarEmailTemplate,EditInviteForCurrentSiteCalendarsCalendar,,,,true,,true,,Calendar
LocalFile,CalendarEmailTemplate,EditInviteForMyCalendarsCalendar,,,,true,,true,,Calendar
LocalFile,CalendarEmailTemplate,EditInviteForUserCalendar,,,,true,,true,,Calendar
LocalFile,CalendarEmailTemplate,EditReminderForCalendarResourceCalendar,,,,true,,true,,Calendar
LocalFile,CalendarEmailTemplate,EditReminderForCurrentSiteCalendarsCalendar,,,,true,,true,,Calendar
LocalFile,CalendarEmailTemplate,EditReminderForMyCalendarsCalendar,,,,true,,true,,Calendar
LocalFile,CalendarEmailTemplate,EditReminderForUserCalendar,,,,true,,true,,Calendar
LocalFile,CalendarExportImport,ExportUserCalendarAsICS,,,,true,,true,,Calendar
LocalFile,CalendarExportImport,ImportCalendarAndViewEventComment,true,,,true,,true,,Calendar
LocalFile,CalendarExportImport,ImportMicrosoftOutlookCalendarICS,,,,true,,true,,Calendar
LocalFile,CalendarManageResource,Delete,,,,true,,true,,Calendar
LocalFile,CalendarManageResource,Search,,,,true,,true,,Calendar
LocalFile,CalendarManageResource,ViewEventDateAndTimeInResourcesAvailability,,,,true,,true,,Calendar
LocalFile,CalendarManageResource,ViewInactive,,,,true,,true,,Calendar
LocalFile,CalendarManageResource,ViewInvitedResourceAvailability,,,,true,,quarantine,,Calendar
LocalFile,CalendarCreateCalendar,AddCalendarToCurrentSiteCalendars,,,,true,,true,,Calendar
LocalFile,CalendarCreateCalendar,AddCalendarToMyCalendars,,,,true,,true,,Calendar
LocalFile,CalendarCreateCalendar,AddUserCalendarToOtherCalendars,,,,true,,true,,Calendar
LocalFile,CalendarCreateCalendar,ResizeAddedEventsViaEventBlock,,,,false,,true,,Calendar
LocalFile,CalendarCreateCalendar,ViewUserCanAddSiteCalendarsWithCalendarPermissions,,,,true,,true,,Calendar
LocalFile,CalendarRSS,DeleteEventAndViewFeed,true,,,true,,true,,Calendar
LocalFile,CalendarRSS,DisableFeedForSiteCalendar,true,,,true,,true,,Calendar
LocalFile,CalendarRSS,ViewSiteCalendarFeed,true,,,true,,true,,Calendar
LocalFile,CalendarScheduler,ViewCorrectNumberOfWeeksMonthView,,,,true,,true,,Calendar
LocalFile,CalendarScheduler,ViewCreatedEventVisibleOnScheduler,,,,true,,true,,Calendar
LocalFile,CalendarScheduler,ViewDefaultDurationsViaScheduler,,,,true,,true,,Calendar
LocalFile,CalendarScheduler,ViewDisplayedSiteCalendarEventsAsGuest,,,,true,,true,,Calendar
LocalFile,CalendarConfiguration,ConfigureDefaultView,,,,true,,true,,Calendar
LocalFile,CalendarConfiguration,ConfigureDisplayTimeZone,,,,true,,true,,Calendar
LocalFile,CalendarConfiguration,ConfigureEventsDisplaySettingsAndViewEvents,,,,true,,true,,Calendar
LocalFile,CalendarConfiguration,View24hourTimeFormat,,,,true,,true,,Calendar
LocalFile,CalendarConfiguration,ViewCalendarTimeZoneDefaults,,,,true,,quarantine,,Calendar
LocalFile,CalendarConfiguration,ViewEventDetailsAllDayWithModifiedUserTimeZone,,,,true,,quarantine,,Calendar
LocalFile,CalendarConfiguration,ViewWeekStartMonday,,,,true,,true,,Calendar
LocalFile,CalendarConfiguration,ViewWeekStartSaturday,,,,true,,true,,Calendar
LocalFile,CalendarStaging,AddEvent,,,,true,,true,,Calendar
LocalFile,CalendarStaging,InviteUserViaUnpublishedEventAndViewNoResponse,,,,true,,true,,Calendar
LocalFile,CalendarStaging,SchedulePublishToLiveWithEventAndResource,,,,true,,true,Training,Calendar
LocalFile,CalendarManageCalendar,ChangeCalendarTypeForAllDayEvent,,,,true,,true,,Calendar
LocalFile,CalendarManageCalendar,ChangeCalendarTypeForRegularEvent,,,,true,,true,,Calendar
LocalFile,CalendarManageCalendar,ChangeCalendarTypeForRepeatingEvent,,,,true,,true,,Calendar
LocalFile,CalendarManageCalendar,ChangeColorCalendarSiteCalendarsEventRegular,,,,true,,true,,Calendar
LocalFile,CalendarManageCalendar,DeactivateAndDeleteSiteCalendarAndViewSiteCalendarEvent,,,,true,,true,,Calendar
LocalFile,CalendarManageCalendar,DeleteCalendarMyCalendars,,,,true,,true,,Calendar
LocalFile,CalendarManageCalendar,EditCalendarCurrentSiteCalendars,,,,true,,true,,Calendar
LocalFile,CalendarManageCalendar,EditCalendarMyCalendars,,,,true,,true,,Calendar
LocalFile,CalendarManageCalendar,EditCalendarResource,,,,true,,true,,Calendar
LocalFile,CalendarManageCalendar,EditUserCalendarOtherCalendars,,,,true,,true,,Calendar
LocalFile,CalendarManageCalendar,SearchForOtherCalendars,,true,,true,,true,,Calendar
LocalFile,CalendarManageCalendar,SearchForOtherCalendarsAsNonPowerUser,,,,true,,true,,Calendar
LocalFile,CalendarManageCalendar,ViewAvailableCalendars,,,,true,,true,,Calendar
LocalFile,CalendarManageCalendar,ViewCalendarsAfterCancellingEdit,,,,true,,true,,Calendar
LocalFile,CalendarManageCalendar,ViewSiteNameUpdate,,,,true,,true,,Calendar
LocalFile,CalendarManageEvent,DeleteRegular,,,,true,,true,,Calendar
LocalFile,CalendarManageEvent,DeleteRepeatingAllEventsInTheSeries,,,,true,,true,,Calendar
LocalFile,CalendarManageEvent,DeleteRepeatingAllFollowing,,,,true,,true,,Calendar
LocalFile,CalendarManageEvent,DeleteRepeatingOnlyThisInstance,,,,true,,true,,Calendar
LocalFile,CalendarManageEvent,EditAllDay,,,,true,,true,,Calendar
LocalFile,CalendarManageEvent,EditAllDayReminders,,,,true,,true,,Calendar
LocalFile,CalendarManageEvent,EditAllDayWithUserInvite,,,,true,,true,,Calendar
LocalFile,CalendarManageEvent,EditAndViewRSVP,,,,true,,true,,Calendar
LocalFile,CalendarManageEvent,EditRegular,,,,true,,true,,Calendar
LocalFile,CalendarManageEvent,EditRegularReminders,,,,true,,true,,Calendar
LocalFile,CalendarManageEvent,EditRegularWithUserInvite,,,,true,,true,,Calendar
LocalFile,CalendarManageEvent,EditRepeating,,,,true,,true,,Calendar
LocalFile,CalendarManageEvent,EditRepeatingAllEventsInTheSeries,,,,true,,true,,Calendar
LocalFile,CalendarManageEvent,EditRepeatingAllFollowing,,,,true,,true,,Calendar
LocalFile,CalendarManageEvent,EditRepeatingReminders,,,,true,,true,,Calendar
LocalFile,CalendarManageEvent,EditRepeatingWithUserInvite,,,,true,,true,,Calendar
LocalFile,CalendarManageEvent,SearchInSearchPortletWithTag,,,,true,,true,,Calendar
LocalFile,CalendarManageEvent,ViewCalendarChange,,,,true,,true,,Calendar
LocalFile,CalendarManageEvent,ViewCalendarEventDetailViaMailLink,,,,true,,quarantine,,Calendar
LocalFile,CalendarManageEvent,ViewCorrectCalendarOnEventSwitch,,,,true,,true,,Calendar
LocalFile,CalendarCreateEvent,AddAfterClosingModal,,,,true,,true,,Calendar
LocalFile,CalendarCreateEvent,AddAllDay,,true,,true,,true,,Calendar
LocalFile,CalendarCreateEvent,AddAllDayRSVPYes,,,,true,,true,,Calendar
LocalFile,CalendarCreateEvent,AddAllDayWithRemindersEnabled,,,,false,,true,,Calendar
LocalFile,CalendarCreateEvent,AddAllDayWithTag,,,,true,,true,,Calendar
LocalFile,CalendarCreateEvent,AddAllDayWithUserInviteAccept,,,,true,,true,,Calendar
LocalFile,CalendarCreateEvent,AddAsPowerUserWhenSiteMemberNoViewPermissions,,,,true,,true,,Calendar
LocalFile,CalendarCreateEvent,AddEventTwiceViaMyCalendars,,,,true,,true,,Calendar
LocalFile,CalendarCreateEvent,AddRegular,,,,true,,true,,Calendar
LocalFile,CalendarCreateEvent,AddRegularRSVPYes,,,,true,,true,,Calendar
LocalFile,CalendarCreateEvent,AddRegularWithRemindersEnabled,,,,true,,true,,Calendar
LocalFile,CalendarCreateEvent,AddRegularWithTag,,,,true,,true,,Calendar
LocalFile,CalendarCreateEvent,AddRegularWithUserInvite,,,,true,,true,,Calendar
LocalFile,CalendarCreateEvent,AddRegularWithUserInviteAccept,,,,true,,true,,Calendar
LocalFile,CalendarCreateEvent,AddRepeating,,,,true,,true,,Calendar
LocalFile,CalendarCreateEvent,AddRepeatingMonthly2Times,,,,true,,true,,Calendar
LocalFile,CalendarCreateEvent,AddRepeatingRSVPYes,,,,true,,true,,Calendar
LocalFile,CalendarCreateEvent,AddRepeatingWeekly2Times,,,,true,,true,,Calendar
LocalFile,CalendarCreateEvent,AddRepeatingWithEndDateBeforeStartDate,,,,true,,true,,Calendar
LocalFile,CalendarCreateEvent,AddRepeatingWithRemindersEnabled,,,,true,,true,,Calendar
LocalFile,CalendarCreateEvent,AddRepeatingWithTag,,,,true,,true,,Calendar
LocalFile,CalendarCreateEvent,AddRepeatingWithUserInviteAccept,,,,true,,true,,Calendar
LocalFile,CalendarCreateEvent,AddRepeatingYearly,,,,false,,true,,Calendar
LocalFile,CalendarCreateEvent,AddViaScheduler,,,,true,,true,,Calendar
LocalFile,CalendarCreateEvent,AddWithRelatedAssetViaAssetPublisher,,,,true,,true,,Calendar
LocalFile,CalendarCreateEvent,CancelRepeatingDialog,,,,true,,true,,Calendar
LocalFile,CalendarCreateEvent,InviteAndViewAdditionalUsers,,,,true,,true,,Calendar
LocalFile,CalendarCreateEvent,InviteUsersAndViewResponse,,,,true,,true,,Calendar
LocalFile,CommercePayments,CancelPayment,true,false,,true,,true,,Commerce
LocalFile,CommercePayments,MoneyOrderCheckout,true,false,,true,,true,,Commerce
LocalFile,CommerceFacets,AssertProductsAreFilteredByCategoryFacet,true,false,,true,,true,,Commerce
LocalFile,CommerceFacets,AssertProductsAreFilteredByOptionFacet,true,false,,true,,true,,Commerce
LocalFile,CommerceFacets,AssertProductsAreFilteredByPriceRangeFacet,true,false,,true,,true,,Commerce
LocalFile,CommerceFacets,AssertProductsAreFilteredBySpecificationFacet,true,false,,true,,true,,Commerce
LocalFile,CommerceCompare,AddComparisonItemFromProductDetailsPage,true,false,,true,,true,,Commerce
LocalFile,CommerceCompare,AssertComparisonItemsAreVisibleOnMiniCompare,true,false,,true,,true,,Commerce
LocalFile,CommerceCompare,EditMaxNumberOfComparisonItemsInComparePage,true,false,,true,,true,,Commerce
LocalFile,CommerceCompare,EditMaxNumberOfComparisonItemsInMiniCompare,true,false,,true,,true,,Commerce
LocalFile,CommerceCompare,RemoveComparisonItemFromComparePage,true,false,,true,,true,,Commerce
LocalFile,CommerceCompare,RemoveComparisonItemFromMiniCompare,true,false,,true,,true,,Commerce
LocalFile,CommerceCompare,RemoveComparisonItemFromProductDetailsPage,true,false,,true,,true,,Commerce
LocalFile,CommerceCompare,ViewProductOptionsAndSpecificationsWhenComparingItemsInComparePage,true,false,,true,,true,,Commerce
LocalFile,CommerceAccountSelector,AssertAccountSelectorIsClosedAfterGlobalSearchIsOpened,true,false,,true,,true,,Commerce
LocalFile,CommerceAccountSelector,AssertAccountSelectorIsClosedAfterMiniCartIsOpened,true,false,,true,,true,,Commerce
LocalFile,CommerceAccountSelector,AssertActiveAccountIsVisibleOnAccountSelectorBar,true,false,,true,,true,,Commerce
LocalFile,CommerceAccountSelector,AssertActiveAccountIsVisibleOnAccountSelectorDropdown,true,false,,true,,true,,Commerce
LocalFile,CommerceAccountSelector,ChangeActiveAccountFromAccountsList,true,false,,true,,true,,Commerce
LocalFile,CommerceAccountSelector,ChangeActiveOrderFromOrdersList,true,false,,true,,true,,Commerce
LocalFile,CommerceAccountSelector,CreateNewOrderFromAccountSelectorDropdown,true,false,,true,,true,,Commerce
LocalFile,CommerceAccountSelector,SearchForAnAccountAndSelectItAsActive,true,false,,true,,true,,Commerce
LocalFile,CommerceAccountSelector,SearchForAnOrderAndSelectItAsActive,true,false,,true,,true,,Commerce
LocalFile,CommerceAccountSelector,ViewAccountSelectorDropdownAccountsList,true,false,,true,,true,,Commerce
LocalFile,CommerceAccountSelector,ViewAccountSelectorDropdownOrdersList,true,false,,true,,true,,Commerce
LocalFile,CommerceAccountManagement,AddAddressToAccount,true,false,,true,,true,,Commerce
LocalFile,CommerceAccountManagement,AddOrganizationToAccount,true,false,,true,,true,,Commerce
LocalFile,CommerceAccountManagement,AssertOrganizationThatIsPartOfTheAccountCannotBeAddedAgain,true,false,,true,,true,,Commerce
LocalFile,CommerceAccountManagement,AssertUserThatIsPartOfTheAccountCannotBeAddedAgain,true,false,,true,,true,,Commerce
LocalFile,CommerceAccountManagement,EditAccountDetails,true,false,,true,,true,,Commerce
LocalFile,CommerceAccountManagement,EditAddressInAccount,true,false,,true,,true,,Commerce
LocalFile,CommerceAccountManagement,RemoveAddressFromAccount,true,false,,true,,true,,Commerce
LocalFile,CommerceAccountManagement,RemoveOrganizationFromAccount,true,false,,true,,true,,Commerce
LocalFile,CommerceAccountManagement,RemoveUserFromAccount,true,false,,true,,true,,Commerce
LocalFile,CommerceAccountManagement,SearchAnAccountAddress,true,false,,true,,true,,Commerce
LocalFile,CommerceAccountManagement,SearchAnAccountMember,true,false,,true,,true,,Commerce
LocalFile,CommerceAccountManagement,SearchAnAccountOrganization,true,false,,true,,true,,Commerce
LocalFile,CPCommerceCurrencies,CreateAndUpdateNewCurrency,true,false,,true,,true,,Commerce
LocalFile,CPCommerceCurrencies,DeactivateCurrency,true,false,,true,,true,,Commerce
LocalFile,CPCommerceCurrencies,SortCurrenciesByPriority,true,false,,true,,true,,Commerce
LocalFile,CPCommerceCurrencies,ViewInstanceCurrenciesAvailable,,true,,true,,true,,Commerce
LocalFile,CommerceFrontStore,ViewStoreFrontSimpleProduct,,true,,true,,true,,Commerce
LocalFile,CPCommerceOptions,CreateAnOption,,true,,true,,true,,Commerce
LocalFile,CPCommerceOptions,RemoveAnOption,true,false,,true,,true,,Commerce
LocalFile,CPCommerceProductMedia,AddAnAttachment,true,false,,true,,true,,Commerce
LocalFile,CPCommerceProductMedia,AddAnAttachmentToAnOption,true,false,,true,,true,,Commerce
LocalFile,CPCommerceProductMedia,AddAnImage,true,false,,true,,true,,Commerce
LocalFile,CPCommerceProductMedia,AddAnImageToAnOption,true,false,,true,,true,,Commerce
LocalFile,CPCommerceProductMedia,EditAnAttachment,true,false,,true,,true,,Commerce
LocalFile,CPCommerceProductMedia,EditAnImage,true,false,,true,,true,,Commerce
LocalFile,CPCommerceProductMedia,RemoveAnAttachment,true,false,,true,,true,,Commerce
LocalFile,CPCommerceProductMedia,RemoveAnImage,true,false,,true,,true,,Commerce
LocalFile,CPCommerceChannels,ActiveAllTaxCalculations,true,false,,true,,true,,Commerce
LocalFile,CPCommerceChannels,AddShippingOptionFedEx,true,false,,true,,true,,Commerce
LocalFile,CPCommerceChannels,AddShippingOptionFlatRate,true,false,,true,,true,,Commerce
LocalFile,CPCommerceChannels,AddShippingOptionSettingVariableRate,true,false,,true,,true,,Commerce
LocalFile,CPCommerceChannels,AddShippingOptionVariableRate,true,false,,true,,true,,Commerce
LocalFile,CPCommerceChannels,AddTaxRateSettingsByAddressTaxCalculation,true,false,,true,,true,,Commerce
LocalFile,CPCommerceChannels,AddTaxRateSettingsFixedTaxRateTaxCalculation,true,false,,true,,true,,Commerce
LocalFile,CPCommerceChannels,CreateCategoryDisplayPage,true,false,,true,,true,,Commerce
LocalFile,CPCommerceChannels,CreateNewChannel,,true,,true,,true,,Commerce
LocalFile,CPCommerceChannels,CreateNewChannelCompileAll,true,false,,true,,true,,Commerce
LocalFile,CPCommerceChannels,CreateNewNotificationTemplate,,quarantine,,true,,true,,Commerce
LocalFile,CPCommerceChannels,CreateProductDisplayPage,true,false,,true,,true,,Commerce
LocalFile,CPCommerceChannels,EditAuthorizePaymentMethod,true,false,,true,,true,,Commerce
LocalFile,CPCommerceChannels,EditAvalaraTaxCalculation,true,false,,true,,true,,Commerce
LocalFile,CPCommerceChannels,EditCategoryDisplayPage,true,false,,true,,true,,Commerce
LocalFile,CPCommerceChannels,EditConfigurationRemoteTaxCalculation,true,false,,true,,true,,Commerce
LocalFile,CPCommerceChannels,EditMercanetPaymentMethod,true,false,,true,,true,,Commerce
LocalFile,CPCommerceChannels,EditMoneyOrderPaymentMethod,true,false,,true,,true,,Commerce
LocalFile,CPCommerceChannels,EditNotificationTemplate,true,false,,true,,true,,Commerce
LocalFile,CPCommerceChannels,EditPaypalPaymentMethod,true,false,,true,,true,,Commerce
LocalFile,CPCommerceChannels,EditProductDisplayPage,true,false,,true,,true,,Commerce
LocalFile,CPCommerceChannels,RemoveCategoryDisplayPage,true,false,,true,,true,,Commerce
LocalFile,CPCommerceChannels,RemoveNotificationQueue,true,false,,true,,true,,Commerce
LocalFile,CPCommerceChannels,RemoveNotificationTemplate,true,false,,true,,true,,Commerce
LocalFile,CPCommerceChannels,RemoveProductDisplayPage,true,false,,true,,true,,Commerce
LocalFile,CPCommerceChannels,RemoveShippingOptionFlatRate,true,false,,true,,true,,Commerce
LocalFile,CPCommerceChannels,RemoveShippingOptionVariableRate,true,false,,true,,true,,Commerce
LocalFile,CPCommerceChannels,RemoveShippingSettingOptionVariableRate,true,false,,true,,true,,Commerce
LocalFile,CPCommerceChannels,RemoveTaxRateSettingsByAddressTaxCalculation,true,false,,true,,true,,Commerce
LocalFile,CPCommerceChannels,RemoveTaxRateSettingsFixedTaxRateTaxCalculation,true,false,,true,,true,,Commerce
LocalFile,CPCommerceChannels,UsePunchOut,true,false,,true,,true,,Commerce
LocalFile,CPCommerceChannels,UseSearchBar,true,false,,true,,true,,Commerce
LocalFile,CPCommerceChannels,VerifyNotificationQueue,true,false,,true,,true,,Commerce
LocalFile,CommerceMiniCart,AssertOnlyAllowedQuantitiesAreSelectableInMiniCartItem,true,false,,true,,true,,Commerce
LocalFile,CommerceMiniCart,AssertOnlyMultipleValuesAreSelectableQuantitiesInMiniCartItem,true,false,,true,,true,,Commerce
LocalFile,CommerceMiniCart,AssertQuantityInMiniCartItemCanBeSelectedUpToAMaximumQuantitySet,true,false,,true,,true,,Commerce
LocalFile,CommerceMiniCart,AssertSelectableQuantitiesInMiniCartItemStartFromMinimumQuantitySet,true,false,,true,,true,,Commerce
LocalFile,CommerceMiniCart,EditBundledProductQuantityFromMiniCart,true,false,,true,,true,,Commerce
LocalFile,CommerceMiniCart,EditCartItemQuantityFromMiniCart,true,false,,true,,true,,Commerce
LocalFile,CommerceMiniCart,RemoveAllItemsFromMiniCart,true,false,,true,,true,,Commerce
LocalFile,CommerceMiniCart,RemoveSingleCartItemFromMiniCart,true,false,,true,,true,,Commerce
LocalFile,CommerceMiniCart,ViewFirstSelectableQuantityInMiniCartItemWhenMinimumOrderQuantityIsHigherThanMultipleOrderQuantity,true,false,,true,,true,,Commerce
LocalFile,CommerceMiniCart,ViewFirstSelectableQuantityInMiniCartItemWhenMinimumOrderQuantityIsLowerThanMultipleOrderQuantity,true,false,,true,,true,,Commerce
LocalFile,CommerceMiniCart,ViewMiniCartBundledProductDetails,true,false,,true,,true,,Commerce
LocalFile,CommerceMiniCart,ViewMiniCartItemDetails,true,false,,true,,true,,Commerce
LocalFile,CommerceMiniCart,ViewMiniCartItemWithDiscount,true,false,,true,,true,,Commerce
LocalFile,CommerceMiniCart,ViewMiniCartItemWithDiscountLevels,true,false,,true,,true,,Commerce
LocalFile,CommerceMiniCart,ViewMiniCartItemWithDiscountToSubtotal,true,false,,true,,true,,Commerce
LocalFile,CommerceMiniCart,ViewMiniCartItemWithDiscountToTotal,true,false,,true,,true,,Commerce
LocalFile,CommerceMiniCart,ViewMiniCartItemWithPromotion,true,false,,true,,true,,Commerce
LocalFile,CommerceMiniCart,ViewMiniCartItemWithTierPrice,true,false,,true,,true,,Commerce
LocalFile,CPCommerceProductConfigurations,UseConfiguration,true,false,,true,,true,,Commerce
LocalFile,CPCommerceProductOptions,CreateAnOptionForAllTheFieldType,true,false,,true,,true,,Commerce
LocalFile,CPCommerceProductOptions,EditAndRemoveAnOptionWithValues,true,false,,true,,true,,Commerce
LocalFile,CPCommerceProductProductRelations,AddAProductRelations,true,false,,true,,true,,Commerce
LocalFile,CPCommerceProductProductRelations,EditAProductRelations,true,false,,true,,true,,Commerce
LocalFile,CPCommerceProductProductRelations,RemoveAProductRelations,true,false,,true,,true,,Commerce
LocalFile,CommerceProductDetails,AddProductToCartFromProductDetails,true,false,,true,,true,,Commerce
LocalFile,CommerceProductDetails,AddProductToWishListFromProductDetails,true,false,,true,,true,,Commerce
LocalFile,CommerceProductDetails,AssertOnlyAllowedQuantitiesAreSelectableInProductDetails,true,false,,true,,true,,Commerce
LocalFile,CommerceProductDetails,AssertOnlyMultipleValuesAreSelectableQuantitiesInProductDetails,true,false,,true,,true,,Commerce
LocalFile,CommerceProductDetails,AssertProductCanBeAddedToCartFromProductDetailsIfBackOrderIsEnabled,true,false,,true,,true,,Commerce
LocalFile,CommerceProductDetails,AssertProductCannotBeAddedToCartFromProductDetailsIfProductIsNotPurchasable,true,false,,true,,true,,Commerce
LocalFile,CommerceProductDetails,AssertQuantityInProductDetailsCanBeSelectedUpToAMaximumQuantitySet,true,false,,true,,true,,Commerce
LocalFile,CommerceProductDetails,AssertSelectableQuantitiesInProductDetailsStartFromMinimumQuantitySet,true,false,,true,,true,,Commerce
LocalFile,CommerceProductDetails,RemoveProductFromWishListFromProductDetails,true,false,,true,,true,,Commerce
LocalFile,CommerceProductDetails,SelectOptionValueAndAddProductToCart,true,false,,true,,true,,Commerce
LocalFile,CommerceProductDetails,SelectOptionValueAndAssertProductPriceIsUpdated,true,false,,true,,true,,Commerce
LocalFile,CommerceProductDetails,ViewFirstSelectableQuantityInProductDetailsWhenMinimumOrderQuantityIsHigherThanMultipleOrderQuantity,true,false,,true,,true,,Commerce
LocalFile,CommerceProductDetails,ViewFirstSelectableQuantityInProductDetailsWhenMinimumOrderQuantityIsLowerThanMultipleOrderQuantity,true,false,,true,,true,,Commerce
LocalFile,CommerceProductDetails,ViewProductDetailsPriceWithPromotion,true,false,,true,,true,,Commerce
LocalFile,CommerceProductDetails,ViewProductDetailsWidget,true,false,,true,,true,,Commerce
LocalFile,CPCommerceDiscounts,AddEditAndDeleteDiscountEntry,true,false,,true,,true,,Commerce
LocalFile,CPCommerceDiscounts,AddEditAndRemoveDiscountRule,true,false,,true,,true,,Commerce
LocalFile,CPCommerceDiscounts,AssertDiscountIsAppliedToChannel,,true,,true,,true,,Commerce
LocalFile,CPCommerceDiscounts,CreateNewDiscount,,true,,true,,true,,Commerce
LocalFile,CPCommerceDiscounts,LimitCouponCodeUsability,true,false,,true,,true,,Commerce
LocalFile,CPCommerceDiscounts,ViewCouponCodeNotAppliedToNotQualifiedAccount,true,false,,true,,true,,Commerce
LocalFile,CPCommerceDiscounts,ViewExpiredDiscountEntry,true,false,,true,,true,,Commerce
LocalFile,CommerceLicense,AggregatedKeys,,,,true,,false,,Commerce
LocalFile,CommerceLicense,AssertLicensesAppliedOnRestarts,,,,true,,false,,Commerce
LocalFile,CommerceLicense,CombinedXML,,,,true,,false,,Commerce
LocalFile,CommerceLicense,DeleteEnterpriseLicenseModule,,,,true,,false,,Commerce
LocalFile,CommerceLicense,DeleteLiferayDXPLicense,,,,true,,false,,Commerce
LocalFile,CommerceLicense,DeleteModuleLicense,,,,true,,false,,Commerce
LocalFile,CommerceLicense,DeployCommerceLicenseBinaryFile,,,,true,,false,,Commerce
LocalFile,CommerceLicense,DeployModuleLicenseToLCSPortal,true,,,true,,false,,Commerce
LocalFile,CommerceLicense,DeployToOSGIDirectory,,,,true,,false,,Commerce
LocalFile,CommerceLicense,EnableCommerceAfterPortalStarts,,,,true,,false,,Commerce
LocalFile,CommerceLicense,MatchHostName,,,,true,,false,,Commerce
LocalFile,CommerceLicense,MatchIPAddress,,,,true,,false,,Commerce
LocalFile,CommerceLicense,MatchMacAddress,,,,true,,false,,Commerce
LocalFile,CommerceLicense,ModuleLicenseExpiration,,,,true,,false,,Commerce
LocalFile,CommerceLicense,ModuleLicenseExpirationNonAdmin,,,,true,,false,,Commerce
LocalFile,CommerceLicense,ModuleLicenseExpirationNotShownToNonAdmin,,,,true,,false,,Commerce
LocalFile,CommerceLicense,ModuleLicenseExpirationWarning,,,,true,,false,,Commerce
LocalFile,CommerceLicense,ViewCommerceEnabled,,,,true,,false,,Commerce
LocalFile,CPCommerceProductSKUs,AddASKUWithSubscriptions,true,false,,true,,true,,Commerce
LocalFile,CPCommerceProductSKUs,RemoveASKU,true,false,,true,,true,,Commerce
LocalFile,CommerceSearch,GlobalSearchSearchEntryInAccounts,true,false,,true,,true,,Commerce
LocalFile,CommerceSearch,GlobalSearchSearchEntryInAllContent,true,false,,true,,true,,Commerce
LocalFile,CommerceSearch,GlobalSearchSearchEntryInCatalog,true,false,,true,,true,,Commerce
LocalFile,CommerceSearch,GlobalSearchSearchEntryInOrders,true,false,,true,,true,,Commerce
LocalFile,CommerceSearch,GlobalSearchSearchProductsByCategories,true,false,,true,,true,,Commerce
LocalFile,CommerceSearch,GlobalSearchSearchProductsBySKUs,true,false,,true,,true,,Commerce
LocalFile,CommerceSearch,GlobalSearchSearchProductsBySpecificationValues,true,false,,true,,true,,Commerce
LocalFile,CommerceSearch,GlobalSearchSuggestedAccountsEntry,true,false,,true,,true,,Commerce
LocalFile,CommerceSearch,GlobalSearchSuggestedCatalogEntries,true,false,,true,,true,,Commerce
LocalFile,CommerceSearch,GlobalSearchSuggestedOrdersEntries,true,false,,true,,true,,Commerce
LocalFile,CommerceSearch,SearchBarWidgetSearchProductByName,true,false,,true,,true,,Commerce
LocalFile,CommerceSearch,SearchBarWidgetSearchProductByNameDoubleQuotes,true,false,,true,,true,,Commerce
LocalFile,CommerceSearch,SearchBarWidgetSearchProductByNameSingleQuotes,true,false,,true,,true,,Commerce
LocalFile,CommerceSearch,SearchBarWidgetSearchProductBySKU,true,false,,true,,true,,Commerce
LocalFile,CommerceSearch,SearchBarWidgetSearchProductsByCategory,true,false,,true,,true,,Commerce
LocalFile,CommerceSearch,SearchBarWidgetSearchProductsByDifferentCategories,true,false,,true,,true,,Commerce
LocalFile,CommerceSearch,SearchBarWidgetSearchProductsByDifferentSKUs,true,false,,true,,true,,Commerce
LocalFile,CommerceSearch,SearchBarWidgetSearchProductsByDifferentSpecificationValues,true,false,,true,,true,,Commerce
LocalFile,CommerceSearch,SearchBarWidgetSearchProductsBySpecificationValue,true,false,,true,,true,,Commerce
LocalFile,CommerceSearch,SearchResultsWidgetChangeNumberOfItemsToDisplayFromPaginationBar,true,false,,true,,true,,Commerce
LocalFile,CommerceSearch,SearchResultsWidgetChangeResultsPage,true,false,,true,,true,,Commerce
LocalFile,CommerceSearch,SearchResultsWidgetEditNumberOfItemsToDisplayFromConfiguration,true,false,,true,,true,,Commerce
LocalFile,CPCommerceProductVisibility,AddAccountGroupFilter,true,false,,true,,true,,Commerce
LocalFile,CPCommerceProductVisibility,AddAChannelFilter,true,false,,true,,true,,Commerce
LocalFile,CPCommerceProductVisibility,RemoveAccountGroupFilter,true,false,,true,,true,,Commerce
LocalFile,CPCommerceProductVisibility,RemoveAChannelFilter,true,false,,true,,true,,Commerce
LocalFile,CPCommerceShipments,AddItemsToShipment,true,false,,true,,true,,Commerce
LocalFile,CPCommerceShipments,AssertAddingNonShippableItemToShipmentNotPossible,true,false,,true,,true,,Commerce
LocalFile,CPCommerceShipments,AssertProductShipmentInfoOverrideCPInstanceShipmentInfo,true,false,,true,,true,,Commerce
LocalFile,CPCommerceShipments,AssertShipmentDimensionsIsCorrectlyCalculated,true,false,,true,,true,,Commerce
LocalFile,CPCommerceShipments,AssertShipmentItemTakenFromActiveWarehouses,true,false,,true,,true,,Commerce
LocalFile,CPCommerceShipments,AssertShipmentWeightIsCorrectlyCalculated,true,false,,true,,true,,Commerce
LocalFile,CPCommerceShipments,AssertShippedShipmentNotDeletable,true,false,,true,,true,,Commerce
LocalFile,CPCommerceShipments,CreateMultipleShipmentsForOneOrder,true,false,,true,,true,,Commerce
LocalFile,CPCommerceShipments,CreateOrderShipment,true,false,,true,,true,,Commerce
LocalFile,CPCommerceShipments,DeleteShipment,true,false,,true,,true,,Commerce
LocalFile,CPCommerceShipments,ExecuteShipmentWorkflow,true,false,,true,,true,,Commerce
LocalFile,CPCommerceShipments,FilterAndSortShipments,true,false,,true,,true,,Commerce
LocalFile,CPCommerceShipments,RemoveItemFromShipment,true,false,,true,,true,,Commerce
LocalFile,CPCommerceShipments,SearchShipment,true,false,,true,,true,,Commerce
LocalFile,CPCommerceShipments,UpdateShipmentAddress,true,false,,true,,true,,Commerce
LocalFile,CPCommerceShipments,UpdateShipmentItems,true,false,,true,,true,,Commerce
LocalFile,CPCommerceShipments,ValidateShipmentAddress,true,false,,true,,true,,Commerce
LocalFile,CPCommerceShipments,ViewOrderShipmentAmountIsCorrect,true,false,,true,,true,,Commerce
LocalFile,CPCommerceShipments,ViewOrderShipmentDiscountAmountIsCorrect,true,false,,true,,true,,Commerce
LocalFile,CPCommerceCatalogs,AddAnImageToCatalogAndRemove,true,false,,true,,true,,Commerce
LocalFile,CPCommerceCatalogs,CreateNewCatalog,,true,,true,,true,,Commerce
LocalFile,CPCommerceCatalogs,EditACatalog,true,false,,true,,true,,Commerce
LocalFile,CPCommerceCatalogs,EditAPermissionOnACatalog,true,false,,true,,true,,Commerce
LocalFile,CPCommerceCatalogs,RemoveACatalog,true,false,,true,,true,,Commerce
LocalFile,CPCommerceSubscriptions,CreateAndUpdateDeliverySubscription,true,false,,true,,true,,Commerce
LocalFile,CPCommerceSubscriptions,SubscriptionLifecycle,true,false,,true,,true,,Commerce
LocalFile,CPCommerceSubscriptions,SubscriptionNotifications,true,false,,true,,true,,Commerce
LocalFile,CPCommerceProductProductGroups,AddANewProductGroup,true,false,,true,,true,,Commerce
LocalFile,CPCommerceProductProductGroups,AddAPreExistingProductGroup,true,false,,true,,true,,Commerce
LocalFile,CPCommerceProductProductGroups,EditAProductGroup,true,false,,true,,true,,Commerce
LocalFile,CPCommerceProductProductGroups,RemoveAProductGroup,true,false,,true,,true,,Commerce
LocalFile,CPCommerceProductSubscriptions,UseSubscriptions,true,false,,true,,true,,Commerce
LocalFile,SFCommerceOrders,CreateNewOrderFromPendingOrdersPage,true,false,,true,,true,,Commerce
LocalFile,SFCommerceOrders,DeleteOrderFromPendingOrderDetailsPage,true,false,,true,,true,,Commerce
LocalFile,SFCommerceOrders,EditOrderFromPendingOrderDetailsPage,true,false,,true,,true,,Commerce
LocalFile,SFCommerceOrders,ReorderFromPlacedOrdersDetailsPage,true,false,,true,,true,,Commerce
LocalFile,SFCommerceOrders,SearchOrderInPendingOrdersPage,true,false,,true,,true,,Commerce
LocalFile,SFCommerceOrders,SearchOrderInPlacedOrdersPage,true,false,,true,,true,,Commerce
LocalFile,SFCommerceOrders,ViewListOfShipmentsInPlacedOrdersDetailsPage,true,false,,true,,true,,Commerce
LocalFile,CommerceProductCard,AddProductToWishListFromProductCard,true,false,,true,,true,,Commerce
LocalFile,CommerceProductCard,AssertDefaultChannelCurrencyIsAppliedToProductCard,true,false,,true,,true,,Commerce
LocalFile,CommerceProductCard,AssertMultipleSKUProductCannotBeDirectlyAddedToCart,true,false,,true,,true,,Commerce
LocalFile,CommerceProductCard,AssertOnlyAllowedQuantitiesAreSelectable,true,false,,true,,true,,Commerce
LocalFile,CommerceProductCard,AssertOnlyMultipleValuesAreSelectableQuantities,true,false,,true,,true,,Commerce
LocalFile,CommerceProductCard,AssertProductCanBeAddedToCartIfBackOrderIsEnabled,true,false,,true,,true,,Commerce
LocalFile,CommerceProductCard,AssertProductCannotBeAddedToCartIfProductIsNotPurchasable,true,false,,true,,true,,Commerce
LocalFile,CommerceProductCard,AssertProductCardCurrencyAfterChannelCurrencyChanged,true,false,,true,,true,,Commerce
LocalFile,CommerceProductCard,AssertProductCardImageRedirectsToProductDetailsPage,true,false,,true,,true,,Commerce
LocalFile,CommerceProductCard,AssertProductCardShowsCatalogDefaultImage,true,false,,true,,true,,Commerce
LocalFile,CommerceProductCard,AssertProductCardShowsCustomImageIfSet,true,false,,true,,true,,Commerce
LocalFile,CommerceProductCard,AssertProductIsAvailable,true,false,,true,,true,,Commerce
LocalFile,CommerceProductCard,AssertProductIsUnavailable,true,false,,true,,true,,Commerce
LocalFile,CommerceProductCard,AssertProductNameIsTranslated,true,false,,true,,true,,Commerce
LocalFile,CommerceProductCard,AssertQuantityCanBeSelectedUpToAMaximumQuantitySet,true,false,,true,,true,,Commerce
LocalFile,CommerceProductCard,AssertSelectableQuantitiesStartFromMinimumQuantitySet,true,false,,true,,true,,Commerce
LocalFile,CommerceProductCard,AssertViewAllVariantsButtonRedirectsToProductDetailsPage,true,false,,true,,true,,Commerce
LocalFile,CommerceProductCard,CompareProductFromProductCard,true,false,,true,,true,,Commerce
LocalFile,CommerceProductCard,RemoveProductFromComparisonItems,true,false,,true,,true,,Commerce
LocalFile,CommerceProductCard,RemoveProductFromWishList,true,false,,true,,true,,Commerce
LocalFile,CommerceProductCard,ViewFirstSelectableQuantityWhenMinimumOrderQuantityIsHigherThanMultipleOrderQuantity,true,false,,true,,true,,Commerce
LocalFile,CommerceProductCard,ViewFirstSelectableQuantityWhenMinimumOrderQuantityIsLowerThanMultipleOrderQuantity,true,false,,true,,true,,Commerce
LocalFile,CommerceProductCard,ViewProductCardPrice,true,false,,true,,true,,Commerce
LocalFile,CommerceProductCard,ViewProductCardPriceWithDiscount,true,false,,true,,true,,Commerce
LocalFile,CommerceProductCard,ViewProductCardPriceWithPriceModifier,true,false,,true,,true,,Commerce
LocalFile,CommerceProductCard,ViewProductCardPriceWithPromotion,true,false,,true,,true,,Commerce
LocalFile,CommerceProductCard,ViewProductCardSKU,true,false,,true,,true,,Commerce
LocalFile,CommerceProductCard,ViewProductCardStartingPrice,true,false,,true,,true,,Commerce
LocalFile,CPCommerceSpecifications,EditSpecificationGroup,true,false,,true,,true,,Commerce
LocalFile,CPCommerceSpecifications,EditSpecificationLabel,true,false,,true,,true,,Commerce
LocalFile,CPCommerceSpecifications,RemoveSpecificationGroup,true,false,,true,,true,,Commerce
LocalFile,CPCommerceSpecifications,RemoveSpecificationLabel,true,false,,true,,true,,Commerce
LocalFile,CPCommerceSettings,CreateNewAvailabilityEstimate,,true,,true,,true,,Commerce
LocalFile,CPCommerceSettings,CreateNewCountry,,false,,true,,false,,Commerce
LocalFile,CPCommerceSettings,CreateNewMeasurementUnits,,true,,true,,true,,Commerce
LocalFile,CPCommerceSettings,ViewInstanceCurrenciesAvailable,,true,,true,,true,,Commerce
LocalFile,CPCommerceWarehouses,AddEditAndRemoveItemToWarehouse,true,false,,true,,true,,Commerce
LocalFile,CPCommerceWarehouses,AddIncomeItems,true,false,,true,,true,,Commerce
LocalFile,CPCommerceWarehouses,ConsumeBookedQuantitiesFromMultipleWarehouses,true,false,,true,,true,,Commerce
LocalFile,CPCommerceWarehouses,ConsumeQuantitiesFromMultipleWarehouses,true,false,,true,,true,,Commerce
LocalFile,CPCommerceWarehouses,CreateAndUpdateNewWarehouse,true,false,,true,,true,,Commerce
LocalFile,CPCommerceWarehouses,DeactivateWarehouse,true,false,,true,,true,,Commerce
LocalFile,CPCommerceWarehouses,GetAvailableQuantityFromMultipleWarehouses,true,false,,true,,true,,Commerce
LocalFile,CPCommerceWarehouses,GetChannelSKUStockQuantity,true,false,,true,,true,,Commerce
LocalFile,CPCommerceWarehouses,GetSKUStockQuantity,true,false,,true,,true,,Commerce
LocalFile,CPCommerceWarehouses,GetWarehouseNameGivenChannel,true,false,,true,,true,,Commerce
LocalFile,CPCommerceWarehouses,LimitWarehouseStockQuantityByChannel,true,false,,true,,true,,Commerce
LocalFile,CPCommerceWarehouses,ManageInventoryEntityConcurrency,true,false,,true,,true,,Commerce
LocalFile,CPCommerceWarehouses,UpdateInventorySKUQuantity,true,false,,true,,true,,Commerce
LocalFile,CommerceSort,AssertProductsAreSortedByNameAscending,true,false,,true,,true,,Commerce
LocalFile,CommerceSort,AssertProductsAreSortedByNameDescending,true,false,,true,,true,,Commerce
LocalFile,CommerceSort,AssertProductsAreSortedByNewItems,true,false,,true,,true,,Commerce
LocalFile,CommerceSort,AssertProductsAreSortedByPriceHighToLow,true,false,,true,,true,,Commerce
LocalFile,CommerceSort,AssertProductsAreSortedByPriceLowToHigh,true,false,,true,,true,,Commerce
LocalFile,CommerceSort,AssertProductsAreSortedByRelevance,true,false,,true,,true,,Commerce
LocalFile,CPCommerceOrders,AccountMaximumOpenOrderActive,true,false,,true,,true,,Commerce
LocalFile,CPCommerceOrders,CancelShipmentAndCreateNewFromPendingOrder,true,false,,true,,true,,Commerce
LocalFile,CPCommerceOrders,EditOrder,,quarantine,,quarantine,,quarantine,,Commerce
LocalFile,CPCommerceOrders,EditOrderCheckingOutViaOrderDetails,,true,,true,,true,,Commerce
LocalFile,CPCommerceOrders,EditOrderPaymentMethod,true,false,,true,,true,,Commerce
LocalFile,CPCommerceOrders,EditOrderPaymentStatus,true,false,,true,,true,,Commerce
LocalFile,CPCommerceOrders,FilterOrderByAccount,true,false,,true,,true,,Commerce
LocalFile,CPCommerceOrders,FilterOrderByChannel,true,false,,true,,true,,Commerce
LocalFile,CPCommerceOrders,FilterOrderByOrderDataRange,true,false,,true,,true,,Commerce
LocalFile,CPCommerceOrders,FilterOrderByStatus,true,false,,true,,true,,Commerce
LocalFile,CPCommerceOrders,FulfillOrder,true,false,,true,,true,,Commerce
LocalFile,CPCommerceOrders,FulfillOrderWithBuyerOrderApprovalWorkflowActive,true,false,,true,,true,,Commerce
LocalFile,CPCommerceOrders,FulfillOrderWithSellerOrderAcceptanceWorkflowActive,true,false,,true,,true,,Commerce
LocalFile,CPCommerceOrders,ManageBackOrdersFromOrder,true,false,,true,,true,,Commerce
LocalFile,CPCommerceOrders,ManageProductAvailabilityFromOrder,true,false,,true,,true,,Commerce
LocalFile,CPCommerceOrders,OrderPermissionManagement,true,false,,true,,true,,Commerce
LocalFile,CPCommerceOrders,SearchOrder,true,false,,true,,true,,Commerce
LocalFile,CPCommerceOrders,SortOrdersByOrderDate,true,false,,true,,true,,Commerce
LocalFile,CPCommerceOrders,ViewOrderSKU,true,false,,true,,true,,Commerce
LocalFile,CommerceSmoke,CreateNewSpecificationOptions,,true,,true,,true,,Commerce
LocalFile,CommerceSmoke,PublishSimpleProduct,,true,,true,,true,,Commerce
LocalFile,CommerceTaxEngine,ActivateByAddressTaxEngine,true,false,,true,,true,,Commerce
LocalFile,CommerceTaxEngine,ActivateFixedTaxEngine,true,false,,true,,true,,Commerce
LocalFile,CommerceTaxEngine,AddTaxRateToByAddressTaxEngine,true,false,,true,,true,,Commerce
LocalFile,CommerceTaxEngine,AddTaxRateToFixedTaxEngine,true,false,,true,,true,,Commerce
LocalFile,CommerceTaxEngine,AssertAddressRestrictiedTaxIsCorrectlyCalculated,true,false,,true,,true,,Commerce
LocalFile,CommerceTaxEngine,AssertProductTaxCategoryIsCorrectlyCalculated,true,false,,true,,true,,Commerce
LocalFile,CommerceTaxEngine,ConfigureChannelShippingTaxCategory,true,false,,true,,true,,Commerce
LocalFile,CommerceTaxEngine,TaxCategoryLifecycle,true,false,,true,,true,,Commerce
LocalFile,CPCommerceProducts,AddAnOptionAndVerifyIfIsPresent,true,false,,true,,true,,Commerce
LocalFile,CPCommerceProducts,AddASKU,true,false,,true,,true,,Commerce
LocalFile,CPCommerceProducts,AddASpecificationAndVerifyIfIsPresent,true,false,,true,,true,,Commerce
LocalFile,CPCommerceProducts,AddGroupedProduct,true,false,,true,,true,,Commerce
LocalFile,CPCommerceProducts,AddVirtualProduct,true,false,,true,,true,,Commerce
LocalFile,CPCommerceProducts,CreateProductBundleWithPriceTypeDynamic,,true,,true,,true,,Commerce
LocalFile,CPCommerceProducts,CreateProductBundleWithPriceTypeStatic,true,false,,true,,true,,Commerce
LocalFile,CPCommerceProducts,EditAProduct,true,false,,true,,true,,Commerce
LocalFile,CPCommerceProducts,EditASKU,true,false,,true,,true,,Commerce
LocalFile,CPCommerceProducts,EditSkuAndDelete,true,false,,true,,true,,Commerce
LocalFile,CPCommerceProducts,ProductPublishing,,true,,true,,true,,Commerce
LocalFile,CPCommerceProducts,TranslateProductName,,true,,true,,true,,Commerce
LocalFile,CPCommerceProducts,UseFriendlyURL,true,false,,true,,true,,Commerce
LocalFile,CPCommerceProducts,UseSchedule,true,false,,true,,true,,Commerce
LocalFile,CPCommerceProducts,UseSearchBarAndPagination,true,false,,true,,true,,Commerce
LocalFile,CPCommerceProducts,UseSkuSearchBarAndPagination,true,false,,true,,true,,Commerce
LocalFile,CPCommerceProducts,UseSortingByNameAndDate,true,false,,true,,true,,Commerce
LocalFile,CPCommercePriceLists,AddEditAndDeletePriceEntry,true,false,,true,,true,,Commerce
LocalFile,CPCommercePriceLists,AddEditAndDeletePriceModifier,true,false,,true,,true,,Commerce
LocalFile,CPCommercePriceLists,AddEditAndDeleteTierPriceEntry,true,false,,true,,true,,Commerce
LocalFile,CPCommercePriceLists,AddEditAndRemovePLQualifier,true,false,,true,,true,,Commerce
LocalFile,CPCommercePriceLists,AddEditAndRemoveProductGroupFromPL,true,false,,true,,true,,Commerce
LocalFile,CPCommercePriceLists,AssertPriceEntriesAreProductsInTheSameCatalogAsPriceList,,true,,true,,true,,Commerce
LocalFile,CPCommercePriceLists,AssertPriceListCanBeAssociatedWithAccountAndAccountGroup,,true,,true,,true,,Commerce
LocalFile,CPCommercePriceLists,AssertPriceListCannotBeMovedToADifferentCatalog,,true,,true,,true,,Commerce
LocalFile,CPCommercePriceLists,AssertPriceListHaveRequiredNameAndCurrency,,true,,true,,true,,Commerce
LocalFile,CPCommercePriceLists,AssertPriceListIsAppliedToAllAssociatedAccounts,,true,,true,,true,,Commerce
LocalFile,CPCommercePriceLists,CheckOnlyPermittedCatalogIsSelectable,true,false,,true,,true,,Commerce
LocalFile,CPCommercePriceLists,CheckPLProductGroupUsageInfo,true,false,,true,,true,,Commerce
LocalFile,CPCommercePriceLists,CreateNewPriceList,,true,,true,,true,,Commerce
LocalFile,CPCommercePriceLists,PriceListExistsOnlyInOneCatalog,,true,,true,,true,,Commerce
LocalFile,CPCommercePriceLists,ViewExpiredPL,true,false,,true,,true,,Commerce
LocalFile,CPCommercePriceLists,ViewExpiredPriceEntry,true,false,,true,,true,,Commerce
LocalFile,CPCommercePriceLists,ViewExpiredPriceModifier,true,false,,true,,true,,Commerce
LocalFile,CPCommercePriceLists,ViewExpiredTierPriceEntry,true,false,,true,,true,,Commerce
LocalFile,CPCommercePriceLists,ViewPriceNotAffectedByExpiredPriceEntities,true,false,,true,,true,,Commerce
LocalFile,CommerceAccelerators,CheckoutWithOneShippingOption,,true,,true,,true,,Commerce
LocalFile,CommerceAccelerators,DeactivateCommerceAccount,,quarantine,,true,,quarantine,,Commerce
LocalFile,CommerceAccelerators,DeactivateCommerceAccountAdminLogOut,,true,,true,,true,,Commerce
LocalFile,CommerceAccelerators,InitializeNewMiniumSite,,true,,true,,true,,Commerce
LocalFile,CommerceAccelerators,InitializeNewSpeedwellSite,,true,,true,,true,,Commerce
LocalFile,CommerceAccelerators,MiniumSiteFullFlow,,quarantine,,true,,quarantine,,Commerce
LocalFile,CommerceAccelerators,MiniumSiteFullFlowCheckingOutViaOrderDetails,,true,,true,,true,,Commerce
LocalFile,CommerceAccelerators,MiniumSiteFullFlowWithBuyerOrderApprovalWorkflow,true,false,,true,,true,,Commerce
LocalFile,CommerceAccelerators,SpeedwellSiteFullFlow,,true,,true,,true,,Commerce
LocalFile,GuestCheckout,AssertGuestCartIsTransferredToAccount,,true,,true,,true,,Commerce
LocalFile,GuestCheckout,AssertGuestCartItemIsNotTransferredIfSkuIsAlreadyPresent,,true,,true,,true,,Commerce
LocalFile,GuestCheckout,AssertGuestCartItemIsTransferredToExistingCart,,true,,true,,true,,Commerce
LocalFile,GuestCheckout,AssertGuestCheckoutAuthenticationPage,,true,,true,,true,,Commerce
LocalFile,GuestCheckout,AssertGuestsWithSameEmailHaveDifferentAccounts,,true,,true,,true,,Commerce
LocalFile,GuestCheckout,AssertNewAccountIsCreatedAfterGuestCheckout,,true,,true,,true,,Commerce
LocalFile,GuestCheckout,GuestAccountIsNotCombinedWithExistingUserAccount,,true,,true,,true,,Commerce
LocalFile,GuestCheckout,GuestCheckoutDisabled,,true,,true,,true,,Commerce
LocalFile,GuestCheckout,GuestCheckoutEnabled,,true,,true,,true,,Commerce
LocalFile,GuestCheckout,GuestCheckoutEnabledWithoutAuthenticationPage,,true,,true,,true,,Commerce
LocalFile,GuestCheckout,GuestCheckoutWithNoShippableProduct,,true,,true,,true,,Commerce
LocalFile,GuestCheckout,GuestCheckoutWithShippableProduct,,true,,true,,true,,Commerce
LocalFile,GuestCheckout,UserAccountIsNotCombinedWithExistingGuestAccount,,true,,true,,true,,Commerce
LocalFile,DMSmoke,DeleteDocumentWithFieldsFromCustomDocTypeAndMetadataSet,,true,,true,,true,,Data Engine
LocalFile,DMColorField,DeleteColorFieldOnBuilder,,false,,true,,true,,Data Engine
LocalFile,DMColorField,DuplicateColorFieldOnBuilder,,false,,true,,true,,Data Engine
LocalFile,DMColorField,EditColorFieldNameWithInvalidAndValidCharacters,true,false,,true,,true,,Data Engine
LocalFile,DMColorField,EditHelpTextAndLabelOfColorField,,false,,true,,true,,Data Engine
LocalFile,DMColorField,SetColorFieldAsRequired,,false,,true,,true,,Data Engine
LocalFile,DMColorField,SetColorWithPicker,,false,,true,,true,,Data Engine
LocalFile,DMColorField,SetSearchablePropertyOfColorField,,false,,true,,true,,Data Engine
LocalFile,DMGeolocationField,DuplicateGeolocation,,false,,true,,true,,Data Engine
LocalFile,DMGeolocationField,EditLabelAndHelpTextOfGeolocation,,false,,true,,true,,Data Engine
LocalFile,DMGeolocationField,EditReferenceOfGeolocationWithValidAndInvalidCharacters,,false,,true,,true,,Data Engine
LocalFile,DMGeolocationField,RepeatableGeolocationOnRenderer,,false,,true,,true,,Data Engine
LocalFile,DMGeolocationField,SetSearchableOfGeolocation,,false,,true,,true,,Data Engine
LocalFile,DMGeolocationField,ShowAndHideGeolocationLabel,,false,,true,,true,,Data Engine
LocalFile,DMGeolocationField,VerifyDuplicatedGeolocationOnRenderer,,false,,true,,true,,Data Engine
LocalFile,DMGeolocationField,VerifyRequiredPropertyOfGeolocationOnRenderer,,false,,true,,true,,Data Engine
LocalFile,DMFieldsets,FieldsetSetAsCollapsible,true,,,true,,quarantine,,Data Engine
LocalFile,DMFieldsets,FieldsetSetAsRepeatable,true,,,true,,quarantine,,Data Engine
LocalFile,DMFieldsets,RepeatFieldsetWithoutDuplicatingContent,true,false,,true,,true,,Data Engine
LocalFile,DMFieldsets,ShowAndHideFieldsetLabel,true,,,true,,quarantine,,Data Engine
LocalFile,ColorField,AddColorFieldByDragAndDrop,,false,,true,,true,,Data Engine
LocalFile,ColorField,DeleteColorFieldOnBuilder,,false,,true,,true,,Data Engine
LocalFile,ColorField,DuplicateColorFieldOnBuilder,,false,,true,,true,,Data Engine
LocalFile,ColorField,EditColorFieldNameWithValidAndInvalidCharacters,,,,true,,true,,Data Engine
LocalFile,ColorField,EditLabelAndHelpTextOfColorField,,false,,true,,true,,Data Engine
LocalFile,ColorField,SetColorFieldAsRequired,,false,,true,,true,,Data Engine
LocalFile,ColorField,SetSearchablePropertyOfColorField,,false,,true,,true,,Data Engine
LocalFile,DMRichTextField,InsertTextOnRichTextOnUpload,,false,,true,,true,,Data Engine
LocalFile,DMRichTextField,LocalizationOfRichTextPersists,,false,,true,,true,,Data Engine
LocalFile,DMRichTextField,RepeatRichTextOnUpload,,false,,true,,true,,Data Engine
LocalFile,DMRichTextField,SetFieldReferenceOfRichTextWithValidAndInvalidCharacters,,false,,true,,true,,Data Engine
LocalFile,DMRichTextField,SetLabelTextOfRichTextAndHelpText,,false,,true,,true,,Data Engine
LocalFile,DMRichTextField,SetRichTextSearchableByTextAndDisable,,,,true,,true,,Data Engine
LocalFile,DMRichTextField,ShowAndHideRichTextLabel,,,,true,,true,,Data Engine
LocalFile,DMRichTextField,UploadWithRequiredRichText,,false,,true,,true,,Data Engine
LocalFile,DMRichTextField,VerifyRichFieldHelpTextOnUpload,,,,true,,quarantine,,Data Engine
LocalFile,DMSeparatorField,AddSeparatorOnFormByDragAndDrop,true,false,,true,,true,,Data Engine
LocalFile,DMSeparatorField,DeleteSeparatorOnBuilder,true,false,,true,,true,,Data Engine
LocalFile,DMSeparatorField,DuplicateSeparatorOnBuilder,true,false,,true,,true,,Data Engine
LocalFile,DMSeparatorField,EditHelpTextOfSeparator,true,false,,true,,true,,Data Engine
LocalFile,DMSeparatorField,EditLabelOfSeparator,true,false,,true,,true,,Data Engine
LocalFile,DMSeparatorField,EditReferenceOfSeparator,,false,,true,,true,,Data Engine
LocalFile,DMSeparatorField,EditReferenceOfSeparatorWithInvalidCharacters,,false,,true,,true,,Data Engine
LocalFile,DMSeparatorField,RepeatSeparatorOnUpload,true,false,,true,,true,,Data Engine
LocalFile,DMSeparatorField,SetSeparatorRepeatable,,false,,true,,true,,Data Engine
LocalFile,DMSeparatorField,ShowAndHideSeparatorLabel,,false,,true,,true,,Data Engine
LocalFile,DMFieldGroups,CheckIfFieldGroupDataPersists,,false,,true,,true,,Data Engine
LocalFile,DMFieldGroups,CreateFieldGroup,,false,,true,,true,,Data Engine
LocalFile,DMFieldGroups,DeleteFieldGroupOnDocumentType,true,true,,true,,true,,Data Engine
LocalFile,DMFieldGroups,DeleteNestedFieldGroupOnDocumentType,,false,,true,,true,,Data Engine
LocalFile,DMFieldGroups,DuplicateAFieldGroup,,false,,true,,true,,Data Engine
LocalFile,DMFieldGroups,DuplicateANestedFieldGroup,,false,,true,,true,,Data Engine
LocalFile,DMFieldGroups,EditFieldGroupLabel,,false,,true,,true,,Data Engine
LocalFile,DMFieldGroups,EditFieldOnDuplicatedFieldGroup,,,,true,,true,,Data Engine
LocalFile,DMFieldGroups,EmptyAFieldGroup,,,,true,,true,,Data Engine
LocalFile,DMFieldGroups,NestAFieldGroupOnAnotherFieldGroup,,false,,true,,true,,Data Engine
LocalFile,DMFieldGroups,SetFieldGroupAsCollapsibleAndExecuteOnUpload,,,,true,,true,,Data Engine
LocalFile,DMFieldGroups,SetFieldGroupAsRepeatableAndExecuteOnUpload,,false,,true,,true,,Data Engine
LocalFile,StructuresUpgrade,CreateNewStructureUsingAnUpgradedStructureAsFieldsetAfterUpgrade7310,true,,,true,,true,Data Engine,Upgrades Data Engine
LocalFile,StructuresUpgrade,CreateNewStructureUsingAnUpgradedStructureAsFieldsetAfterUpgrade71103,true,,,true,,true,Data Engine,Upgrades Data Engine
LocalFile,StructuresUpgrade,CreateNewStructureUsingAnUpgradedStructureAsFieldsetAfterUpgrade72101,true,,,true,,true,Data Engine,Upgrades Data Engine
LocalFile,StructuresUpgrade,CreateNewStructureUsingAnUpgradedStructureAsFieldsetAfterUpgrade701014,true,,,true,,true,Data Engine,Upgrades Data Engine
LocalFile,StructuresUpgrade,EditAnUpgradedStructureWithFieldGroupAfterUpgrade621021,true,,,true,,true,Data Engine,Upgrades Data Engine
LocalFile,StructuresUpgrade,EditAnUpgradedStructureWithFieldsetAfterUpgrade7310,true,,,true,,true,Data Engine,Upgrades Data Engine
LocalFile,StructuresUpgrade,EditAnUpgradedStructureWithFieldsetAfterUpgrade71103,true,,,true,,true,Data Engine,Upgrades Data Engine
LocalFile,StructuresUpgrade,EditAnUpgradedStructureWithFieldsetAfterUpgrade72101,true,,,true,,true,Data Engine,Upgrades Data Engine
LocalFile,StructuresUpgrade,EditAnUpgradedStructureWithFieldsetAfterUpgrade701014,true,,,true,,true,Data Engine,Upgrades Data Engine
LocalFile,StructuresUpgrade,ValidateFieldLabelsTranslatedInStructureAfterUpgrade7310,true,,,true,,true,Data Engine,Upgrades Data Engine
LocalFile,StructuresUpgrade,ValidateFieldLabelsTranslatedInStructureAfterUpgrade71103,true,,,true,,true,Data Engine,Upgrades Data Engine
LocalFile,StructuresUpgrade,ValidateFieldLabelsTranslatedInStructureAfterUpgrade72101,true,,,true,,true,Data Engine,Upgrades Data Engine
LocalFile,StructuresUpgrade,ValidateFieldLabelsTranslatedInStructureAfterUpgrade621021,true,,,true,,true,Data Engine,Upgrades Data Engine
LocalFile,StructuresUpgrade,ValidateFieldLabelsTranslatedInStructureAfterUpgrade701014,true,,,true,,true,Data Engine,Upgrades Data Engine
LocalFile,StructuresUpgrade,ValidateFieldLabelsTranslatedInStructureWithFieldGroupAfterUpgrade7310,true,,,true,,true,Data Engine,Upgrades Data Engine
LocalFile,StructuresUpgrade,ValidateFieldLabelsTranslatedInStructureWithFieldGroupAfterUpgrade71103,true,,,true,,true,Data Engine,Upgrades Data Engine
LocalFile,StructuresUpgrade,ValidateFieldLabelsTranslatedInStructureWithFieldGroupAfterUpgrade72101,true,,,true,,true,Data Engine,Upgrades Data Engine
LocalFile,StructuresUpgrade,ValidateFieldLabelsTranslatedInStructureWithFieldGroupAfterUpgrade621021,true,,,true,,true,Data Engine,Upgrades Data Engine
LocalFile,StructuresUpgrade,ValidateFieldLabelsTranslatedInStructureWithFieldGroupAfterUpgrade701014,true,,,true,,true,Data Engine,Upgrades Data Engine
LocalFile,StructuresUpgrade,ValidateFieldLabelsTranslatedInStructureWithFieldSetAfterUpgrade7310,true,,,true,,true,Data Engine,Upgrades Data Engine
LocalFile,StructuresUpgrade,ValidateFieldLabelsTranslatedInStructureWithFieldSetAfterUpgrade71103,true,,,true,,true,Data Engine,Upgrades Data Engine
LocalFile,StructuresUpgrade,ValidateFieldLabelsTranslatedInStructureWithFieldSetAfterUpgrade72101,true,,,true,,true,Data Engine,Upgrades Data Engine
LocalFile,StructuresUpgrade,ValidateFieldLabelsTranslatedInStructureWithFieldSetAfterUpgrade701014,true,,,true,,true,Data Engine,Upgrades Data Engine
LocalFile,StructuresUpgrade,ValidateNStructureAfterUpgrade7310,true,,,true,,true,Data Engine,Upgrades Data Engine
LocalFile,StructuresUpgrade,ValidateNStructureAfterUpgrade71103,true,,,true,,true,Data Engine,Upgrades Data Engine
LocalFile,StructuresUpgrade,ValidateNStructureAfterUpgrade72101,true,,,true,,true,Data Engine,Upgrades Data Engine
LocalFile,StructuresUpgrade,ValidateNStructureAfterUpgrade621021,true,,,true,,true,Data Engine,Upgrades Data Engine
LocalFile,StructuresUpgrade,ValidateNStructureAfterUpgrade701014,true,,,true,,true,Data Engine,Upgrades Data Engine
LocalFile,LocalizedWebContentUpgrade,CreateNewWebContentUsingAnUpgradedStructureAfterUpgrade621021,true,,,true,,true,Data Engine,Upgrades Data Engine
LocalFile,LocalizedWebContentUpgrade,CreateNewWebContentUsingAnUpgradedStructureWithFieldsetAfterUpgrade7310,true,,,true,,true,Data Engine,Upgrades Data Engine
LocalFile,LocalizedWebContentUpgrade,CreateNewWebContentUsingAnUpgradedStructureWithFieldsetAfterUpgrade71103,true,,,true,,true,Data Engine,Upgrades Data Engine
LocalFile,LocalizedWebContentUpgrade,CreateNewWebContentUsingAnUpgradedStructureWithFieldsetAfterUpgrade72101,true,,,true,,true,Data Engine,Upgrades Data Engine
LocalFile,LocalizedWebContentUpgrade,CreateNewWebContentUsingAnUpgradedStructureWithFieldsetAfterUpgrade701014,true,,,true,,true,Data Engine,Upgrades Data Engine
LocalFile,LocalizedWebContentUpgrade,EditAnUpgradedWebContentWithTranslationsAfterUpgrade7310,true,,,true,,true,Data Engine,Upgrades Data Engine
LocalFile,LocalizedWebContentUpgrade,EditAnUpgradedWebContentWithTranslationsAfterUpgrade71103,true,,,true,,true,Data Engine,Upgrades Data Engine
LocalFile,LocalizedWebContentUpgrade,EditAnUpgradedWebContentWithTranslationsAfterUpgrade72101,true,,,true,,true,Data Engine,Upgrades Data Engine
LocalFile,LocalizedWebContentUpgrade,EditAnUpgradedWebContentWithTranslationsAfterUpgrade621021,true,,,true,,true,Data Engine,Upgrades Data Engine
LocalFile,LocalizedWebContentUpgrade,EditAnUpgradedWebContentWithTranslationsAfterUpgrade701014,true,,,true,,true,Data Engine,Upgrades Data Engine
LocalFile,LocalizedWebContentUpgrade,ValidateNWebContentAfterUpgrade7310,true,,,true,,true,Data Engine,Upgrades Data Engine
LocalFile,LocalizedWebContentUpgrade,ValidateNWebContentAfterUpgrade71103,true,,,true,,true,Data Engine,Upgrades Data Engine
LocalFile,LocalizedWebContentUpgrade,ValidateNWebContentAfterUpgrade72101,true,,,true,,true,Data Engine,Upgrades Data Engine
LocalFile,LocalizedWebContentUpgrade,ValidateNWebContentAfterUpgrade621021,true,,,true,,true,Data Engine,Upgrades Data Engine
LocalFile,LocalizedWebContentUpgrade,ValidateNWebContentAfterUpgrade701014,true,,,true,,true,Data Engine,Upgrades Data Engine
LocalFile,LocalizedWebContentUpgrade,ValidateWebContentWithAllFieldsTranslatedAfterUpgrade7310,true,,,true,,true,Data Engine,Upgrades Data Engine
LocalFile,LocalizedWebContentUpgrade,ValidateWebContentWithAllFieldsTranslatedAfterUpgrade71103,true,,,true,,true,Data Engine,Upgrades Data Engine
LocalFile,LocalizedWebContentUpgrade,ValidateWebContentWithAllFieldsTranslatedAfterUpgrade72101,true,,,true,,true,Data Engine,Upgrades Data Engine
LocalFile,LocalizedWebContentUpgrade,ValidateWebContentWithAllFieldsTranslatedAfterUpgrade621021,true,,,true,,true,Data Engine,Upgrades Data Engine
LocalFile,LocalizedWebContentUpgrade,ValidateWebContentWithAllFieldsTranslatedAfterUpgrade701014,true,,,true,,true,Data Engine,Upgrades Data Engine
LocalFile,LocalizedWebContentUpgrade,ValidateWebContentWithFieldGroupLevel2AndTranslationsAfterUpgrade7310,true,,,true,,true,Data Engine,Upgrades Data Engine
LocalFile,LocalizedWebContentUpgrade,ValidateWebContentWithFieldGroupLevel2AndTranslationsAfterUpgrade71103,true,,,true,,true,Data Engine,Upgrades Data Engine
LocalFile,LocalizedWebContentUpgrade,ValidateWebContentWithFieldGroupLevel2AndTranslationsAfterUpgrade72101,true,,,true,,true,Data Engine,Upgrades Data Engine
LocalFile,LocalizedWebContentUpgrade,ValidateWebContentWithFieldGroupLevel2AndTranslationsAfterUpgrade621021,true,,,true,,true,Data Engine,Upgrades Data Engine
LocalFile,LocalizedWebContentUpgrade,ValidateWebContentWithFieldGroupLevel2AndTranslationsAfterUpgrade701014,true,,,true,,true,Data Engine,Upgrades Data Engine
LocalFile,LocalizedWebContentUpgrade,ValidateWebContentWithFieldsetLevel2AndTranslationsAfterUpgrade7310,true,,,true,,true,Data Engine,Upgrades Data Engine
LocalFile,LocalizedWebContentUpgrade,ValidateWebContentWithFieldsetLevel2AndTranslationsAfterUpgrade71103,true,,,true,,true,Data Engine,Upgrades Data Engine
LocalFile,LocalizedWebContentUpgrade,ValidateWebContentWithFieldsetLevel2AndTranslationsAfterUpgrade72101,true,,,true,,true,Data Engine,Upgrades Data Engine
LocalFile,LocalizedWebContentUpgrade,ValidateWebContentWithFieldsetLevel2AndTranslationsAfterUpgrade701014,true,,,true,,true,Data Engine,Upgrades Data Engine
LocalFile,LocalizedWebContentUpgrade,ValidateWebContentWithRepeatableFieldGroupAndTranslationsAfterUpgrade7310,true,,,true,,true,Data Engine,Upgrades Data Engine
LocalFile,LocalizedWebContentUpgrade,ValidateWebContentWithRepeatableFieldGroupAndTranslationsAfterUpgrade71103,true,,,true,,true,Data Engine,Upgrades Data Engine
LocalFile,LocalizedWebContentUpgrade,ValidateWebContentWithRepeatableFieldGroupAndTranslationsAfterUpgrade72101,true,,,true,,true,Data Engine,Upgrades Data Engine
LocalFile,LocalizedWebContentUpgrade,ValidateWebContentWithRepeatableFieldGroupAndTranslationsAfterUpgrade621021,true,,,true,,true,Data Engine,Upgrades Data Engine
LocalFile,LocalizedWebContentUpgrade,ValidateWebContentWithRepeatableFieldGroupAndTranslationsAfterUpgrade701014,true,,,true,,true,Data Engine,Upgrades Data Engine
LocalFile,SeparatorField,DeleteSeparatorOnBuilder,,false,,true,,true,,Data Engine
LocalFile,SeparatorField,DuplicateSeparatorOnBuilder,,false,,true,,true,,Data Engine
LocalFile,SeparatorField,EditLabelAndHelpTextOfSeparator,,false,,true,,true,,Data Engine
LocalFile,SeparatorField,EditReferenceOfSeparatorWithValidAndInvalidCharacters,,,,true,,true,,Data Engine
LocalFile,SeparatorField,RepeatSeparatorOnWebContent,,,,true,,true,,Data Engine
LocalFile,SeparatorField,ShowAndHideSeparatorLabel,,false,,true,,true,,Data Engine
LocalFile,DMImageField,ClearUploadedImage,,,,true,,true,,Data Engine
LocalFile,DMImageField,DragAndDropImageFieldToBuilder,,,,true,,true,,Data Engine
LocalFile,DMImageField,DuplicateImageField,,,,true,,true,,Data Engine
LocalFile,DMImageField,LocalizationOfImageFieldtPersists,,,,true,,true,,Data Engine
LocalFile,DMImageField,SaveUploadedImageWithoutDescription,,,,true,,true,,Data Engine
LocalFile,DMImageField,SetFieldReferenceOfImageField,,,,true,,true,,Data Engine
LocalFile,DMImageField,SetHelpTextOfImageField,,,,true,,true,,Data Engine
LocalFile,DMImageField,SetImageDescriptionOnDM,,,,true,,true,,Data Engine
LocalFile,DMImageField,SetImageFieldAsRepeatable,,,,true,,true,,Data Engine
LocalFile,DMImageField,SetLabelOfImageField,,,,true,,true,,Data Engine
LocalFile,DMImageField,ShowAndHideImageFieldLabel,,,,true,,true,,Data Engine
LocalFile,DMImageField,UploadImageFromDocumentsAndMedia,,,,true,,true,,Data Engine
LocalFile,DMImageField,UploadImageFromLocalStorage,,,,true,,true,,Data Engine
LocalFile,DMImageField,UploadInvalidFile,,,,true,,true,,Data Engine
LocalFile,DMImageField,VerifyRequiredPropertyOfImageField,,,,true,,true,,Data Engine
LocalFile,Fieldsets,DuplicateFieldset,,,,true,,true,,Data Engine
LocalFile,Fieldsets,EditFieldsetPropertiesFromSideBar,,,,true,,true,,Data Engine
LocalFile,Fieldsets,FieldsetNameRenamedWhenNameAlreadyExistent,,,,true,,true,,Data Engine
LocalFile,Fieldsets,FieldsetSetAsCollapsible,,,,true,,true,,Data Engine
LocalFile,Fieldsets,FieldsetSetAsRepeatable,,,,true,,true,,Data Engine
LocalFile,Fieldsets,RepeatFieldsetWithoutDuplicatingContent,,,,true,,true,,Data Engine
LocalFile,Fieldsets,ShowAndHideFieldsetLabel,,,,true,,true,,Data Engine
LocalFile,Fieldsets,VerifyFieldsetCannotBeEditedOnStructureBuilder,,,,true,,true,,Data Engine
LocalFile,GeolocationField,DuplicateGeolocation,,,,true,,true,,Data Engine
LocalFile,GeolocationField,EditSearchableOfGeolocation,,,,true,,true,,Data Engine
LocalFile,GeolocationField,SetGeolocationLabelHelpTextAndReference,,,,true,,true,,Data Engine
LocalFile,GeolocationField,ShowAndHideGeolocationLabel,,,,true,,true,,Data Engine
LocalFile,GeolocationField,VerifyDuplicatedGeolocationOnWebContent,,,,true,,true,,Data Engine
LocalFile,GeolocationField,VerifyRequiredPropertyOfGeolocation,true,,,true,,true,,Data Engine
LocalFile,WebContentSmokeTests,ViewAndDeleteContentWithTitleAndAllFields,,true,,true,,true,,Data Engine
LocalFile,FieldGroups,CheckIfFieldGroupDataPersists,,true,,true,,true,,Data Engine
LocalFile,FieldGroups,CreateFieldGroup,,,,true,,true,,Data Engine
LocalFile,FieldGroups,DeleteAFieldFromAFieldGroup,,,,true,,true,,Data Engine
LocalFile,FieldGroups,DeleteFieldGroupOnStructure,,,,true,,true,,Data Engine
LocalFile,FieldGroups,DeleteNestedFieldGroupOnStructure,,,,true,,true,,Data Engine
LocalFile,FieldGroups,DuplicateAFieldGroup,,,,true,,true,,Data Engine
LocalFile,FieldGroups,DuplicateANestedFieldGroup,,,,true,,true,,Data Engine
LocalFile,FieldGroups,EditFieldGroupLabel,,,,true,,true,,Data Engine
LocalFile,FieldGroups,EditFieldOnDuplicatedFieldGroup,,,,true,,true,,Data Engine
LocalFile,FieldGroups,EmptyAFieldGroup,,,,true,,true,,Data Engine
LocalFile,FieldGroups,NestAFieldGroupOnAnotherFieldGroup,,,,true,,true,,Data Engine
LocalFile,FieldGroups,SetFieldGroupAsCollapsibleAndExecuteOnAWebContent,,,,true,,true,,Data Engine
LocalFile,FieldGroups,SetFieldGroupAsRepeatableAndExecuteOnAWebContent,,,,true,,true,,Data Engine
LocalFile,Localizable,LocalizableSetToFalse,,,,true,,true,,Data Engine
LocalFile,Localizable,TranslateLocalizable,,,,true,,true,,Data Engine
LocalFile,RichTextField,EditRichTextSearchable,,,,true,,true,,Data Engine
LocalFile,RichTextField,ExcludeRepeatedRichTextOnWebContent,,,,true,,true,,Data Engine
LocalFile,RichTextField,InsertTextOnRichTextOnWebContent,,,,true,,true,,Data Engine
LocalFile,RichTextField,LocalizationOfRichTextPersists,,,,true,,true,,Data Engine
LocalFile,RichTextField,PublishWebContentWithEmptyRequiredRichText,,false,,true,,true,,Data Engine
LocalFile,RichTextField,RepeatRichTextOnWebContent,,,,true,,true,,Data Engine
LocalFile,RichTextField,SetFieldReferenceOfRichTextWithValidAndInvalidCharacters,,,,true,,true,,Data Engine
LocalFile,RichTextField,SetLabelOfRichTextAndHelpText,,,,true,,true,,Data Engine
LocalFile,RichTextField,ShowAndHideRichTextLabel,,,,true,,true,,Data Engine
LocalFile,RichTextField,VerifyHelpTextofRichTextOnWebContent,,,,true,,true,,Data Engine
LocalFile,RichTextField,VerifyRichTextIsSetAsRequiredOnWebContent,,,,true,,true,,Data Engine
LocalFile,ImageField,ClearUploadedImage,,false,,true,,true,,Data Engine
LocalFile,ImageField,DragAndDropImageFieldToBuilder,,false,,true,,true,,Data Engine
LocalFile,ImageField,DuplicateImageField,,,,true,,true,,Data Engine
LocalFile,ImageField,LocalizationOfImageFieldPersists,,false,,true,,true,,Data Engine
LocalFile,ImageField,PublishWebContentWithUploadedImageWithoutDescription,,,,true,,true,,Data Engine
LocalFile,ImageField,SetHelpTextOfImageField,,false,,true,,true,,Data Engine
LocalFile,ImageField,SetImageDescriptionOnWebContent,,false,,true,,true,,Data Engine
LocalFile,ImageField,SetImageFieldAsRepeatable,,,,true,,true,,Data Engine
LocalFile,ImageField,SetLabelOfImageField,,false,,true,,true,,Data Engine
LocalFile,ImageField,ShowAndHideImageFieldLabel,,,,true,,true,,Data Engine
LocalFile,ImageField,UploadImageFromDocumentsAndMedia,,true,,true,,true,,Data Engine
LocalFile,LocalizedSimpleFieldsStructure,CheckDefaultStructureTitleDisplayedOnStructureList,,,,true,,true,,Data Engine
LocalFile,LocalizedSimpleFieldsStructure,CheckLanguageSelector,,,,true,,true,,Data Engine
LocalFile,LocalizedSimpleFieldsStructure,CheckLocalizationOfFieldsUponLanguageChange,,,,true,,true,,Data Engine
LocalFile,LocalizedSimpleFieldsStructure,DefaultTitleIsDisplayedUponLocaleChange,,,,true,,true,,Data Engine
LocalFile,LocalizedSimpleFieldsStructure,DefaultTitlePersistsAfterTranslatingForAnotherLocale,,,,true,,true,,Data Engine
LocalFile,LocalizedSimpleFieldsStructure,DefaultTitlePersistsUponFirstlyTranslatingForAnotherLocale,,false,,true,,true,,Data Engine
LocalFile,LocalizedSimpleFieldsStructure,DuplicateTranslatedField,,,,true,,true,,Data Engine
LocalFile,LocalizedSimpleFieldsStructure,TranslateStructureWithAllFields,,false,,true,,true,,Data Engine
LocalFile,LocalizedSimpleFieldsStructure,TranslateStructureWithoutDefaultTitle,,,,true,,true,,Data Engine
LocalFile,LocalizedSimpleFieldsStructure,TranslationDoesNotInterfereWithAnother,,,,true,,true,,Data Engine
LocalFile,LocalizedSimpleFieldsStructure,VerifyDefaultLanguageIsFirstShown,,,,true,,true,,Data Engine
LocalFile,LocalizedFieldsetsWebContent,CheckDefaultWebContentTitleOnWebContentList,,,,true,,true,,Data Engine
LocalFile,LocalizedFieldsetsWebContent,CheckLanguageSelectorAndFieldsetSummaryLocalization,true,,,true,,true,,Data Engine
LocalFile,LocalizedFieldsetsWebContent,CheckStructureTranslationOnWebContent,,,,true,,true,,Data Engine
LocalFile,LocalizedFieldsetsWebContent,CheckTranslationOfDuplicatedFieldsetOnWebContent,,,,true,,true,,Data Engine
LocalFile,LocalizedFieldsetsWebContent,DefaultTitleIsDisplayedUponLocaleChange,,,,true,,true,,Data Engine
LocalFile,LocalizedFieldsetsWebContent,DefaultTitlePersistsAfterTranslatingForAnotherLocale,,,,true,,true,,Data Engine
LocalFile,LocalizedFieldsetsWebContent,DefaultTitlePersistsUponFirstlyTranslatingForAnotherLocale,,,,true,,true,,Data Engine
LocalFile,LocalizedFieldsetsWebContent,TranslateWebContentFromStructureWithFieldsetWithFieldGroup,,,,true,,true,,Data Engine
LocalFile,LocalizedFieldsetsWebContent,TranslationPersistsAfterEditingAnother,,,,true,,true,,Data Engine
LocalFile,LocalizedNestedFieldsStructure,CheckLanguageSelector,,,,true,,true,,Data Engine
LocalFile,LocalizedNestedFieldsStructure,DefaultTitleIsDisplayedUponLocaleChange,,,,true,,true,,Data Engine
LocalFile,LocalizedNestedFieldsStructure,DefaultTitlePersistsAfterTranslatingForAnotherLocale,,,,true,,true,,Data Engine
LocalFile,LocalizedNestedFieldsStructure,DuplicateTranslatedField,,,,true,,true,,Data Engine
LocalFile,LocalizedNestedFieldsStructure,TranslateStructureWithAllFieldsNested,,false,,true,,true,,Data Engine
LocalFile,LocalizedNestedFieldsStructure,TranslateStructureWithoutDefaultTitle,,,,true,,true,,Data Engine
LocalFile,LocalizedNestedFieldsStructure,TranslationDoesNotChangeAnother,,,,true,,true,,Data Engine
LocalFile,LocalizedNestedFieldsStructure,TranslationPersistsForTwoLevelNestedFields,,,,true,,true,,Data Engine
LocalFile,LocalizedNestedFieldsStructure,VerifyDefaultLanguageIsFirstShown,,,,true,,true,,Data Engine
LocalFile,LocalizedNestedFieldsWebContent,CheckDuplicatedRepeatableStructureOnWebContent,,,,true,,true,,Data Engine
LocalFile,LocalizedNestedFieldsWebContent,CheckLanguageSelector,,,,true,,true,,Data Engine
LocalFile,LocalizedNestedFieldsWebContent,CheckStructureTranslationsOnWebContent,,,,true,,true,,Data Engine
LocalFile,LocalizedNestedFieldsWebContent,DefaultTitlePersistsUponFirstlyTranslatingForAnotherLocale,,,,true,,true,,Data Engine
LocalFile,LocalizedNestedFieldsWebContent,DefaultValuesAreCarriedToNewLocale,,,,true,,true,,Data Engine
LocalFile,LocalizedNestedFieldsWebContent,TranslateWebContentFromStructureWithNLevelNestedFieldsAndToNLanguages,,,,true,,true,,Data Engine
LocalFile,LocalizedNestedFieldsWebContent,TranslateWebContentWithAllFieldsNested,,,,true,,true,,Data Engine
LocalFile,LocalizedNestedFieldsWebContent,TranslationDoesNotChangeAnother,,,,true,,true,,Data Engine
LocalFile,LocalizedNestedFieldsWebContent,TranslationsRemainsUponSavingWebContent,,true,,true,,true,,Data Engine
LocalFile,LocalizedNestedFieldsWebContent,VerifyDefaultLanguageIsFirstShown,,,,true,,true,,Data Engine
LocalFile,LocalizedSimpleFieldsWebContent,CheckDefaultWebContentTitleOnWebContentList,,false,,true,,true,,Data Engine
LocalFile,LocalizedSimpleFieldsWebContent,CheckDuplicatedRepeatableStructureOnWebContent,,,,true,,true,,Data Engine
LocalFile,LocalizedSimpleFieldsWebContent,CheckLanguageSelectorAndStructureTranslationsOnWebContent,,,,true,,true,,Data Engine
LocalFile,LocalizedSimpleFieldsWebContent,CheckLocalizationOfWebContentUponLanguageChange,,,,true,,true,,Data Engine
LocalFile,LocalizedSimpleFieldsWebContent,CheckStructureTranslationsOnWebContent,,,,true,,true,,Data Engine
LocalFile,LocalizedSimpleFieldsWebContent,DefaultTitleDisplayedUponFirstlyTranslatingForAnotherLocale,,,,true,,true,,Data Engine
LocalFile,LocalizedSimpleFieldsWebContent,DefaultTitlePersistsAfterTranslatingForAnotherLocale,,,,true,,true,,Data Engine
LocalFile,LocalizedSimpleFieldsWebContent,DefaultValuesDisplayedForNonTranslatedWebContent,,,,true,,true,,Data Engine
LocalFile,LocalizedSimpleFieldsWebContent,TranslateWebContentWithAllFields,,,,true,,quarantine,,Data Engine
LocalFile,LocalizedSimpleFieldsWebContent,TranslationDoesNotChangeAnotherAndPersistsAfterEditingAnother,,,,true,,true,,Data Engine
LocalFile,LocalizedSimpleFieldsetsStructure,CheckLanguageSelector,,,,true,,true,,Data Engine
LocalFile,LocalizedSimpleFieldsetsStructure,DefaultTitleIsDisplayedUponLocaleChange,,,,true,,true,,Data Engine
LocalFile,LocalizedSimpleFieldsetsStructure,DefaultTitlePersistsUponFirstlyTranslatingForAnotherLocale,,,,true,,true,,Data Engine
LocalFile,LocalizedSimpleFieldsetsStructure,TranslateFieldsetToNLanguages,,,,true,,true,,Data Engine
LocalFile,LocalizedSimpleFieldsetsStructure,TranslateFieldsetWithNestedNTranslations,,,,true,,true,,Data Engine
LocalFile,LocalizedSimpleFieldsetsStructure,TranslateFieldsetWithNNestedNTranslation,,,,true,,true,,Data Engine
LocalFile,LocalizedSimpleFieldsetsStructure,TranslateStructureWithFieldsetAndNested,,true,,true,,true,,Data Engine
LocalFile,LocalizedSimpleFieldsetsStructure,VerifyDefaultLanguageIsFirstShown,,,,true,,true,,Data Engine
LocalFile,LocalizedSimpleFieldsetsStructure,VerifyNestedFieldsetEditionOnStructure,,,,true,,true,,Data Engine
LocalFile,DepotDirectoryIndexing,DisableIndexing,,,,true,,true,,Depot
LocalFile,DepotDirectoryIndexing,ViewDocument,,,,true,,true,,Depot
LocalFile,DepotDirectoryIndexing,ViewDocumentAfterDeleting,,,,true,,true,,Depot
LocalFile,DepotDirectoryIndexing,ViewDocumentAfterEditing,,,,true,,true,,Depot
LocalFile,DepotDirectoryIndexing,ViewDocumentInFolder,,,,true,,true,,Depot
LocalFile,DepotDirectoryIndexing,ViewDocumentInWorkflow,,,,true,,true,,Depot
LocalFile,DepotDirectoryIndexing,ViewDocumentWithEscapeCharacters,,,,true,,true,,Depot
LocalFile,DepotDirectoryIndexing,ViewDocumentWithoutPermissions,,,,true,,true,,Depot
LocalFile,DepotNavigation,AccessViaShortcut,,,,true,,true,,Depot
LocalFile,DepotNavigation,CannotAccessDepotViaSite,,true,,true,,true,,Depot
LocalFile,DepotNavigation,ViewRestrictionWhenConnectingSites,,,,true,,true,,Depot
LocalFile,DepotDocuments,AccessShortcut,,,,true,,true,,Depot
LocalFile,DepotDocuments,AddDocumentTypeAndMetadata,,,,true,,true,,Depot
LocalFile,DepotDocuments,DeleteFolder,,,,true,,true,,Depot
LocalFile,DepotDocuments,DeleteMultipleImages,,,,true,,true,,Depot
LocalFile,DepotDocuments,EditDocument,,true,,true,,true,,Depot
LocalFile,DepotDocuments,EditFolder,,,,true,,true,,Depot
LocalFile,DepotDocuments,ImportFile,,,,true,,true,,Depot
LocalFile,DepotDocuments,MoveDocumentToFolder,,,,true,,true,,Depot
LocalFile,DepotDocuments,RestoreDocument,,,,true,,true,,Depot
LocalFile,DepotDocuments,ShareDocument,,,,true,,true,,Depot
LocalFile,DepotApplication,SelectDisabledAssetsFromCollections,,,,true,,true,,Depot
LocalFile,DepotApplication,Smoke,,true,,true,,true,Asset Lists,Depot
LocalFile,DepotApplication,ViewCollectionsAfterReactivating,,,,true,,true,,Depot
LocalFile,DepotApplication,ViewDepotWithAllAppsDisabled,,,,true,,true,,Depot
LocalFile,DepotApplication,ViewDisabledAssetViaWCD,,,,true,,true,,Depot
LocalFile,DepotApplication,ViewDisabledImageViaBlogs,,,,true,,true,,Depot
LocalFile,DepotApplication,ViewDMAfterReactivating,,,,true,,true,,Depot
LocalFile,DepotApplication,ViewWCAfterReactivating,,,,true,,true,,Depot
LocalFile,DepotDocumentIntegration,AddImageViaBlogs,,,,true,,true,,Depot
LocalFile,DepotDocumentIntegration,AddImageViaContentPage,,,,true,,true,,Depot
LocalFile,DepotDocumentIntegration,AddImageViaWebContent,,,,true,,true,,Depot
LocalFile,DepotDocumentIntegration,RemoveDMWithDocumentType,,,,true,,true,,Depot
LocalFile,DepotDocumentIntegration,ViewDMwithDocumentTypeOnSiteWidgets,,,,true,,true,,Depot
LocalFile,DepotDocumentIntegration,ViewDocumentTypeInRelatedAssets,,,,true,,true,,Depot
LocalFile,DepotDocumentIntegration,ViewRelatedAssets,,,,true,,true,,Depot
LocalFile,DepotLocalization,Smoke,,true,,true,,true,,Depot
LocalFile,DepotLocalization,ViewCustomLanguagesOrderForCustomType,,,,true,,true,,Depot
LocalFile,DepotLocalization,ViewCustomLanguagesOrderForWebContent,,,,true,,true,,Depot
LocalFile,DepotRecycleBin,CheckExpiredEntries,,,,true,,true,,Depot
LocalFile,DepotRecycleBin,DeleteDocumentAfterDisabling,,,,true,,true,,Depot
LocalFile,DepotRecycleBin,DeleteWCAfterDisabling,,,,true,,true,,Depot
LocalFile,DepotRecycleBin,RestoreDocuments,,,,true,,true,,Depot
LocalFile,DepotRecycleBin,RestoreWebContent,,true,,true,,true,,Depot
LocalFile,DepotAutoTagging,AddImage,,,,true,,true,,Depot
LocalFile,DepotAutoTagging,AddTextDocument,,,,true,,true,,Depot
LocalFile,DepotAutoTagging,AddWebContent,,,,true,,true,,Depot
LocalFile,DepotAutoTagging,DeleteAutotaggedWebContent,,,,true,,true,,Depot
LocalFile,DepotAutoTagging,DisableAndEnableAtInstanceScope,,,,true,,true,,Depot
LocalFile,DepotAutoTagging,DisableAndEnableAtSystemScope,,,,true,,true,,Depot
LocalFile,DepotAutoTagging,DisableForImage,,,,true,,true,,Depot
LocalFile,DepotAutoTagging,DisableForTextDocument,,,,true,,true,,Depot
LocalFile,DepotAutoTagging,DisableForWebContent,,,,true,,true,,Depot
LocalFile,DepotAutoTagging,ReplaceAutoTagInDocument,,,,true,,true,,Depot
LocalFile,DepotMemberships,AddAndRemoveOrganization,,,,true,,true,,Depot
LocalFile,DepotMemberships,AddAndRemoveUser,,true,,true,,true,,Depot
LocalFile,DepotMemberships,AddAndRemoveUserGroup,,,,true,,true,,Depot
LocalFile,DepotMemberships,AssignALFromUserProfile,,,,true,,true,,Depot
LocalFile,DepotMemberships,AssignALWithTranslationForUser,,,,true,,true,,Depot
LocalFile,DepotMemberships,RemoveALFromUserProfile,,,,true,,true,,Depot
LocalFile,DepotMemberships,SelectSameDepotForUser,,,,true,,true,,Depot
LocalFile,DepotMemberships,ViewOrganizationPagination,,,,true,,true,,Depot
LocalFile,DepotMemberships,ViewUsersPagination,,,,true,,true,,Depot
LocalFile,DepotStaging,ViewOGImageTagOnLiveSite,,,,true,,true,,Depot
LocalFile,DepotSettings,DisableAndEnableApplications,,,,true,,true,,Depot
LocalFile,DepotSettings,EditName,,,,true,,true,,Depot
LocalFile,DepotSettings,SearchForDocument,,,,true,,true,,Depot
LocalFile,DepotSettings,ViewCustomLanguage,,,,true,,true,,Depot
LocalFile,DepotEntry,AccessInListView,,,,true,,true,,Depot
LocalFile,DepotEntry,AccessInTableView,,,,true,,true,,Depot
LocalFile,DepotEntry,AccessWithDisabledAppsMenuAtSystemScope,,,,true,,true,,Depot
LocalFile,DepotEntry,AddDuplicateWithEscapeCharacters,,,,true,,true,,Depot
LocalFile,DepotEntry,AddNameThatDuplicatesSite,,,,true,,true,,Depot
LocalFile,DepotEntry,AddNameThatDuplicatesTranslation,,,,true,,true,,Depot
LocalFile,DepotEntry,AddSiteThatDuplicatesName,,,,true,,true,,Depot
LocalFile,DepotEntry,DeleteDepot,,,,true,,true,,Depot
LocalFile,DepotEntry,DeleteDepotWithFolder,,,,true,,true,,Depot
LocalFile,DepotEntry,DeleteDepotWithMultipleFiles,,,,true,,true,,Depot
LocalFile,DepotEntry,DeleteInListView,,,,true,,true,,Depot
LocalFile,DepotEntry,DeleteInTableView,,,,true,,true,,Depot
LocalFile,DepotEntry,DeleteWithDisabledAppsMenuAtInstanceScope,,,,true,,true,,Depot
LocalFile,DepotEntry,DeselectAndDeleteInCardsView,,,,true,,true,,Depot
LocalFile,DepotEntry,DeselectAndDeleteInListView,,,,true,,true,,Depot
LocalFile,DepotEntry,DeselectAndDeleteInTableView,,,,true,,true,,Depot
LocalFile,DepotEntry,EditDepot,,true,,true,,true,,Depot
LocalFile,DepotEntry,EditInListView,,,,true,,true,,Depot
LocalFile,DepotEntry,EditInTableView,,,,true,,true,,Depot
LocalFile,DepotEntry,RenameToDuplicate,,,,true,,true,,Depot
LocalFile,DepotEntry,SearchForDepotDescription,,,,true,,true,,Depot
LocalFile,DepotEntry,SearchForDepotTitle,,,,true,,true,,Depot
LocalFile,DepotEntry,SelectAllAndDelete,,,,true,,true,,Depot
LocalFile,DepotEntry,SelectAllAndDeleteInListView,,,,true,,true,,Depot
LocalFile,DepotEntry,SelectAllAndDeleteInTableView,,,,true,,true,,Depot
LocalFile,DepotEntry,Smoke,,true,,true,,true,,Depot
LocalFile,DepotEntry,ViewConnectionsInCardView,,,,true,,true,,Depot
LocalFile,DepotEntry,ViewConnectionsInTableView,,,,true,,true,,Depot
LocalFile,DepotDisplayPage,MapDMWithOpenGraph,,,,true,,true,,Depot
LocalFile,DepotDisplayPage,MapDMWithSEO,,,,true,,true,,Depot
LocalFile,DepotDisplayPage,MapWCWithOpenGraph,,,,true,,true,,Depot
LocalFile,DepotDisplayPage,MapWCWithSEO,,,,true,,true,,Depot
LocalFile,DepotDisplayPage,ViewImage,,true,,true,,true,,Depot
LocalFile,DepotDisplayPage,ViewWC,,true,,true,,true,,Depot
LocalFile,DepotExportImport,ImportDepotLARToDepot,,,,true,,true,,Depot
LocalFile,DepotExportImport,ImportDepotLARToSite,,,,true,,true,,Depot
LocalFile,DepotExportImport,ImportSiteLARToDepot,,,,true,,true,,Depot
LocalFile,DepotVideoShortcut,AddBlogEntryWithEmbeddedVideo,,,,true,,true,,Depot
LocalFile,DepotVideoShortcut,AddWithShortenedURLToWCViaItemSelector,,,,true,,true,,Depot
LocalFile,DepotVideoShortcut,SearchForTag,,,,true,,true,,Depot
LocalFile,DepotVideoShortcut,SearchForUnsearchableTag,,,,true,,true,,Depot
LocalFile,DepotVideoShortcut,ViewFromDisconnectedSite,,,,true,,true,,Depot
LocalFile,DepotVideoShortcut,ViewInRelatedAssets,,,,true,,true,,Depot
LocalFile,DepotSharing,AssertNotifications,,,,true,,true,,Depot
LocalFile,DepotSharing,DisableSharing,,,,true,,true,,Depot
LocalFile,DepotSharing,ManageCollaborators,,,,true,,true,,Depot
LocalFile,DepotSharing,ShareSameDocumentByDifferentUsers,,,,true,,true,,Depot
LocalFile,DepotSharing,ViewAndRemoveCollaborators,,,,true,,true,,Depot
LocalFile,DepotWC,DeleteFolder,,,,true,,true,,Depot
LocalFile,DepotWC,DeleteMultipleWebContent,,,,true,,true,,Depot
LocalFile,DepotWC,DeleteTemplateAndStructure,,,,true,,true,,Depot
LocalFile,DepotWC,EditFolder,,,,true,,true,,Depot
LocalFile,DepotWC,EditTemplateAndStructure,,,,true,,true,,Depot
LocalFile,DepotWC,EditWebContent,,true,,true,,true,,Depot
LocalFile,DepotWC,ExpireWebContent,,,,true,,true,,Depot
LocalFile,DepotWC,ImportWebContent,,,,true,,true,,Depot
LocalFile,DepotWC,MoveWebContentToFolder,,,,true,,true,,Depot
LocalFile,DepotWC,RestoreWebContentWithStructure,,,,true,,true,,Depot
LocalFile,DepotCollections,AddDocTypeDocumentsManually,,,,true,,true,,Depot
LocalFile,DepotCollections,ChangeScope,,,,true,,true,,Depot
LocalFile,DepotCollections,CreateSetOnSiteUsingDepotWC,,,,true,,true,,Depot
LocalFile,DepotCollections,DisableAllAssetTypes,,,,true,,true,,Depot
LocalFile,DepotCollections,DisableCollections,,,,true,,true,,Depot
LocalFile,DepotCollections,DisableDM,,,,true,,true,,Depot
LocalFile,DepotCollections,DisableWC,,,,true,,true,,Depot
LocalFile,DepotCollections,DisplayImageInAP,,,,true,,true,,Depot
LocalFile,DepotCollections,DisplayWebContentWithTagInAP,,,,true,,true,,Depot
LocalFile,DepotCollections,ExcludeImagesDynamically,,,,true,,true,,Depot
LocalFile,DepotCollections,RemoveAssetFromContentSet,,,,true,,true,,Depot
LocalFile,DepotCollections,SelectAllWebContentDynamically,,,,true,,true,,Depot
LocalFile,DepotCollections,SelectDocumentFromOtherScopeDynamically,,,,true,,true,,Depot
LocalFile,DepotCollections,SelectMultipleDocumentsManually,,,,true,,true,,Depot
LocalFile,DepotCollections,SelectMultipleWebContentManually,,,,true,,true,,Depot
LocalFile,DepotCollections,SelectWCFromAllScopesDynamically,,,,true,,true,,Depot
LocalFile,DepotCollections,SelectWCFromOtherScopeDynamically,,,,true,,true,,Depot
LocalFile,DepotCollections,SelectWebContentWithStructure,,,,true,,true,,Depot
LocalFile,DepotCollections,Smoke,,true,,true,,true,Asset Lists,Depot
LocalFile,DepotIntegration,AddMultipleSites,,,,true,,true,,Depot
LocalFile,DepotIntegration,ConnectStagedSite,,,,true,,true,,Depot
LocalFile,DepotIntegration,DeactivateAndDeleteSite,,,,true,,true,,Depot
LocalFile,DepotIntegration,DisconnectFromSite,,,,true,,true,,Depot
LocalFile,DepotIntegration,ReenableSearchability,,,,true,,true,,Depot
LocalFile,DepotIntegration,SearchForDocument,,,,true,,true,,Depot
LocalFile,DepotIntegration,SearchForDocumentFromDisconnectedSite,,,,true,,true,,Depot
LocalFile,DepotIntegration,SearchForTag,,,,true,,true,,Depot
LocalFile,DepotIntegration,SearchForUnsearchableDocument,,,,true,,true,,Depot
LocalFile,DepotIntegration,SearchForUnsearchableTag,,,,true,,true,,Depot
LocalFile,DepotIntegration,SearchForUnsearchableUser,,,,true,,true,,Depot
LocalFile,DepotIntegration,SearchForUnsearchableWC,,,,true,,true,,Depot
LocalFile,DepotIntegration,SearchForUser,,,,true,,true,,Depot
LocalFile,DepotIntegration,SearchForWebContent,,true,,true,,true,,Depot
LocalFile,DepotIntegration,Smoke,,true,,true,,true,,Depot
LocalFile,DepotIntegration,ViewDocumentFromAnotherSite,,,,true,,true,,Depot
LocalFile,DepotIntegration,ViewImageFromChildSite,,,,true,,true,,Depot
LocalFile,DepotRoles,AccessALAfterRevokingMembership,,,,true,,true,,Depot
LocalFile,DepotRoles,AddSiteMemberWithPermissionsAfterConnectingSite,,,,true,,true,,Depot
LocalFile,DepotRoles,AssignALRoleWithAllWCPermissions,,,,true,,true,,Depot
LocalFile,DepotRoles,AssignALRoleWithDMEditPermissions,,,,true,,true,,Depot
LocalFile,DepotRoles,DeleteALRole,,,,true,,true,,Depot
LocalFile,DepotRoles,EditALRole,,,,true,,true,,Depot
LocalFile,DepotRoles,ViewALAdminRole,,,,true,,true,,Depot
LocalFile,DepotRoles,ViewExistingSiteMemberAfterConnectingSite,,,,true,,true,,Depot
LocalFile,DepotRemoteStagingWC,DeleteImageInDepot,,,,true,,true,,Depot
LocalFile,DepotRemoteStagingWC,EditFriendlyURLInDepot,,,,true,,true,,Depot
LocalFile,DepotRemoteStagingWC,EditImageInDepot,,true,,true,,true,,Depot
LocalFile,DepotRemoteStagingWC,PublishDeletedWCCustomization,,,,true,,true,,Depot
LocalFile,DepotRemoteStagingWC,PublishEditedWCCustomization,,,,true,,true,,Depot
LocalFile,DepotRemoteStagingWC,PublishWCWithCategory,,,,true,,true,,Depot
LocalFile,DepotRemoteStagingWC,PublishWCWithEmbeddedVideo,,,,true,,true,,Depot
LocalFile,DepotRemoteStagingWC,PublishWebContentFolder,,,,true,,true,,Depot
LocalFile,DepotLocalStagingWC,DeleteImageInDepot,,,,true,,true,,Depot
LocalFile,DepotLocalStagingWC,EditFriendlyURLInDepot,,,,true,,true,,Depot
LocalFile,DepotLocalStagingWC,EditImageInDepot,,,,true,,true,,Depot
LocalFile,DepotLocalStagingWC,PublishDeletedWCCustomization,,,,true,,true,,Depot
LocalFile,DepotLocalStagingWC,PublishEditedWCCustomization,,,,true,,true,,Depot
LocalFile,DepotLocalStagingWC,PublishWCWithCategory,,,,true,,true,,Depot
LocalFile,DepotLocalStagingWC,PublishWCWithEmbeddedVideo,,,,true,,true,,Depot
LocalFile,DepotLocalStagingWC,PublishWebContentFolder,,,,true,,true,,Depot
LocalFile,DepotPermission,AccessMembershipWithAllPermissions,,,,true,,true,,Depot
LocalFile,DepotPermission,AccessMembershipWithViewOnlyPermissions,,,,true,,true,,Depot
LocalFile,DepotPermission,AddWebContentPermissionWithinDepot,,,,true,,true,,Depot
LocalFile,DepotPermission,ConfigureRoleWithAllPermissions,,,,true,,true,,Depot
LocalFile,DepotPermission,ConfigureRoleWithViewOnly,,,,true,,true,,Depot
LocalFile,DepotPermission,SearchDepotWithoutViewPermissions,,,,true,,true,,Depot
LocalFile,DepotPermission,SelectAndDeselectScopeFromCollectionsPermissions,,,,true,,true,,Depot
LocalFile,DepotPermission,SelectAndDeselectScopeFromDMPermissions,,,,true,,true,,Depot
LocalFile,DepotPermission,SelectAndDeselectScopeFromWCPermissions,,,,true,,true,,Depot
LocalFile,DepotPermission,ValidateDocumentCannotBeSelectedWithoutPermissions,,,,true,,true,,Depot
LocalFile,DepotPermission,ValidatePermissionsScope,,,,true,,true,,Depot
LocalFile,DepotPermission,ViewDashBoardWithAccessApplicationPermissions,,,,true,,true,,Depot
LocalFile,DepotPermission,ViewDocumentOnSiteAndLibrary,,,,true,,true,,Depot
LocalFile,DepotPermission,ViewScopeFromUnsupportedApplicationPermissions,,,,true,,true,,Depot
LocalFile,DepotWCIntegration,ChangeWCDSelection,,,,true,,true,,Depot
LocalFile,DepotWCIntegration,RemoveCustomizedWC,,,,true,,true,,Depot
LocalFile,DepotWCIntegration,RemoveCustomizedWCFromDisconnectedSite,,,,true,,true,,Depot
LocalFile,DepotWCIntegration,SelectDepotContentViaPageTemplate,,,,true,,true,,Depot
LocalFile,DepotWCIntegration,SelectDepotContentViaWebContentField,,,,true,,true,,Depot
LocalFile,DepotWCIntegration,SelectFromFragmentInContentPage,,,,true,,true,,Depot
LocalFile,DepotWCIntegration,SelectFromFragmentInDisplayPageTemplate,,,,true,,true,,Depot
LocalFile,DepotWCIntegration,SelectFromWCD,,,,true,,true,,Depot
LocalFile,DepotWCIntegration,SelectFromWidgetInContentPage,,,,true,,true,,Depot
LocalFile,DepotWCIntegration,SelectFromWidgetInDisplayPageTemplate,,,,true,,true,,Depot
LocalFile,DepotWCIntegration,SelectStructureInDepotViaTemplateOnSite,,,,true,,true,,Depot
LocalFile,DepotWCIntegration,ViewCustomizedWCInAP,,,,true,,true,,Depot
LocalFile,DepotWCIntegration,ViewCustomizedWCInWCD,,,,true,,true,,Depot
LocalFile,DepotWCIntegration,ViewStructuresScopeList,,,,true,,true,,Depot
LocalFile,DepotWorkflow,ApproveImage,,true,,true,,true,,Depot
LocalFile,DepotWorkflow,ApproveWCArticle,,true,,true,,true,,Depot
LocalFile,DepotWorkflow,ApproveWCArticleByContentReviewer,,,,true,,true,,Depot
LocalFile,DepotWorkflow,ApproveWCArticleWithinDepot,,,,true,,true,,Depot
LocalFile,DepotWorkflow,ApproveWCInFolder,,,,true,,true,,Depot
LocalFile,DepotWorkflow,RejectAndResubmitImage,,,,true,,true,,Depot
LocalFile,DepotWorkflow,RejectAndResubmitWC,,,,true,,true,,Depot
LocalFile,DepotWorkflow,RejectandResubmitWCArticleWithinDepot,,,,true,,true,,Depot
LocalFile,DepotWorkflow,RejectWCArticleByContentReviewer,,,,true,,true,,Depot
LocalFile,DepotWorkflow,RestoreDMFolderWorkflowToDefault,,,,true,,true,,Depot
LocalFile,DepotWorkflow,RestoreWCFolderWorkflowToDefault,,,,true,,true,,Depot
LocalFile,DepotWorkflow,Smoke,,true,,true,,true,,Depot
LocalFile,DepotLocalStagingDM,DeleteBlogImageInDepot,,,,true,,true,,Depot
LocalFile,DepotLocalStagingDM,DeleteBlogInlineImageInDepot,,,,true,,true,,Depot
LocalFile,DepotLocalStagingDM,DeleteDocumentInDepot,,,,true,,true,,Depot
LocalFile,DepotLocalStagingDM,DeleteDocumentWithCustomField,,,,true,,true,,Depot
LocalFile,DepotLocalStagingDM,DeleteImageInDepot,,true,,true,,true,,Depot
LocalFile,DepotLocalStagingDM,DeleteOpenGraphImageInDepot,,,,true,,true,,Depot
LocalFile,DepotLocalStagingDM,DeleteVideoShortcutInDepot,,,,true,,true,,Depot
LocalFile,DepotLocalStagingDM,DeleteWebContentImageInDepot,,,,true,,true,,Depot
LocalFile,DepotLocalStagingDM,EditBlogImage,,,,true,,true,,Depot
LocalFile,DepotLocalStagingDM,EditBlogInlineImage,,,,true,,true,,Depot
LocalFile,DepotLocalStagingDM,EditBlogSmallImage,,,,true,,true,,Depot
LocalFile,DepotLocalStagingDM,EditDocumentInDepot,,true,,true,,true,,Depot
LocalFile,DepotLocalStagingDM,EditDocumentWithCustomField,,,,true,,true,,Depot
LocalFile,DepotLocalStagingDM,EditImageInDepot,,,,true,,true,,Depot
LocalFile,DepotLocalStagingDM,EditInternalVideoInDepot,,,,true,,true,,Depot
LocalFile,DepotLocalStagingDM,EditOpenGraphImage,,,,true,,true,,Depot
LocalFile,DepotLocalStagingDM,EditWebContentImage,,,,true,,true,,Depot
LocalFile,DepotLocalStagingDM,PublishDMWithDocumentType,,,,true,,true,,Depot
LocalFile,DepotLocalStagingDM,PublishDocumentFolder,,,,true,,true,,Depot
LocalFile,DepotLocalStagingDM,PublishImageShortcut,,,,true,,true,,Depot
LocalFile,DepotLocalStagingDM,PublishImageWithCustomField,,,,true,,true,,Depot
LocalFile,DepotLocalStagingDM,PublishImageWithLatestVersion,,,,true,,true,,Depot
LocalFile,DepotLocalStagingDM,PublishImageWithLatestVersionInBlogs,,,,true,,true,,Depot
LocalFile,DepotLocalStagingDM,PublishVideoShortcutThumbnail,,,,true,,true,,Depot
LocalFile,DepotLocalStagingDM,RemoveBlogSmallImage,,,,true,,true,,Depot
LocalFile,DepotLocalStagingDM,SearchForPendingDocument,,,,true,,true,,Depot
LocalFile,DepotLocalStagingDM,SelectUnavailableStructure,,,,true,,true,,Depot
LocalFile,DepotLocalStagingDM,ViewApprovedDocument,,,,true,,true,,Depot
LocalFile,DepotLocalStagingDM,ViewImageAfterScopedFilter,,,,true,,true,,Depot
LocalFile,DepotLocalStagingDM,ViewImageFromDisconnectedSite,,,,true,,true,,Depot
LocalFile,DepotLocalStagingDM,ViewPendingImage,,,,true,,true,,Depot
LocalFile,DepotRemoteStagingDM,DeleteBlogImageInDepot,,,,true,,true,,Depot
LocalFile,DepotRemoteStagingDM,DeleteBlogInlineImageInDepot,,,,true,,true,,Depot
LocalFile,DepotRemoteStagingDM,DeleteDocumentInDepot,,,,true,,true,,Depot
LocalFile,DepotRemoteStagingDM,DeleteDocumentWithCustomField,,,,true,,true,,Depot
LocalFile,DepotRemoteStagingDM,DeleteImageInDepot,,quarantine,,true,,quarantine,,Depot
LocalFile,DepotRemoteStagingDM,DeleteOpenGraphImageInDepot,,,,true,,true,,Depot
LocalFile,DepotRemoteStagingDM,DeleteVideoShortcutInDepot,,,,true,,true,,Depot
LocalFile,DepotRemoteStagingDM,DeleteWebContentImageInDepot,,,,true,,true,,Depot
LocalFile,DepotRemoteStagingDM,EditBlogImage,,,,true,,true,,Depot
LocalFile,DepotRemoteStagingDM,EditBlogInlineImage,,,,true,,true,,Depot
LocalFile,DepotRemoteStagingDM,EditBlogSmallImage,,,,true,,true,,Depot
LocalFile,DepotRemoteStagingDM,EditDocumentInDepot,,,,true,,true,,Depot
LocalFile,DepotRemoteStagingDM,EditDocumentWithCustomField,,,,true,,true,,Depot
LocalFile,DepotRemoteStagingDM,EditImageInDepot,,,,true,,true,,Depot
LocalFile,DepotRemoteStagingDM,EditInternalVideoInDepot,,,,true,,true,,Depot
LocalFile,DepotRemoteStagingDM,EditOpenGraphImage,,,,true,,true,,Depot
LocalFile,DepotRemoteStagingDM,EditWebContentImage,,,,true,,true,,Depot
LocalFile,DepotRemoteStagingDM,PublishDMWithDocumentType,,,,true,,true,,Depot
LocalFile,DepotRemoteStagingDM,PublishDocumentFolder,,,,true,,true,,Depot
LocalFile,DepotRemoteStagingDM,PublishImageShortcut,,,,true,,true,,Depot
LocalFile,DepotRemoteStagingDM,PublishImageWithCustomField,,,,true,,true,,Depot
LocalFile,DepotRemoteStagingDM,PublishImageWithLatestVersion,,,,true,,true,,Depot
LocalFile,DepotRemoteStagingDM,PublishImageWithLatestVersionInBlogs,,,,true,,true,,Depot
LocalFile,DepotRemoteStagingDM,PublishVideoShortcutThumbnail,,,,true,,true,,Depot
LocalFile,DepotRemoteStagingDM,RemoveBlogSmallImage,,,,true,,true,,Depot
LocalFile,DepotRemoteStagingDM,SearchForPendingDocument,,,,true,,true,,Depot
LocalFile,DepotRemoteStagingDM,SelectUnavailableStructure,,,,true,,true,,Depot
LocalFile,DepotRemoteStagingDM,ViewApprovedDocument,,,,true,,true,,Depot
LocalFile,DepotRemoteStagingDM,ViewImageAfterScopedFilter,,,,true,,true,,Depot
LocalFile,DepotRemoteStagingDM,ViewImageFromDisconnectedSite,,,,true,,true,,Depot
LocalFile,DepotRemoteStagingDM,ViewPendingImage,,,,true,,true,,Depot
LocalFile,GoogleDriveUpgrade,ViewGoogleDriveArchive72101,,,,true,,quarantine,Documents Management,Upgrades Collaboration
LocalFile,GoogleDrive,AddGoogleEntryWithDuplicateFileName,,,,true,,true,,Online Editing
LocalFile,GoogleDrive,AddGoogleEntryWithDuplicateTitle,,,,true,,true,,Online Editing
LocalFile,GoogleDrive,AutoTagGoogleDoc,,,,true,,true,,Online Editing
LocalFile,GoogleDrive,CancelGoogleDocCreation,,,,true,,true,,Online Editing
LocalFile,GoogleDrive,CancelGoogleDocEdit,,,,true,,true,,Online Editing
LocalFile,GoogleDrive,CancelGoogleSheetCreation,,,,true,,true,,Online Editing
LocalFile,GoogleDrive,CancelGoogleSheetEdit,,,,true,,true,,Online Editing
LocalFile,GoogleDrive,CancelGoogleSlideCreation,,,,true,,true,,Online Editing
LocalFile,GoogleDrive,CancelGoogleSlideEdit,,,,true,,true,,Online Editing
LocalFile,GoogleDrive,CheckOutGoogleDoc,,,,true,,true,,Online Editing
LocalFile,GoogleDrive,CheckOutGoogleSheet,,,,true,,true,,Online Editing
LocalFile,GoogleDrive,EditGoogleDoc,,,,true,,true,,Online Editing
LocalFile,GoogleDrive,EditGoogleDocWithSpecialCharacters,,,,true,,true,,Online Editing
LocalFile,GoogleDrive,EditGoogleDocWithWorkflow,,,,true,,true,,Online Editing
LocalFile,GoogleDrive,EditGoogleSheet,,,,true,,true,,Online Editing
LocalFile,GoogleDrive,EditGoogleSlide,,,,true,,true,,Online Editing
LocalFile,GoogleDrive,GoogleDocSmoke,,,,true,,true,,Online Editing
LocalFile,GoogleDrive,GoogleSheetSmoke,,,,true,,true,,Online Editing
LocalFile,GoogleDrive,GoogleSlideSmoke,,,,true,,true,,Online Editing
LocalFile,GoogleDrive,RevokeGoogleDriveCredentials,,,,true,,true,,Online Editing
LocalFile,GoogleDrive,SaveGoogleDocAfterLoggingOut,,,,true,,true,,Online Editing
LocalFile,ImageSelector,PreviewMultipleImagesInBlogsImages,,,,true,,true,,Item Selector
LocalFile,ImageSelector,PreviewMultipleImagesInDM,,,,true,,true,,Item Selector
LocalFile,ImageSelector,PreviewSingleImage,,true,,true,,true,,Item Selector
LocalFile,ItemSelector,AddBlogsImageViaURL,,true,,true,,true,,Item Selector
LocalFile,ItemSelector,AddSVGImageToFragmentBackground,,,,true,,true,,Item Selector
LocalFile,ItemSelector,ChangeSelectedPageNavigationMenu,,,,true,,true,,Item Selector
LocalFile,ItemSelector,ClearFilterResults,,,,true,,true,,Item Selector
LocalFile,ItemSelector,FilterByCurrentSite,,,,true,,true,,Item Selector
LocalFile,ItemSelector,FilterCustomWCFromCurrentDepot,,,,true,,true,,Item Selector
LocalFile,ItemSelector,FilterFolderFromCurrentDepot,,,,true,,true,,Item Selector
LocalFile,ItemSelector,FilterImageFromCurrentDepot,,,,true,,true,,Item Selector
LocalFile,ItemSelector,FilterWCByCurrentSite,,,,true,,true,,Item Selector
LocalFile,ItemSelector,FilterWCFolderFromCurrentDepot,,,,true,,true,,Item Selector
LocalFile,ItemSelector,FilterWCFromCurrentDepot,,,,true,,true,,Item Selector
LocalFile,ItemSelector,FragmentSmoke,,,,true,,true,,Item Selector
LocalFile,ItemSelector,PaginateFiles,,,,true,,true,,Item Selector
LocalFile,ItemSelector,PaginateFilesAfterScopedFilter,,,,true,,true,,Item Selector
LocalFile,ItemSelector,PreviewFacebookVideo,,,,true,,true,,Item Selector
LocalFile,ItemSelector,PreviewInvalidVideos,,,,true,,true,,Item Selector
LocalFile,ItemSelector,PreviewSupportedVideos,,,,true,,true,,Item Selector
LocalFile,ItemSelector,PreviewSVG,,,,true,,true,,Item Selector
LocalFile,ItemSelector,PreviewTwitchVideo,,,,true,,true,,Item Selector
LocalFile,ItemSelector,PreviewVimeoVideo,,,,true,,true,,Item Selector
LocalFile,ItemSelector,PreviewYouTubeVideo,,,,true,,true,,Item Selector
LocalFile,ItemSelector,ViewBlogsImageNoScopeFilter,,,,true,,true,,Item Selector
LocalFile,ItemSelector,ViewDocumentsLocationInfo,,,,true,,true,,Item Selector
LocalFile,ItemSelector,ViewFilterResultsInSpecificBreadcrumb,,,,true,,true,,Item Selector
LocalFile,ItemSelector,ViewFolderImageViaFilterResults,,,,true,,true,,Item Selector
LocalFile,ItemSelector,ViewFolderWCViaFilterResults,,,,true,,true,,Item Selector
LocalFile,ItemSelector,ViewVideoThumbnailsViaWC,,,,true,,true,,Item Selector
LocalFile,ItemSelector,ViewWCDraftViaFilterResults,,,,true,,true,,Item Selector
LocalFile,ItemSelector,ViewWCLocationInfo,,,,true,,true,,Item Selector
LocalFile,FriendlyURLService,AccessWithSpecificDisabledLanguage,,,,true,,true,,Friendly URL Service
LocalFile,FriendlyURLService,RedirectToUpdatedFriendlyURL,,,,true,,true,,Friendly URL Service
LocalFile,FriendlyURLService,RedirectToUpdatedLocalizedFriendlyURL,,,,true,,true,,Friendly URL Service
LocalFile,FriendlyURLService,RemoveOldFriendlyURL,,,,true,,true,,Friendly URL Service
LocalFile,FriendlyURLService,RestoreOldFriendlyURL,,,,true,,true,,Friendly URL Service
LocalFile,FriendlyURLService,StagingFriendlyURLRedirect,,,,true,,true,,Friendly URL Service
LocalFile,FriendlyURLService,StagingLocalizedFriendlyURLRedirect,,,,true,,true,,Friendly URL Service
LocalFile,FriendlyURLService,ViewFriendlyURLs,,,,true,,true,,Friendly URL Service
LocalFile,FriendlyURLService,ViewFriendlyURLsViaDefaultPage,,,,true,,true,,Friendly URL Service
LocalFile,FriendlyURLService,ViewFriendlyURLWithSpecialCharacters,,,,true,,true,,Friendly URL Service
LocalFile,FriendlyURLService,ViewLocalizedFriendlyURLs,,,,true,,true,,Friendly URL Service
LocalFile,FriendlyURLService,ViewMultipleOldFriendlyURLs,,,,true,,true,,Friendly URL Service
LocalFile,FriendlyURLService,ViewURLsAfterLocalizationWithoutFriendlyURL,,,,true,,true,,Friendly URL Service
LocalFile,ContentPageReviewUpgrade,ViewContentPageReviewArchive72101,,,,true,,true,Content Page Review,Upgrades Collaboration
LocalFile,ContentPageReview,AddComment,,,,true,,true,,Content Page Review
LocalFile,ContentPageReview,AddCommentWithEscapeCharacters,,,,true,,true,,Content Page Review
LocalFile,ContentPageReview,DeleteComment,,,,true,,true,,Content Page Review
LocalFile,ContentPageReview,ReopenResolvedComment,,,,true,,true,,Content Page Review
LocalFile,ContentPageReview,ResolveComment,,,,true,,true,,Content Page Review
LocalFile,ContentPageReview,Smoke,,,,true,,true,,Content Page Review
LocalFile,ContentPageReview,ViewComment,,,,true,,true,,Content Page Review
LocalFile,ContentPageReview,ViewCommentAfterDeactivatingStaging,,,,true,,true,,Content Page Review
LocalFile,ContentPageReview,ViewCommentAfterDiscardedDraft,,,,true,,true,,Content Page Review
LocalFile,ContentPageReview,ViewCommentAsNonCreator,,,,true,,true,,Content Page Review
LocalFile,ContentPageReview,ViewCommentList,,,,true,,true,,Content Page Review
LocalFile,ContentPageReview,ViewCommentListNavigation,,,,true,,true,,Content Page Review
LocalFile,ContentPageReview,ViewCommentOnDifferentExperience,,,,true,,true,,Content Page Review
LocalFile,ContentPageReview,ViewCommentViaFragment,,,,true,,true,,Content Page Review
LocalFile,ContentPageReview,ViewEditedComment,,,,true,,true,,Content Page Review
LocalFile,ContentPageReview,ViewMultipleCommentsList,,,,true,,true,,Content Page Review
LocalFile,ContentPageReview,ViewMultipleReplies,,,,true,,true,,Content Page Review
LocalFile,CustomMetaTagsUpgrade,ViewCustomMetaTags730,,,,,,,SEO,Upgrades Collaboration
LocalFile,OpenGraphUpgrade,ViewOpenGraph730,,,,,,,SEO,Upgrades Collaboration
LocalFile,SERPPreviewUpgrade,ViewSERPPreview730,,,,,,,SEO,Upgrades Collaboration
LocalFile,SEO,MapBlogsToDisplayPage,,,,true,,true,,SEO
LocalFile,SEO,MapDocumentToDisplayPage,,,,true,,true,,SEO
LocalFile,SEO,MapWebContentToDisplayPage,,,,true,,true,,SEO
LocalFile,SERPPreview,Smoke,,true,,true,,true,,SEO
LocalFile,SERPPreview,ValidateLongInputs,,,,true,,true,,SEO
LocalFile,SERPPreview,ViewPreviewWhenSwitchingTranslations,,,,true,,true,,SEO
LocalFile,SERPPreview,ViewTranslatedLanguages,,,,true,,true,,SEO
LocalFile,CustomMetaTags,AddTagWithEscapeCharacters,,,,true,,true,,SEO
LocalFile,CustomMetaTags,ClearCustomTag,,,,true,,true,,SEO
LocalFile,CustomMetaTags,EditTag,,,,true,,true,,SEO
LocalFile,CustomMetaTags,ViewMultipleTranslatedTags,,,,true,,true,,SEO
LocalFile,CustomMetaTags,ViewTagAfterEditingPage,,,,true,,true,,SEO
LocalFile,CustomMetaTags,ViewTagWithoutPropertyOrContent,,,,true,,true,,SEO
LocalFile,CustomMetaTags,ViewTranslatedTagWithDefaultValue,,,,true,,true,,SEO
LocalFile,OpenGraphPreview,PreviewAfterReplacingImage,,,,true,,true,,SEO
LocalFile,OpenGraphPreview,PreviewInheritedSEO,,,,true,,true,,SEO
LocalFile,OpenGraphPreview,Smoke,,true,,true,,true,,SEO
LocalFile,OpenGraphPreview,ValidateEscapeCharacters,,,,true,,true,,SEO
LocalFile,OpenGraphPreview,ValidateLongInputs,,,,true,,true,,SEO
LocalFile,OpenGraphPreview,ValidateReturnToDefault,,,,true,,true,,SEO
LocalFile,OpenGraphPreview,ViewArabicTranslation,,,,true,,true,,SEO
LocalFile,OpenGraphPreview,ViewSpecialImages,,,,true,,true,,SEO
LocalFile,OpenGraphPreview,ViewTranslatedLanguages,,,,true,,true,,SEO
LocalFile,OpenGraphPreview,ViewUntranslatedLanguage,,,,true,,true,,SEO
LocalFile,OpenGraphImages,ChangeImageTag,,,,true,,true,,SEO
LocalFile,OpenGraphImages,ChangeSiteImage,,true,,true,,true,,SEO
LocalFile,OpenGraphImages,ClearImageAtPageLevel,,,,true,,true,,SEO
LocalFile,OpenGraphImages,ClearImageAtSiteLevel,,,,true,,true,,SEO
LocalFile,OpenGraphImages,ConfigurePageSpecificAltDescription,,,,true,,true,,SEO
LocalFile,OpenGraphImages,ConfigurePageSpecificImage,,,,true,,true,,SEO
LocalFile,OpenGraphImages,DisableAfterAddingImage,,,,true,,true,,SEO
LocalFile,OpenGraphImages,EditAltDescription,,true,,true,,true,,SEO
LocalFile,OpenGraphImages,ViewImageWithMetaTags,,true,,true,,true,,SEO
LocalFile,OpenGraphImages,ViewTranslatedAltDescription,,,,true,,true,,SEO
LocalFile,OpenGraph,CustomizeMetaTags,,,,true,,true,,SEO
LocalFile,OpenGraph,CustomizeMetaTagsWithEscapeCharacters,,,,true,,true,,SEO
LocalFile,OpenGraph,DisableConfiguration,,true,,true,,true,,SEO
LocalFile,OpenGraph,DisableConfigurationAtSiteLevel,,,,true,,true,,SEO
LocalFile,OpenGraph,EditMetaTagCustomizations,,,,true,,true,,SEO
LocalFile,OpenGraph,MapBlogsToDisplayPage,,,,true,,true,,SEO
LocalFile,OpenGraph,MapDocumentToDisplayPage,,,,true,,true,,SEO
LocalFile,OpenGraph,MapSiteImageToDisplayPage,,,,true,,true,,SEO
LocalFile,OpenGraph,MapWebContentToDisplayPage,,,,true,,true,,SEO
LocalFile,OpenGraph,RevertCustomTitle,,,,true,,true,,SEO
LocalFile,OpenGraph,Smoke,,true,,true,,true,,SEO
LocalFile,OpenGraph,ViewNewPageWithMetaTags,,,,true,,true,,SEO
LocalFile,WorkflowCEMetrics,MetricsUnavailableForCECustomers,,true,,true,,true,,Workflow
LocalFile,WorkflowBlogs,ApproveBlogsEntryCP,,,,true,,true,,Workflow
LocalFile,WorkflowBlogs,RejectBlogsEntryCP,,,,true,,true,,Workflow
LocalFile,WorkflowadminCPWebcontent,ApproveInWCSubfolderWorkflow,,true,,true,,true,Training,Workflow
LocalFile,WorkflowAssetPublisher,ApproveBlogsEntryPG,,,,true,,true,,Workflow
LocalFile,WorkflowAssetPublisher,ApproveMessageBoardsThreadPG,,,,true,,true,,Workflow
LocalFile,WorkflowAssetPublisher,ApproveWebContentPG,,,,true,,true,,Workflow
LocalFile,WorkflowAssetPublisher,RejectBlogsEntryPG,,,,true,,true,,Workflow
LocalFile,WorkflowWebContent,ConfigureFolderWorkflow,,,,true,,true,,Workflow
LocalFile,WorkflowWebContent,EditWebContentInReviewProcess,,true,,true,,true,Training,Workflow
LocalFile,WorkflowWebContentDisplay,ApproveWebContentViaWebContentDisplayPG,,,,true,,true,,Workflow
LocalFile,WorkflowWebContentDisplay,RejectWebContentViaWebContentDisplayPG,,,,true,,true,,Workflow
LocalFile,WorkflowUpgrade,SubmitAndApproveWorkflowAfterUpgrade625,,,,true,,,Workflow,Upgrades Workflow
LocalFile,WorkflowUpgrade,SubmitAndApproveWorkflowAfterUpgrade704,,,,true,,,Workflow,Upgrades Workflow
LocalFile,WorkflowUpgrade,SubmitAndApproveWorkflowAfterUpgrade713,,,,true,,,Workflow,Upgrades Workflow
LocalFile,WorkflowUpgrade,SubmitAndApproveWorkflowAfterUpgrade7110,,,,true,,,Workflow,Upgrades Workflow
LocalFile,WorkflowUpgrade,SubmitAndApproveWorkflowAfterUpgrade70106,,,,true,,,Workflow,Upgrades Workflow
LocalFile,WorkflowUpgrade,SubmitAndApproveWorkflowAfterUpgrade621015,,,,true,,,Workflow,Upgrades Workflow
LocalFile,WorkflowUpgrade,SubmitAndApproveWorkflowAfterUpgrade621021,,,,true,,,Workflow,Upgrades Workflow
LocalFile,WorkflowUpgrade,ViewWorkflowArchive625,,,,true,,quarantine,Workflow,Upgrades Workflow
LocalFile,WorkflowUpgrade,ViewWorkflowArchive704,,,,true,,quarantine,Workflow,Upgrades Workflow
LocalFile,WorkflowUpgrade,ViewWorkflowArchive70106,,,,true,,quarantine,Workflow,Upgrades Workflow
LocalFile,WorkflowUpgrade,ViewWorkflowArchive621015,,,,true,,quarantine,Workflow,Upgrades Workflow
LocalFile,WorkflowUpgrade,ViewWorkflowArchive621021,,,,true,,quarantine,Workflow,Upgrades Workflow
LocalFile,WorkflowUser,CreateNewUserAccount,,true,,true,,true,Users and Organizations,Workflow
LocalFile,WorkflowUser,ViewUserPreview,,,,true,,true,Users and Organizations,Workflow
LocalFile,WorkflowDDL,EditDDLRecordViaMyWorkflowTasks,,true,,true,,true,"Dynamic Data Lists,Workflow",Workflow
LocalFile,WorkflowDDL,RejectDynamicdatalistCP,,,,true,,true,"Dynamic Data Lists,Workflow",Workflow
LocalFile,WorkflowMessageBoards,ApproveMessageBoardsThreadPG,,,,true,,true,,Workflow
LocalFile,WorkflowMessageBoards,RejectMessageBoardsThreadPG,,,,true,,true,,Workflow
LocalFile,WorkflowMySubmissions,WithdrawTaskAssignedToMeByActions,,,,true,,true,,Workflow
LocalFile,WorkflowMySubmissions,WithdrawTaskAssignedToMeByDetails,,,,true,,true,,Workflow
LocalFile,WorkflowMySubmissions,WithdrawTaskAssignedToMyRolesByActions,,,,true,,true,,Workflow
LocalFile,WorkflowMySubmissions,WithdrawTaskAssignedToMyRolesByDetails,,,,true,,true,,Workflow
LocalFile,WorkflowMySubmissions,WithdrawTaskCompletedNoByActions,,,,true,,true,,Workflow
LocalFile,WorkflowMySubmissions,WithdrawTaskCompletedNoByDetails,,,,true,,true,,Workflow
LocalFile,WorkflowPageComments,ApprovePageCommentPG,,,,true,,true,"Comment,Workflow",Workflow
LocalFile,WorkflowPageComments,DeleteComment,,,,true,,true,"Comment,Workflow",Workflow
LocalFile,WorkflowPageComments,EditCommentAssignedToMe,,true,,true,,true,"Comment,Workflow",Workflow
LocalFile,WorkflowPageComments,RejectPageCommentPG,,,,true,,true,"Comment,Workflow",Workflow
LocalFile,WorkflowCalendar,ApproveEventWithInvitedUser,,,,true,,true,,Workflow
LocalFile,WorkflowCalendar,DeleteAndRestoreEvent,,,,true,,quarantine,,Workflow
LocalFile,WorkflowCalendar,RejectEventWithInvitedUser,,,,true,,true,,Workflow
LocalFile,WorkflowCalendar,ViewPendingStatusInEventDetails,,,,true,,true,,Workflow
LocalFile,WorkflowWiki,ApproveFrontPageUserEdit,,quarantine,,true,,true,Wiki,Workflow
LocalFile,WorkflowWiki,RejectFrontPageUserEdit,,,,true,,true,Wiki,Workflow
LocalFile,WorkflowWiki,RejectWikiPagePG,,,,true,,true,Wiki,Workflow
LocalFile,WorkflowPageRevision,RejectPageRevisionPG,,,,true,,true,,Workflow
LocalFile,WorkflowPageRevision,ViewApprovedPageAfterStagingDeactivated,,true,,true,,true,,Workflow
LocalFile,WorkflowPageRevision,WithdrawWorkflowSubmissionFromRemovedUser,,,,true,,true,,Workflow
LocalFile,WorkflowDocumentsAndMedia,ApproveInDMFolderCustomWorkflow,,,,false,,true,Training,Workflow
LocalFile,WorkflowDocumentsAndMedia,ConfigureFolderWorkflow,,,,true,,true,,Workflow
LocalFile,WorkflowDocumentsAndMedia,PreviewSubmittedEdit,,,,true,,true,,Workflow
LocalFile,WorkflowDocumentsAndMedia,SaveAsDraftAndViewCategories,,,,true,,true,Training,Workflow
LocalFile,WorkflowForms,SubmitPublishedFormWithTextField,,true,,true,,true,"Dynamic Data Lists,Workflow,Forms",Workflow
LocalFile,WorkflowForms,ViewDateAssetDetails,,,,true,,true,"Dynamic Data Lists,Workflow,Forms",Workflow
LocalFile,WorkflowForms,ViewEntryWithConditionalVisibilityFromSelectAndRadio,,,,true,,true,"Dynamic Data Lists,Workflow,Forms",Workflow
LocalFile,WorkflowMyWorkflowTasks,AddCommentToTaskAssignedToMe,,,,true,,true,,Workflow
LocalFile,WorkflowMyWorkflowTasks,AddCommentToTaskAssignedToMyRoles,,,,true,,true,,Workflow
LocalFile,WorkflowMyWorkflowTasks,AddCommentToTaskCompleted,,,,true,,true,,Workflow
LocalFile,WorkflowMyWorkflowTasks,ApproveResubmitTaskByActions,,,,true,,true,,Workflow
LocalFile,WorkflowMyWorkflowTasks,RejectTaskByDetails,,,,true,,true,,Workflow
LocalFile,WorkflowMyWorkflowTasks,ResubmitTaskByDetails,,,,true,,true,,Workflow
LocalFile,WorkflowMyWorkflowTasks,ReviewerApproveResubmitTaskByActionsUser,,,,true,,true,,Workflow
LocalFile,WorkflowMyWorkflowTasks,UpdateDueDateTaskByActions,,,,true,,true,,Workflow
LocalFile,WorkflowUsecase,AddBlogsEntriesWithPortalScopeWorkflowAndAssertWorkflowScope,,,,true,,true,,Workflow
LocalFile,WorkflowUsecase,AddBlogsEntriesWithSiteScopeWorkflowAndAssertWorkflowScope,,,,true,,true,,Workflow
LocalFile,WorkflowUsecase,AddDDLRecordWithDoubleApproverDefinition,,true,,true,,true,Training,Workflow
LocalFile,WorkflowUsecase,AddWebContentWithCategorySpecificDefinition,,,,true,,true,,Workflow
LocalFile,WorkflowUsecase,AddWikiPageAsSiteUser,,,,true,,true,,Workflow
LocalFile,WorkflowUsecase,UnpublishAndDeleteUploadedDefinition,,,,true,,true,,Workflow
LocalFile,WorkflowUsecase,ViewBlogsEntryWorkflowViaNotifications,,,,true,,true,,Workflow
LocalFile,WorkflowUsecase,ViewInvalidDefinitionAlert,,,,true,,true,,Workflow
LocalFile,WorkflowUsecase,ViewTaskCount,,,,true,,true,,Workflow
LocalFile,WorkflowUsecase,ViewWebContentConfigurationCP,,,,true,,true,,Workflow
LocalFile,WorkflowUsecase,ViewWorkflowConfigurationScope,,,,true,,true,,Workflow
LocalFile,WorkflowUsecase,ViewWorkflowSubmissionsFromDifferentUsers,,,,true,,true,,Workflow
LocalFile,WorkflowUsecase,XSSScriptWebContent,,,,true,,true,,Workflow
LocalFile,Ratings,ChangeBlogsRatingType,,,,true,,true,,Ratings
LocalFile,Ratings,CommentAndRateBlogsEntryOnLiveSite,,,,true,,true,,Ratings
LocalFile,Ratings,CommentAndRateWikiFrontPageOnLiveSite,,,,true,,true,,Ratings
LocalFile,Ratings,ExportImportSiteWithCommentsAndRatingsUnderBlogsEntry,,,,true,,true,,Ratings
LocalFile,Ratings,RateAndEditWikiPageComment,,,,true,,true,,Ratings
LocalFile,Ratings,RateBlogsEntry,,true,,true,,true,,Ratings
LocalFile,Ratings,RateKBArticleWithoutSuggestions,,,,true,,true,,Ratings
LocalFile,Ratings,RateMBThreadAndReply,,,,true,,true,,Ratings
LocalFile,Ratings,RateWikiPage,,,,true,,true,,Ratings
LocalFile,Ratings,RemoveRatedStackedStarsFromBlogsEntry,,,,true,,true,,Ratings
LocalFile,Ratings,RevokeBlogsStarsRating,,,,true,,true,,Ratings
LocalFile,Ratings,ViewKBArticleWithEditedStarRatings,,,,true,,true,,Ratings
LocalFile,Ratings,ViewKBArticleWithStarRatings,,,,true,,true,,Ratings
LocalFile,Ratings,ViewLikeCountForDocument,,,,true,,true,,Ratings
LocalFile,RedirectPermission,AddRedirectOrgRole,,,,true,,true,,Redirect
LocalFile,RedirectPermission,AddRedirectRegRole,,,,true,,true,,Redirect
LocalFile,RedirectPermission,AddRedirectSiteRole,,,,true,,true,,Redirect
LocalFile,RedirectPermission,DeleteRedirectOrgRole,,,,true,,true,,Redirect
LocalFile,RedirectPermission,DeleteRedirectRegRole,,,,true,,true,,Redirect
LocalFile,RedirectPermission,DeleteRedirectSiteRole,,,,true,,true,,Redirect
LocalFile,RedirectPermission,UpdateRedirectOrgRole,,,,true,,true,,Redirect
LocalFile,RedirectPermission,UpdateRedirectRegRole,,,,true,,true,,Redirect
LocalFile,RedirectPermission,UpdateRedirectSiteRole,,,,true,,true,,Redirect
LocalFile,RedirectPermission,ViewRedirectPortletOrgRole,,,,true,,true,,Redirect
LocalFile,RedirectPermission,ViewRedirectPortletRegRole,,,,true,,true,,Redirect
LocalFile,RedirectPermission,ViewRedirectPortletSiteRole,,,,true,,true,,Redirect
LocalFile,Redirect,AccessPermanentEntry,,,,true,,true,,Redirect
LocalFile,Redirect,AccessPermanentEntryAfterEdit,,,,true,,true,,Redirect
LocalFile,Redirect,AccessTemporaryEntry,,,,true,,true,,Redirect
LocalFile,Redirect,AccessTemporaryEntryAfterEdit,,,,true,,true,,Redirect
LocalFile,Redirect,AddDuplicateSourceURL,,,,true,,true,,Redirect
LocalFile,Redirect,AddEntryWithoutReferences,,,,true,,true,,Redirect
LocalFile,Redirect,AddEntryWithReferences,,,,true,,true,,Redirect
LocalFile,Redirect,AddExpiredEntryFromActive404,,,,true,,true,,Redirect
LocalFile,Redirect,AddExpiredEntryFromIgnored404,,,,true,,true,,Redirect
LocalFile,Redirect,AddPermanentEntry,,,,true,,true,,Redirect
LocalFile,Redirect,AddPermanentEntryFromActive404,,,,true,,true,,Redirect
LocalFile,Redirect,AddPermanentEntryFromIgnored404,,,,true,,true,,Redirect
LocalFile,Redirect,AddSourceURLWithInvalidCharacters,,,,true,,true,,Redirect
LocalFile,Redirect,AddTempEntryFromActive404,,,,true,,true,,Redirect
LocalFile,Redirect,AddTempEntryFromIgnored404,,,,true,,true,,Redirect
LocalFile,Redirect,AvoidRedirectChain,,,,true,,true,,Redirect
LocalFile,Redirect,CheckDestinationURL,,,,true,,true,,Redirect
LocalFile,Redirect,CreateRedirectChain,,,,true,,true,,Redirect
LocalFile,Redirect,DeleteEntries,,,,true,,true,,Redirect
LocalFile,Redirect,DeleteEntry,,,,true,,true,,Redirect
LocalFile,Redirect,EditEntry,,,,true,,true,,Redirect
LocalFile,Redirect,IgnoreURLAfterReactivation,,,,true,,true,,Redirect
LocalFile,Redirect,Order404URLsByRequests,,,,true,,true,,Redirect
LocalFile,Redirect,Redirect404sToSiteHomePage,,,,true,,true,,Redirect
LocalFile,Redirect,ResetExpiredEntry,,,,true,,true,,Redirect
LocalFile,Redirect,SearchEntry,,,,true,,true,,Redirect
LocalFile,Redirect,Smoke,,,,true,,true,,Redirect
LocalFile,Redirect,UpdateEntryWithCheckingUpdateRedirect,,,,true,,true,,Redirect
LocalFile,Redirect,View404URLsAfterReactivating,,,,true,,true,,Redirect
LocalFile,Redirect,ViewEntryInfo,,,,true,,true,,Redirect
LocalFile,Redirect,ViewExpiredAndActiveEntries,,,,true,,true,,Redirect
LocalFile,Redirect,ViewExpiredPermanentEntry,,,,true,,true,,Redirect
LocalFile,Redirect,ViewExpiredTempEntry,,,,true,,true,,Redirect
LocalFile,Redirect,ViewIgnoredURL,,,,true,,true,,Redirect
LocalFile,TranslationsWorkflow,ApproveEntry,,,,true,,true,,Translations Management
LocalFile,TranslationsWorkflow,ApproveImportToWebContent,,,,true,,true,,Translations Management
LocalFile,TranslationsWorkflow,ApproveNewTranslationForPublishedWC,,,,true,,true,,Translations Management
LocalFile,TranslationsWorkflow,RejectandResubmitImportToDraftWebContent,,,,true,,true,,Translations Management
LocalFile,TranslationsWorkflow,RejectTranslationsForDraftAndApprovedWC,,,,true,,true,,Translations Management
LocalFile,TranslationsWorkflow,ResubmitRejectedEntries,,,,true,,true,,Translations Management
LocalFile,TranslationsWorkflow,UpdateSameTranslationAsAnotherUser,,,,true,,true,,Translations Management
LocalFile,TranslationsWorkflow,ViewUpdatedWCSubmissionAfterApprovedTranslation,,,,true,,true,,Translations Management
LocalFile,Translations,DeleteDraftTranslation,,,,true,,true,,Translations Management
LocalFile,Translations,DeletePendingTranslation,,,,true,,true,,Translations Management
LocalFile,Translations,DeleteTranslation,,,,true,,true,,Translations Management
LocalFile,Translations,EditTranslation,,,,true,,true,,Translations Management
LocalFile,Translations,EditTranslationToNewLanguage,,,,true,,true,,Translations Management
LocalFile,Translations,EditWCAfterSideBySideTranslation,,,,true,,true,,Translations Management
LocalFile,Translations,ExportWCWithAllLanguages,,,,true,,true,,Translations Management
LocalFile,Translations,ExportWebContent,,true,,true,,true,,Translations Management
LocalFile,Translations,ImportExportedXLIFF,,,,true,,true,,Translations Management
LocalFile,Translations,ImportWebContent,,true,,true,,true,,Translations Management
LocalFile,Translations,ImportWebContentWithUTF8,,,,true,,true,,Translations Management
LocalFile,Translations,ImportWebContentWithXliffFile,,true,,true,,true,,Translations Management
LocalFile,Translations,TranslateCustomizedWC,,,,true,,true,,Translations Management
LocalFile,Translations,TranslateWCAfterEditingStructure,,,,true,,true,,Translations Management
LocalFile,Translations,TranslateWCToUnavailableLanguage,,,,true,,true,,Translations Management
LocalFile,Translations,TranslateWCWithoutLanguagesPermissions,,,,true,,true,,Translations Management
LocalFile,Translations,TranslateWCWithSpecificLanguagesPermissions,,,,true,,true,,Translations Management
LocalFile,Translations,TranslateWebContent,,true,,true,,true,,Translations Management
LocalFile,Translations,ViewEntryModifiedDate,,,,true,,true,,Translations Management
LocalFile,Translations,ViewOptionsWithAllLanguages,,,,true,,true,,Translations Management
LocalFile,Translations,ViewOptionsWithOneMoreLanguage,,,,true,,true,,Translations Management
LocalFile,Translations,ViewTranslateAfterWebContentDeleted,,,,true,,true,,Translations Management
LocalFile,Translations,ViewTranslatedFieldContentAfterEditing,,,,true,,true,,Translations Management
LocalFile,AppBuilderWorkflow,AssignEntryThroughTableView,,true,,true,,true,"App Builder,Workflow",App Builder
LocalFile,AppBuilderWorkflow,AssignEntryToAnotherUser,,,,true,,true,"App Builder,Workflow",App Builder
LocalFile,AppBuilderWorkflow,CancelCreationOfFormViewAndSelectSecondFormView,,,,true,,true,"App Builder,Workflow",App Builder
LocalFile,AppBuilderWorkflow,CancelCreationOfObjectAndForm,,,,true,,true,"App Builder,Workflow",App Builder
LocalFile,AppBuilderWorkflow,CancelCreationOfTableView,,,,true,,true,"App Builder,Workflow",App Builder
LocalFile,AppBuilderWorkflow,CheckActivityWorkflowApp,,,,true,,true,"App Builder,Workflow",App Builder
LocalFile,AppBuilderWorkflow,CheckActivityWorkflowAppWithSteps,,true,,true,,true,"App Builder,Workflow",App Builder
LocalFile,AppBuilderWorkflow,CreateBasicWorkflowApp,,true,,true,,true,"App Builder,Workflow",App Builder
LocalFile,AppBuilderWorkflow,CreateBasicWorkflowAppWithDifferentDeployments,,,,true,,true,"App Builder,Workflow",App Builder
LocalFile,AppBuilderWorkflow,CreateFormViewThroughWorkflowAppBuilder,,true,,true,,true,"App Builder,Workflow",App Builder
LocalFile,AppBuilderWorkflow,CreateNewStepSecondaryActionAndAssignee,,true,,true,,true,"App Builder,Workflow",App Builder
LocalFile,AppBuilderWorkflow,CreateObjectAndForm,,true,,true,,true,"App Builder,Workflow",App Builder
LocalFile,AppBuilderWorkflow,CreateStandardApp,,true,,true,,true,"App Builder,Workflow",App Builder
LocalFile,AppBuilderWorkflow,CreateTableViewThroughWorkflowAppBuilder,,true,,true,,true,"App Builder,Workflow",App Builder
LocalFile,AppBuilderWorkflow,DefineFormViewExceptions,,,,true,,true,"App Builder,Workflow",App Builder
LocalFile,AppBuilderWorkflow,DeleteStep,,true,,true,,true,"App Builder,Workflow",App Builder
LocalFile,AppBuilderWorkflow,DeleteStepWhileRunning,,,,true,,true,"App Builder,Workflow",App Builder
LocalFile,AppBuilderWorkflow,EditFormAndTableView,,true,,true,,true,"App Builder,Workflow",App Builder
LocalFile,AppBuilderWorkflow,FilterAndOrderStandardApps,,true,,true,,true,"App Builder,Workflow",App Builder
LocalFile,AppBuilderWorkflow,GoToWorkflowPageThroughStandardAppSetup,,true,,true,,true,"App Builder,Workflow",App Builder
LocalFile,AppBuilderWorkflow,OpenFormViewOnNewStep,,,,true,,true,"App Builder,Workflow",App Builder
LocalFile,AppBuilderWorkflow,RefreshWorkflowTable,,,,true,,true,"App Builder,Workflow",App Builder
LocalFile,AppBuilderWorkflow,StandardAppWithWorkflow,,true,,true,,true,"App Builder,Workflow",App Builder
LocalFile,AppBuilderWorkflow,StandardAppWithWorkflowAlternativeScenarios,,,,true,,true,"App Builder,Workflow",App Builder
LocalFile,AppBuilderWorkflow,ValidateFormViewModes,,true,,true,,true,"App Builder,Workflow",App Builder
LocalFile,AppBuilderWorkflow,ValidateFormViewsOnSteps,,,,true,,true,"App Builder,Workflow",App Builder
LocalFile,AppBuilderWorkflow,ValidateListOfStandardApps,,true,,true,,true,"App Builder,Workflow",App Builder
LocalFile,AppBuilderWorkflow,ValidateMultipleRunningVersions,,quarantine,,true,,quarantine,"App Builder,Workflow",App Builder
LocalFile,AppBuilderWorkflow,ValidateNotAffectedAppVersionsActions,,,,true,,true,"App Builder,Workflow",App Builder
LocalFile,AppBuilderWorkflow,ValidateStepsWhileRunningApp,,,,true,,true,"App Builder,Workflow",App Builder
LocalFile,AppBuilderWorkflow,ViewWorkflowAppThroughNotifications,true,true,,true,,true,"App Builder,Workflow",App Builder
LocalFile,AppBuilderWorkflow,ViewWorkflowAppThroughNotifications_SiteMenuAndOtherUser,true,,,true,,true,"App Builder,Workflow",App Builder
LocalFile,AppBuilderWorkflow,WarningDuringStartStep,,,,true,,quarantine,"App Builder,Workflow",App Builder
LocalFile,AppBuilderWorkflow,WorkflowAppStepsSharingSameObjectsField,,true,,true,,true,"App Builder,Workflow",App Builder
LocalFile,OneDriveUpgrade,ViewOneDriveDocumentsArchive72101,,,,false,,quarantine,Documents Management,Upgrades Collaboration
LocalFile,OneDrive,AddExcelSheet,,,,true,,true,OneDrive,Online Editing
LocalFile,OneDrive,AddOneDriveEntryWithDuplicateFileName,,,,true,,true,OneDrive,Online Editing
LocalFile,OneDrive,AddOneDriveEntryWithDuplicateTitle,,,,true,,true,OneDrive,Online Editing
LocalFile,OneDrive,AddPowerPointPresentation,,,,true,,true,OneDrive,Online Editing
LocalFile,OneDrive,AddWordDocument,,,,true,,true,OneDrive,Online Editing
LocalFile,OneDrive,AutoCheckinDocumentAfterLockExpiration,,,,true,,true,OneDrive,Online Editing
LocalFile,OneDrive,AutoTagWordDocument,,,,true,,true,OneDrive,Online Editing
LocalFile,OneDrive,CancelCheckoutOnExcelSheet,,,,true,,true,OneDrive,Online Editing
LocalFile,OneDrive,CancelCheckoutOnWordDocument,,,,true,,true,OneDrive,Online Editing
LocalFile,OneDrive,DeleteExcelSheet,,,,true,,true,OneDrive,Online Editing
LocalFile,OneDrive,DeletePowerPointPresentation,,,,true,,true,OneDrive,Online Editing
LocalFile,OneDrive,DeleteWordDocument,,,,true,,true,OneDrive,Online Editing
LocalFile,OneDrive,EditExcelSheet,,,,true,,true,OneDrive,Online Editing
LocalFile,OneDrive,EditPowerPointPresentation,,,,true,,true,OneDrive,Online Editing
LocalFile,OneDrive,EditWordDocument,,,,true,,true,OneDrive,Online Editing
LocalFile,ReportsUsecase,AddDefinitionNoTemplate,,true,,false,,true,,Reports
LocalFile,ReportsUsecase,DownloadReportPG,,true,,false,,true,,Reports
LocalFile,ReportsUsecase,ViewDefinitionsPagination,,true,,false,,true,,Reports
LocalFile,ReportsUsecase,ViewReportEmailNewConfiguration,,true,,false,,true,,Reports
LocalFile,ReportsUsecase,ViewReportPG,,true,,false,,true,,Reports
LocalFile,CPReportsadmin,AddReportInvalidEmail,,true,,false,,true,,Reports
LocalFile,CPReportsadmin,AddSchedule,,true,,false,,true,,Reports
LocalFile,CPReportsadmin,ChangeReportName,,true,,false,,true,,Reports
LocalFile,CPReportsadmin,CheckFilterAndOrderOption,,true,,false,,true,,Reports
LocalFile,CPReportsadmin,DeleteReportFile,,true,,false,,true,,Reports
LocalFile,CPReportsadmin,DeliverReportToEmail,,true,,false,,true,,Reports
LocalFile,CPReportsadmin,DownloadReportCSV,,true,,false,,true,,Reports
LocalFile,CPReportsadmin,DownloadReportHTML,,true,,false,,true,,Reports
LocalFile,CPReportsadmin,DownloadReportPDF,,true,,false,,true,,Reports
LocalFile,CPReportsadmin,DownloadReportRTF,,true,,false,,true,,Reports
LocalFile,CPReportsadmin,DownloadReportTXT,,true,,false,,true,,Reports
LocalFile,CPReportsadmin,DownloadReportXLS,,true,,false,,true,,Reports
LocalFile,CPReportsadmin,DownloadReportXML,,true,,false,,true,,Reports
LocalFile,CPReportsadmin,TestDatabaseConnection,true,true,,false,,true,,Reports
LocalFile,CPReportsadmin,ViewEmailNotificationDelivery,,true,,false,,true,,Reports
LocalFile,CPReportsadmin,ViewEmailRecipientDelivery,,true,,false,,true,,Reports
LocalFile,CPReportsadmin,ViewReportDefinitionParametersFields,,true,,false,,true,,Reports
LocalFile,DroolsUpgrade,ViewDroolsInAppManagerAfterUpgrade625,,true,,false,,true,,Upgrades Rules
LocalFile,DroolsUpgrade,ViewDroolsInAppManagerAfterUpgrade704,,true,,false,,true,,Upgrades Rules
LocalFile,DroolsUpgrade,ViewDroolsInAppManagerAfterUpgrade713,,true,,false,,true,,Upgrades Rules
LocalFile,DroolsUpgrade,ViewDroolsInAppManagerAfterUpgrade7110,,true,,false,,true,,Upgrades Rules
LocalFile,DroolsUpgrade,ViewDroolsInAppManagerAfterUpgrade70106,,true,,false,,true,,Upgrades Rules
LocalFile,DroolsUpgrade,ViewDroolsInAppManagerAfterUpgrade621015,,true,,false,,true,,Upgrades Rules
LocalFile,DroolsUpgrade,ViewDroolsInAppManagerAfterUpgrade621021,,true,,false,,true,,Upgrades Rules
LocalFile,Drools,ViewWebContentInSampleDrools,,true,,false,,true,,Rules
LocalFile,KaleoDesignerEditSingleApprover,DeleteTaskNode,,,,true,,true,,Kaleo Designer
LocalFile,KaleoDesignerEditSingleApprover,ViewInvalidSourceXMLNotRemainsAfterTabSwitch,,,,true,,true,,Kaleo Designer
LocalFile,KaleoDesignerEditSingleApprover,ViewNodeNotificationRecipientPersistsAfterSwitchingTabs,,,,true,,true,,Kaleo Designer
LocalFile,KaleoDesignerEditSingleApprover,ViewUserNotificationOption,,,,true,,true,,Kaleo Designer
LocalFile,Kaleodesigner,AddConditionNodeEditNameAndDesciptionAndDeleteViaViewTab,,,,true,,true,,Kaleo Designer
LocalFile,Kaleodesigner,AddEndNodeEditNameAndDesciptionAndDeleteViaViewTab,,,,true,,true,,Kaleo Designer
LocalFile,Kaleodesigner,AddForkNodeEditNameAndDesciptionAndDeleteViaViewTab,,,,true,,true,,Kaleo Designer
LocalFile,Kaleodesigner,AddJoinNodeEditNameAndDesciptionAndDeleteViaViewTab,,,,true,,true,,Kaleo Designer
LocalFile,Kaleodesigner,AddJoinXORNodeEditNameAndDesciptionAndDeleteViaViewTab,,,,true,,true,,Kaleo Designer
LocalFile,Kaleodesigner,AddJoinXORWorkflowDefinitionViaViewTab,,true,,true,,true,Training,Kaleo Designer
LocalFile,Kaleodesigner,AddNewWorkflowDefinitionViaViewTab,,,,true,,true,,Kaleo Designer
LocalFile,Kaleodesigner,AddStartNodeEditNameAndDesciptionAndDeleteViaViewTab,,,,true,,true,,Kaleo Designer
LocalFile,Kaleodesigner,AddStateNodeEditNameAndDesciptionAndDeleteViaViewTab,,,,true,,true,,Kaleo Designer
LocalFile,Kaleodesigner,AddTaskNodeEditNameAndDesciptionAndNotificationsAndDeleteViaViewTab,,true,,true,,true,Training,Kaleo Designer
LocalFile,Kaleodesigner,AddTaskNodeViaSourceTabAndEditNameAndDesciptionAndDeleteViaViewTab,,,,true,,true,,Kaleo Designer
LocalFile,Kaleodesigner,ConfigureTaskTimersViaSourceTab,,,,true,,true,,Kaleo Designer
LocalFile,Kaleodesigner,ConfigureTaskTimersViaViewTab,,,,true,,true,,Kaleo Designer
LocalFile,Kaleodesigner,DeleteConnectors,,,,true,,true,Training,Kaleo Designer
LocalFile,Kaleodesigner,DeleteWorkflowDefinitionDraft,,,,true,,true,,Kaleo Designer
LocalFile,Kaleodesigner,EditAssignmentsForTaskNodeKDCP,,true,,true,,true,Training,Kaleo Designer
LocalFile,Kaleodesigner,PublishDefaultWorkflowDefinition,,,,true,,true,,Kaleo Designer
LocalFile,Kaleodesigner,PublishFromSourceTabAndViewNameChange,,,,true,,true,,Kaleo Designer
LocalFile,Kaleodesigner,PublishWorkflowDefinitionWithConnectorPointingToStartNodeAndViewErrorMessage,,true,,true,,true,,Kaleo Designer
LocalFile,Kaleodesigner,PublishWorkflowDefinitionWithInvalidConditionNodeAndViewErrorMessage,,,,true,,quarantine,,Kaleo Designer
LocalFile,Kaleodesigner,PublishWorkflowDefinitionWithInvalidConditionNodeSettingsAndViewErrorMessage,,,,true,,quarantine,,Kaleo Designer
LocalFile,Kaleodesigner,PublishWorkflowDefinitionWithInvalidForkNodeAndViewErrorMessage,,,,true,,true,,Kaleo Designer
LocalFile,Kaleodesigner,PublishWorkflowDefinitionWithInvalidJoinNodeAndViewErrorMessage,,,,true,,true,,Kaleo Designer
LocalFile,Kaleodesigner,PublishWorkflowDefinitionWithInvalidJoinXORNodeAndViewErrorMessage,,,,true,,true,,Kaleo Designer
LocalFile,Kaleodesigner,PublishWorkflowDefinitionWithMultipleStartNodesAndViewErrorMessage,,,,true,,true,,Kaleo Designer
LocalFile,Kaleodesigner,PublishWorkflowDefinitionWithNoConnectorsAndViewErrorMessage,,true,,true,,true,,Kaleo Designer
LocalFile,Kaleodesigner,PublishWorkflowDefinitionWithNoEndNodeAndViewErrorMessage,,true,,true,,true,,Kaleo Designer
LocalFile,Kaleodesigner,PublishWorkflowDefinitionWithNoStartNodeAndViewErrorMessage,,true,,true,,true,,Kaleo Designer
LocalFile,Kaleodesigner,SaveInvalidWorkflowDefinitionAsDraft,,,,true,,true,,Kaleo Designer
LocalFile,Kaleodesigner,UndoDraftDefinition,,,,true,,true,,Kaleo Designer
LocalFile,Kaleodesigner,ViewAndPublishWorkflowDefinitionDraft,,,,true,,true,,Kaleo Designer
LocalFile,Kaleodesigner,ViewSourceXMLNotErasedWhenInvalid,,true,,true,,true,,Kaleo Designer
LocalFile,Kaleodesigner,ViewWorkflowDefinitionButtons,,,,true,,true,,Kaleo Designer
LocalFile,Kaleodesigner,ViewWorkflowDefinitionButtonsViaKaleoFormsAdmin,,,,true,,true,,Kaleo Designer
LocalFile,KaleoFormsXSS,AddProcess,,,,true,,true,,Kaleo Forms Admin
LocalFile,KaleoFormsEditSingleApprover,CompleteProcessAndViewEmailNotifications,,,,true,,quarantine,,Kaleo Forms Admin
LocalFile,KaleoFormsEditSingleApprover,ViewApprovedProcessNotificationWithComments,,,,true,,true,,Kaleo Forms Admin
LocalFile,CPKaleoformsadmin,AddFieldSetWithDocumentsAndMediaField,,,,true,,true,,Kaleo Forms Admin
LocalFile,CPKaleoformsadmin,AddProcessWithNewFieldSetAndWorkflowViaSourceTab,,,,true,,true,,Kaleo Forms Admin
LocalFile,CPKaleoformsadmin,DeactivateAndActivateWorkflowDefinition,,true,,true,,true,,Kaleo Forms Admin
LocalFile,CPKaleoformsadmin,DeactivateAndDeleteWorkflowDefinition,,true,,true,,true,,Kaleo Forms Admin
LocalFile,CPKaleoformsadmin,DeleteCreateFormViaDDL,,,,true,,true,,Kaleo Forms Admin
LocalFile,CPKaleoformsadmin,DeleteCreateFormViaKaleoFormsAdmin,,,,true,,true,,Kaleo Forms Admin
LocalFile,CPKaleoformsadmin,DeleteEditFormViaKaleoFormsAdmin,,,,true,,true,,Kaleo Forms Admin
LocalFile,CPKaleoformsadmin,DeleteFieldSet,,,,true,,true,,Kaleo Forms Admin
LocalFile,CPKaleoformsadmin,DeleteForm,,,,true,,true,,Kaleo Forms Admin
LocalFile,CPKaleoformsadmin,DeleteProcess,,,,true,,true,,Kaleo Forms Admin
LocalFile,CPKaleoformsadmin,DeleteProcessRecords,,,,true,,true,,Kaleo Forms Admin
LocalFile,CPKaleoformsadmin,EditCreateTaskForm,,,,true,,true,,Kaleo Forms Admin
LocalFile,CPKaleoformsadmin,EditFieldSetViaAddProcess,,,,true,,true,,Kaleo Forms Admin
LocalFile,CPKaleoformsadmin,EditProcessFieldSetPaginationAndViewSelectedForm,,,,true,,true,,Kaleo Forms Admin
LocalFile,CPKaleoformsadmin,EditProcessForms,,,,true,,true,,Kaleo Forms Admin
LocalFile,CPKaleoformsadmin,EditProcessNewDetails,,,,true,,true,,Kaleo Forms Admin
LocalFile,CPKaleoformsadmin,EditProcessNewFieldSet,,,,true,,true,,Kaleo Forms Admin
LocalFile,CPKaleoformsadmin,EditProcessNewWorkflowViaSourceTab,,,,true,,true,,Kaleo Forms Admin
LocalFile,CPKaleoformsadmin,EditSingleApproverWorkflowViaSourceTabViaAddProcess,,,,true,,true,,Kaleo Forms Admin
LocalFile,CPKaleoformsadmin,EditSingleApproverWorkflowViaViewTabViaAddProcess,,,,true,,true,,Kaleo Forms Admin
LocalFile,CPKaleoformsadmin,EditUploadedWorkflowViaViewTabViaAddProcess,,,,true,,true,,Kaleo Forms Admin
LocalFile,CPKaleoformsadmin,ExportAllProcessRecordsCSV,,,,true,,true,,Kaleo Forms Admin
LocalFile,CPKaleoformsadmin,ExportAllProcessRecordsXML,,,,true,,true,,Kaleo Forms Admin
LocalFile,CPKaleoformsadmin,ExportApprovedProcessRecordsCSV,,,,true,,true,,Kaleo Forms Admin
LocalFile,CPKaleoformsadmin,ExportApprovedProcessRecordsXML,,,,true,,true,,Kaleo Forms Admin
LocalFile,CPKaleoformsadmin,SearchProcessRecords,,,,true,,true,,Kaleo Forms Admin
LocalFile,CPKaleoformsadmin,ViewCanAddFieldsAfterSaveAndContinue,,,,true,,true,,Kaleo Forms Admin
LocalFile,CPKaleoformsadmin,ViewErrorMessageUponSavingBlankFieldSet,,,,true,,true,,Kaleo Forms Admin
LocalFile,CPKaleoformsadmin,ViewFieldSetCreateHeaderTitle,,,,true,,true,,Kaleo Forms Admin
LocalFile,CPKaleoformsadmin,ViewFieldSetParentDefinitionIframeTitle,,,,true,,true,,Kaleo Forms Admin
LocalFile,CPKaleoformsadmin,ViewNoUnpublishedWorkflowMessage,,,,true,,true,,Kaleo Forms Admin
LocalFile,CPKaleoformsadmin,ViewProcessRecordDetails,,,,true,,true,,Kaleo Forms Admin
LocalFile,CPKaleoformsadmin,ViewSelectedFieldSetWithPagination,,,,true,,true,,Kaleo Forms Admin
LocalFile,CPKaleoformsadmin,ViewUnpublishedWorkflowDefinitionsMenulist,,,,true,,true,,Kaleo Forms Admin
LocalFile,KaleoformsUsecase,AssertCanEditPendingForm,,,,true,,true,,Kaleo Forms Admin
LocalFile,KaleoformsUsecase,AssertEditFormNotUsedAsCreateForm,,,,true,,true,,Kaleo Forms Admin
LocalFile,KaleoformsUsecase,AssertFieldValuesNotLostDuringReviewTask,,,,true,,true,,Kaleo Forms Admin
LocalFile,KaleoformsUsecase,AssertPendingFormPresentAfterDeletingDifferentProcessDefinition,,,,true,,true,,Kaleo Forms Admin
LocalFile,KaleoformsUsecase,AssignRolePermissionsAddProcessCP,,,,true,,true,,Kaleo Forms Admin
LocalFile,KaleoformsUsecase,AssignRolePermissionsApprovePG,,,,true,,true,,Kaleo Forms Admin
LocalFile,KaleoformsUsecase,AssignRolePermissionsCompleteFormPG,,,,true,,true,,Kaleo Forms Admin
LocalFile,KaleoformsUsecase,AssignRolePermissionsRejectPG,,,,true,,true,,Kaleo Forms Admin
LocalFile,KaleoformsUsecase,AssignRolePermissionsSubmitProcessPG,,,,true,,true,,Kaleo Forms Admin
LocalFile,KaleoformsUsecase,AssignRolePermissionsViewPG,,,,true,,true,,Kaleo Forms Admin
LocalFile,KaleoformsUsecase,CompleteFormWithMultipleAssignedProcessRecordsAndViewChanges,,,,true,,true,,Kaleo Forms Admin
LocalFile,KaleoformsUsecase,CompleteProcessAndAssertFieldOrder,,,,true,,quarantine,,Kaleo Forms Admin
LocalFile,KaleoformsUsecase,CompleteProcessAndViewNotifications,,,,true,,true,,Kaleo Forms Admin
LocalFile,KaleoformsUsecase,CompleteProcessSubmittedViaCP,,,,true,,true,,Kaleo Forms Admin
LocalFile,KaleoformsUsecase,CompleteProcessWithEditedSingleApproverWorkflow,,,,true,,true,,Kaleo Forms Admin
LocalFile,KaleoformsUsecase,CompleteProcessWithUploadedDefinition,,true,,true,,true,Training,Kaleo Forms Admin
LocalFile,KaleoformsUsecase,EditProcessCreateFormAfterFormSubmission,,,,true,,true,,Kaleo Forms Admin
LocalFile,KaleoformsUsecase,EditProcessEditFormAfterFormSubmission,,,,true,,true,,Kaleo Forms Admin
LocalFile,KaleoformsUsecase,EditProcessFieldSetAfterFormSubmission,,,,true,,true,,Kaleo Forms Admin
LocalFile,KaleoformsUsecase,EditProcessFieldSetBeforeFormSubmission,,,,true,,true,,Kaleo Forms Admin
LocalFile,KaleoformsUsecase,EditProcessNewDetailsAfterFormApproved,,,,true,,true,,Kaleo Forms Admin
LocalFile,KaleoformsUsecase,EditProcessNewDetailsAfterFormSubmission,,,,true,,true,,Kaleo Forms Admin
LocalFile,KaleoformsUsecase,EditProcessWorkflowAfterFormSubmission,,,,true,,true,,Kaleo Forms Admin
LocalFile,KaleoformsUsecase,EditProcessWorkflowBeforeFormSubmission,,,,true,,true,,Kaleo Forms Admin
LocalFile,KaleoformsUsecase,ProcessUsesCreateFormWhenEditFormIsMissing,,,,true,,true,,Kaleo Forms Admin
LocalFile,KaleoformsUsecase,ProcessUsesCreateFormWhenNoEditFormIsDefined,,,,true,,true,,Kaleo Forms Admin
LocalFile,KaleoformsUsecase,ProcessUsesEditForm,,,,true,,true,,Kaleo Forms Admin
LocalFile,KaleoformsUsecase,RejectAndResubmitProcess,,,,true,,true,,Kaleo Forms Admin
LocalFile,KaleoformsUsecase,RejectAndResubmitProcessAndViewNotifications,,,,true,,true,,Kaleo Forms Admin
LocalFile,KaleoformsUsecase,UpdateDueDate,,,,true,,true,,Kaleo Forms Admin
LocalFile,KaleoformsUsecase,ViewApprovedProcessRecords,,,,true,,true,,Kaleo Forms Admin
LocalFile,KaleoformsUsecase,ViewApprovedProcessRecordsSeparateAuthor,,,,true,,true,,Kaleo Forms Admin
LocalFile,KaleoformsUsecase,ViewAssignedProcessRecords,,,,true,,true,,Kaleo Forms Admin
LocalFile,KaleoformsUsecase,ViewKaleoProcessNameOpenedViaNotifications,,,,true,,true,,Kaleo Forms Admin
LocalFile,KaleoformsUsecase,ViewMultipleProcessRecords,,,,true,,true,,Kaleo Forms Admin
LocalFile,KaleoformsUsecase,ViewNoDuplicatesCreatedByAddFormSaveAndContinue,,,,true,,true,,Kaleo Forms Admin
LocalFile,KaleoformsUsecase,ViewProcessWithComments,,,,true,,true,,Kaleo Forms Admin
LocalFile,KaleoformsUsecase,ViewRejectedProcessRecords,,,,true,,true,,Kaleo Forms Admin
LocalFile,KaleoformsUsecase,ViewSubmittedProcessRecords,,,,true,,true,,Kaleo Forms Admin
LocalFile,KaleoformsUsecase,ViewWorkflowComments,,,,true,,true,,Kaleo Forms Admin
LocalFile,KaleoformsUsecase,WithdrawProcess,,,,true,,true,,Kaleo Forms Admin
LocalFile,WorkflowMetrics,AddSLAForTotalProcessResolution,,true,,true,,true,,Workflow
LocalFile,WorkflowMetrics,AddSLAtoSingleApprover,,true,,true,,true,,Workflow
LocalFile,WorkflowMetrics,ApplyFilterForPerformanceOfAllAssignees,,true,,true,,true,,Workflow
LocalFile,WorkflowMetrics,ApplyFilterForWorkloadDistribution,,,,true,,quarantine,,Workflow
LocalFile,WorkflowMetrics,ApplyPaginationOnBulkReassign,,true,,true,,true,,Workflow
LocalFile,WorkflowMetrics,ApplySearchesForAllAssignees,,true,,true,,true,,Workflow
LocalFile,WorkflowMetrics,BulkReassignWorkflowInstances,,true,,true,,true,,Workflow
LocalFile,WorkflowMetrics,BulkReassignWorkflowInstancesExceptions,,,,true,,true,,Workflow
LocalFile,WorkflowMetrics,BulkTransitionWorkflowTasks,,true,,true,,true,,Workflow
LocalFile,WorkflowMetrics,BulkUpdateDueDate,,true,,true,,true,,Workflow
LocalFile,WorkflowMetrics,BulkUpdateDueDateInvalidDateTime,,,,true,,true,,Workflow
LocalFile,WorkflowMetrics,BulkUpdateDueDateUnassignedUser,,,,true,,true,,Workflow
LocalFile,WorkflowMetrics,ChangePerformanceByStepOrder,,true,,true,,true,,Workflow
LocalFile,WorkflowMetrics,DefaultWorkflowMetricsFilterValues,,true,,true,,true,,Workflow
LocalFile,WorkflowMetrics,FilterAllItemsList,,true,,true,,true,,Workflow
LocalFile,WorkflowMetrics,FilterAllItemsListByAssigneeName,,,,true,,true,,Workflow
LocalFile,WorkflowMetrics,MetricsAvailableForDXP,,true,,true,,true,,Workflow
LocalFile,WorkflowMetrics,ReassignWorkflowInstance,,true,,true,,true,,Workflow
LocalFile,WorkflowMetrics,SearchAndFilterOnPerformanceByStepPage,,,,true,,true,,Workflow
LocalFile,WorkflowMetrics,SearchPerformanceOfAllAssignees,,,,true,,true,,Workflow
LocalFile,WorkflowMetrics,SeeListOfReports,,,,true,,true,,Workflow
LocalFile,WorkflowMetrics,SingleTaskWorkflowTransition,,true,,true,,true,,Workflow
LocalFile,WorkflowMetrics,UpdateandDeleteSLA,,true,,true,,true,,Workflow
LocalFile,WorkflowMetrics,UpdateDueDate,,true,,true,,true,,Workflow
LocalFile,WorkflowMetrics,ValidateWorkflowProcessListOnMetrics,,true,,true,,true,,Workflow
LocalFile,WorkflowMetrics,VerifyAllItemsFilterFromMetrics,,true,,true,,true,,Workflow
LocalFile,WorkflowMetrics,VerifyCustomRangeDateInput,,true,,true,,true,,Workflow
LocalFile,WorkflowMetrics,VerifyFilterTopStepPerformance,,,,true,,true,,Workflow
LocalFile,WorkflowMetrics,VerifyMetricsIndexesInControlPanel,,true,,true,,true,,Workflow
LocalFile,WorkflowMetrics,VerifySLACustomCalendar,,true,,true,,true,,Workflow
LocalFile,WorkflowMetrics,VerifySLATimeFrameStartPauseStop,,true,,true,,true,,Workflow
LocalFile,WorkflowMetrics,ViewCompletedItems,,true,,true,,true,,Workflow
LocalFile,WorkflowMetrics,ViewPendingItems,,true,,true,,true,,Workflow
LocalFile,WorkflowMetrics,ViewPerformanceByAssigneePage,,true,,true,,true,,Workflow
LocalFile,WorkflowMetrics,ViewProcessItemDetailPage,,,,true,,true,,Workflow
LocalFile,WorkflowMetrics,ViewReports,,,,true,,true,,Workflow
LocalFile,WorkflowMetrics,ViewSLABreachesOfTopSteps,,true,,true,,true,,Workflow
LocalFile,WorkflowMetrics,ViewTopAsigneePerformance,,true,,true,,true,,Workflow
LocalFile,WorkflowMetrics,ViewWorkloadByAssigneeCard,,true,,true,,true,,Workflow
LocalFile,WorkflowMetrics,ViewWorkloadByAssigneePage,,true,,true,,true,,Workflow
LocalFile,WorkflowMetrics,WorkflowMetricsReindex,,true,,true,,true,,Workflow